ym,variety_std,qty_t,amount_won,n_rows,price_kg
2011-01,가을,2661.5,2059344448.5,303,773.7
2011-01,고랭지,10633.8,10180458361.2,252,957.4
2011-01,기타,14135.8,10765174691.0,3699,761.6
2011-01,기타부산물,201.8,133887246.4,517,663.5
2011-01,봄,2238.9,1794701505.7,395,801.6
2011-01,수입,2.1,1248000.0,1,600.0
2011-01,쌈,2220.8,3090805038.5,3316,1391.8
2011-01,여름,108.9,80266358.0,58,737.4
2011-01,월동,10725.6,8314786545.8,1231,775.2
2011-01,저장,752.4,604452356.4,274,803.4
2011-02,가을,1957.6,1180658505.2,137,603.1
2011-02,고랭지,13368.2,8600066626.0,165,643.3
2011-02,기타,11845.4,7006905290.0,2734,591.5
2011-02,기타부산물,167.5,92379841.2,442,551.4
2011-02,봄,2564.9,1402079791.0,392,546.6
2011-02,수입,7.5,3284532.0,2,435.5
2011-02,쌈,2086.9,2139424614.1,2684,1025.2
2011-02,여름,71.0,39053799.6,63,550.2
2011-02,월동,10312.2,6198281107.9,986,601.1
2011-02,저장,975.1,538476907.6,230,552.2
2011-03,가을,2077.2,1166139650.4,151,561.4
2011-03,고랭지,11572.4,8057179954.0,180,696.2
2011-03,기타,17331.9,23727043730.4,3400,1369.0
2011-03,기타부산물,266.1,137204380.7,566,515.6
2011-03,봄,2710.4,1478952974.2,416,545.7
2011-03,수입,355.3,797065200.0,15,2243.5
2011-03,쌈,3200.8,3115399554.0,3295,973.3
2011-03,여름,80.5,42793704.6,63,531.5
2011-03,월동,13744.6,8453658014.4,1410,615.1
2011-03,저장,9891.6,5884338677.1,497,594.9
2011-04,가을,701.2,235814802.0,86,336.3
2011-04,고랭지,12.0,1150980.0,9,95.9
2011-04,기타,22179.9,7943266070.1,4158,358.1
2011-04,기타부산물,182.4,45561545.4,419,249.8
2011-04,봄,14372.8,3322905497.3,1275,231.2
2011-04,수입,163.0,325422500.0,10,1996.5
2011-04,쌈,4451.3,2681078816.1,3745,602.3
2011-04,여름,98.4,40502877.2,73,411.4
2011-04,월동,7606.2,3218435148.8,981,423.1
2011-04,저장,28135.2,11932590603.0,952,424.1
2011-05,가을,784.4,109886111.4,107,140.1
2011-05,고랭지,12.2,1595240.0,5,130.8
2011-05,기타,27272.2,4116011937.1,4075,150.9
2011-05,기타부산물,157.1,22175668.5,223,141.1
2011-05,봄,47528.7,112048653901.9,2971,2357.5
2011-05,쌈,4121.0,1702517248.5,3368,413.1
2011-05,여름,224.2,59190191.0,98,264.0
2011-05,월동,3757.7,516640065.1,609,137.5
2011-05,저장,5064.1,1150315285.9,393,227.2
2011-06,가을,576.0,87067921.0,68,151.2
2011-06,고랭지,300.1,102000004480.0,2,339927.5
2011-06,기타,31542.5,16621689216.9,3549,527.0
2011-06,기타부산물,158.5,21831661.0,197,137.7
2011-06,봄,58734.4,9290610626.7,3149,158.2
2011-06,쌈,3290.1,1326122040.7,2841,403.1
2011-06,여름,1217.5,200937410.0,147,165.0
2011-06,월동,3311.4,883882811.0,453,266.9
2011-06,저장,1500.6,252237350.0,216,168.1
2011-07,가을,19407.8,7824563808.8,429,403.2
2011-07,고랭지,4459.2,23542707568.0,402,5279.5
2011-07,기타,23503.5,7273643690.9,3056,309.5
2011-07,기타부산물,104.4,25760044.2,177,246.6
2011-07,봄,5236.2,1506456735.2,731,287.7
2011-07,쌈,3232.7,2281519283.6,2437,705.8
2011-07,여름,13725.7,4445328579.5,1129,323.9
2011-07,월동,2437.9,724588151.0,395,297.2
2011-07,저장,959.7,338915858.4,148,353.1
2011-08,가을,510.1,379430378.0,50,743.9
2011-08,고랭지,12365.2,9135832626.5,988,738.9
2011-08,기타,24294.9,15226312675.0,3016,626.7
2011-08,기타부산물,144.5,60552516.7,209,418.9
2011-08,봄,4059.7,2678079694.2,649,659.7
2011-08,쌈,3041.2,3377487573.7,2330,1110.6
2011-08,여름,38734.1,27068073503.2,1320,698.8
2011-08,월동,3166.2,1767653762.9,496,558.3
2011-08,저장,1072.8,805816110.4,156,751.2
2011-09,가을,1091.6,671333519.9,146,615.0
2011-09,고랭지,18192.6,288544900634.2,1103,15860.6
2011-09,기타,31727.1,15247719949.6,3621,480.6
2011-09,기타부산물,160.8,54376506.0,229,338.2
2011-09,봄,5526.9,2613816543.5,641,472.9
2011-09,쌈,3702.3,3203431343.5,2364,865.3
2011-09,여름,51506.7,25728146442.3,1341,499.5
2011-09,월동,4502.9,1990721183.8,604,442.1
2011-09,저장,1672.4,948279142.4,179,567.0
2011-10,가을,7042.4,5216504864.9,1021,740.7
2011-10,고랭지,6297.0,65050342216.8,842,10330.4
2011-10,기타,22170.6,6702925452.8,4907,302.3
2011-10,기타부산물,134.7,44326174.6,313,329.0
2011-10,봄,3403.4,1112944219.8,777,327.0
2011-10,쌈,3009.3,1839183462.9,3273,611.2
2011-10,여름,5194.1,1680498859.4,689,323.5
2011-10,월동,22248.6,7299685200.4,1336,328.1
2011-10,저장,998.4,355863771.4,288,356.4
2011-11,가을,22987.7,15614686527.1,3378,679.3
2011-11,고랭지,1111.0,4002306811.0,153,3602.3
2011-11,기타,25577.6,5804444889.0,6165,226.9
2011-11,기타부산물,175.6,32598070.5,322,185.6
2011-11,봄,3997.8,1695549302.0,1127,424.1
2011-11,쌈,1796.7,917984338.5,3251,510.9
2011-11,여름,230.3,72784679.9,223,316.0
2011-11,월동,23366.8,4703653093.1,1804,201.3
2011-11,저장,1282.1,233603387.0,341,182.2
2011-11,절임,67.2,125548848.4,60,1869.1
2011-12,가을,21388.1,5439473480.4,2077,254.3
2011-12,고랭지,34.5,8157642.0,14,236.6
2011-12,기타,13607.0,9630883426.3,4166,707.8
2011-12,기타부산물,254.0,66828586.0,465,263.1
2011-12,봄,2024.9,479403551.1,620,236.8
2011-12,쌈,1273.3,694079177.6,3008,545.1
2011-12,여름,102.4,30091927.4,118,293.8
2011-12,월동,10380.8,1946029838.1,777,187.5
2011-12,저장,623.7,102578428.7,140,164.5
2011-12,절임,14.1,22472454.5,21,1590.4
2012-01,가을,1438.7,290179156.4,332,201.7
2012-01,고랭지,5966.9,1172945388.0,169,196.6
2012-01,기타,5731.7,1300878044.2,2598,227.0
2012-01,기타부산물,100.2,47635090.1,465,475.5
2012-01,봄,915.3,185580086.3,269,202.7
2012-01,쌈,1426.8,802993205.9,2998,562.8
2012-01,여름,31.4,12626773.0,78,402.7
2012-01,월동,5797.6,1178778694.1,841,203.3
2012-01,저장,273.2,50467311.8,96,184.8
2012-01,절임,0.3,46909.1,4,180.4
2012-02,가을,717.8,209202790.2,96,291.4
2012-02,고랭지,6907.0,2142124494.0,195,310.1
2012-02,기타,6800.0,2950893092.6,3003,434.0
2012-02,기타부산물,97.8,41785719.6,549,427.1
2012-02,봄,865.1,256131012.9,337,296.1
2012-02,쌈,1525.3,1224855719.2,3106,803.0
2012-02,여름,40.2,33323641.0,55,828.6
2012-02,월동,5579.1,2168340614.4,1121,388.7
2012-02,저장,2253.2,654087091.4,280,290.3
2012-02,절임,0.3,3090.9,2,10.3
2012-03,가을,781.3,345550412.0,104,442.3
2012-03,고랭지,4119.3,2003116212.8,178,486.3
2012-03,기타,7650.1,3673405013.5,3190,480.2
2012-03,기타부산물,72.2,33113041.6,426,458.7
2012-03,봄,1166.6,2132612008.6,383,1828.1
2012-03,쌈,1466.4,1210683524.2,3098,825.6
2012-03,여름,15.0,12113094.5,55,810.2
2012-03,월동,5124.4,2494905632.3,1109,486.9
2012-03,저장,8252.2,3853049386.9,519,466.9
2012-03,절임,0.3,3409.1,1,11.4
2012-04,가을,176.3,104174054.6,58,590.9
2012-04,고랭지,33.6,21633860.0,27,643.7
2012-04,기타,6134.3,4207362004.9,2967,685.9
2012-04,기타부산물,78.8,30356773.0,398,385.3
2012-04,봄,4013.2,2834796315.5,793,706.4
2012-04,쌈,1588.5,1447332721.7,2805,911.1
2012-04,여름,31.6,33482550.0,63,1060.7
2012-04,월동,2182.9,1403515402.9,625,643.0
2012-04,저장,9200.5,5866678760.2,612,637.6
2012-04,절임,0.2,3818.2,2,15.3
2012-05,가을,293.3,110220247.4,95,375.8
2012-05,고랭지,15.4,5189120.0,14,337.8
2012-05,기타,10094.0,3691563273.1,3507,365.7
2012-05,기타부산물,95.7,32317138.6,329,337.8
2012-05,봄,19340.4,6867373303.4,2543,355.1
2012-05,쌈,1536.3,1174717161.2,2898,764.6
2012-05,여름,163.2,67161848.8,84,411.6
2012-05,월동,1356.5,435176694.7,467,320.8
2012-05,저장,1169.6,507103009.0,211,433.6
2012-06,가을,279.0,93434376.0,76,334.8
2012-06,기타,11930.8,3465465931.2,3287,290.5
2012-06,기타부산물,93.0,15565272.5,229,167.3
2012-06,봄,23344.7,6712262211.4,2832,287.5
2012-06,쌈,1304.8,824353504.8,2802,631.8
2012-06,여름,306.3,121234007.6,168,395.8
2012-06,월동,1096.5,232224536.8,373,211.8
2012-06,저장,526.6,164563411.8,105,312.5
2012-07,가을,321.3,157482381.2,66,490.1
2012-07,고랭지,2142.3,834325101.0,301,389.5
2012-07,기타,10631.8,4363989418.3,2996,410.5
2012-07,기타부산물,97.6,31863065.9,180,326.6
2012-07,봄,3319.9,1385268547.3,858,417.3
2012-07,쌈,1489.5,1034511578.7,2343,694.5
2012-07,여름,15715.0,5954753308.8,1407,378.9
2012-07,월동,996.8,302858489.7,369,303.8
2012-07,저장,523.1,231243886.4,76,442.0
2012-08,가을,519.2,242448658.4,93,467.0
2012-08,고랭지,18491.0,8801320578.2,1129,476.0
2012-08,기타,12200.6,5444482280.5,3054,446.2
2012-08,기타부산물,106.3,29786496.1,229,280.3
2012-08,봄,2000.6,3185251965.3,539,1592.1
2012-08,쌈,1686.1,1645905436.3,2573,976.2
2012-08,여름,6194.8,2496614027.3,903,403.0
2012-08,월동,1457.0,838098601.9,456,575.2
2012-08,저장,475.6,260703586.8,100,548.1
2012-09,가을,1038.8,596513376.4,144,574.2
2012-09,고랭지,19596.9,14552910530.7,1321,742.7
2012-09,기타,14793.7,10527256231.0,3570,711.6
2012-09,기타부산물,108.0,40741887.2,275,377.1
2012-09,봄,2657.4,3821365228.3,619,1438.0
2012-09,쌈,1994.4,2463240368.2,2816,1235.1
2012-09,여름,7820.0,4801689959.9,992,614.0
2012-09,월동,2159.2,1331372276.0,578,616.6
2012-09,저장,956.6,713095453.6,105,745.4
2012-10,가을,18120.7,10286837358.5,1412,567.7
2012-10,고랭지,5240.7,2967634024.8,884,566.4
2012-10,기타,13977.1,7785432618.3,4675,557.0
2012-10,기타부산물,48.7,21500180.6,288,441.7
2012-10,봄,2631.3,1430844915.3,764,543.8
2012-10,쌈,1713.6,1550487253.1,2955,904.8
2012-10,여름,740.4,446573864.9,488,603.2
2012-10,월동,1630.9,773638601.4,602,474.4
2012-10,저장,615.0,363723985.2,113,591.4
2012-10,절임,0.9,934000.0,2,1061.4
2012-11,가을,35601.4,18100937581.1,4058,508.4
2012-11,고랭지,579.1,291786301.5,128,503.9
2012-11,기타,23348.9,11976115991.2,7075,512.9
2012-11,기타부산물,203.2,97997191.3,468,482.3
2012-11,봄,4173.0,2217281739.2,1127,531.3
2012-11,쌈,1903.7,1703658227.1,3548,894.9
2012-11,여름,236.6,134129861.1,302,566.9
2012-11,월동,3383.4,1366097045.2,894,403.8
2012-11,저장,1196.0,520816618.2,247,435.4
2012-11,절임,352.4,935556046.7,85,2654.7
2012-12,가을,35674.7,22484683890.2,3083,630.3
2012-12,고랭지,1.1,321960.0,9,298.7
2012-12,기타,17373.8,11231582862.4,5697,646.5
2012-12,기타부산물,455.9,310446393.2,548,681.0
2012-12,봄,3058.3,1957155628.5,838,640.0
2012-12,쌈,1430.7,1535859316.8,3362,1073.5
2012-12,여름,57.3,45623751.5,100,795.7
2012-12,월동,4474.5,2444013073.4,732,546.2
2012-12,저장,994.3,510951430.2,232,513.9
2012-12,절임,105.2,277196209.3,48,2636.2
2013-01,가을,2312.6,1445280228.3,702,625.0
2013-01,고랭지,6.8,4078600.0,6,604.2
2013-01,기타,8849.5,262018182269.7,3840,29608.2
2013-01,기타부산물,118.5,63260316.5,584,533.8
2013-01,봄,1420.6,7011080486.0,405,4935.2
2013-01,쌈,1565.5,1698694815.1,3684,1085.1
2013-01,여름,62.7,53913530.0,107,859.4
2013-01,월동,13719.6,8806277510.8,1210,641.9
2013-01,저장,391.4,224458775.8,152,573.4
2013-01,절임,3.5,11444184.0,2,3298.0
2013-02,가을,944.6,607105821.6,236,642.7
2013-02,고랭지,0.0,5400.0,1,150.0
2013-02,기타,8294.9,5028325709.3,2963,606.2
2013-02,기타부산물,59.8,31150349.1,415,520.8
2013-02,봄,1218.4,1477114038.8,388,1212.4
2013-02,쌈,1278.3,1493091247.8,2748,1168.0
2013-02,여름,57.3,49865818.6,79,870.3
2013-02,월동,11466.7,7206778090.9,1137,628.5
2013-02,저장,1327.1,774314668.9,155,583.5
2013-03,가을,936.4,595676839.0,152,636.1
2013-03,고랭지,0.8,106900.0,7,137.2
2013-03,기타,10238.4,868181263623.5,3185,84796.6
2013-03,기타부산물,95.2,46458066.3,401,487.9
2013-03,봄,1657.1,6968191785.8,483,4205.1
2013-03,쌈,1134.5,1213647966.6,2722,1069.7
2013-03,여름,19.9,16764408.6,52,842.4
2013-03,월동,10999.7,6930242737.0,1292,630.1
2013-03,저장,5534.8,3275446706.7,344,591.8
2013-03,절임,0.2,528000.0,1,3300.0
2013-04,가을,496.0,257656231.2,145,519.4
2013-04,고랭지,10.0,7006810.0,4,698.2
2013-04,기타,10079.6,5944803481.3,3761,589.8
2013-04,기타부산물,87.6,42152712.1,333,480.9
2013-04,봄,7241.3,10284155006.2,1193,1420.2
2013-04,쌈,1503.7,1605617613.4,2648,1067.8
2013-04,여름,8.2,8551401.3,35,1048.6
2013-04,월동,4022.1,4994214748.3,747,1241.8
2013-04,저장,10211.5,6311966738.9,506,618.1
2013-05,가을,444.3,208287324.1,161,468.8
2013-05,고랭지,0.1,15600.0,1,300.0
2013-05,기타,10315.1,4727826495.1,4406,458.3
2013-05,기타부산물,77.6,24702684.8,282,318.3
2013-05,봄,20875.9,9607845465.9,2544,460.2
2013-05,쌈,1549.9,1266184231.8,2952,816.9
2013-05,여름,13.0,8923127.2,44,688.8
2013-05,월동,1600.6,638470372.6,484,398.9
2013-05,저장,1086.6,492440360.2,181,453.2
2013-05,절임,0.0,6818.2,1,681.8
2013-06,가을,399.9,146652133.4,103,366.7
2013-06,고랭지,97.1,36058528.0,26,371.4
2013-06,기타,12051.7,4139509396.3,3626,343.5
2013-06,기타부산물,62.6,22730146.6,220,362.9
2013-06,봄,23186.8,7876234534.5,2437,339.7
2013-06,쌈,1377.2,1016686166.6,2734,738.3
2013-06,여름,244.4,85069763.3,129,348.1
2013-06,월동,1759.9,516186789.1,422,293.3
2013-06,저장,534.1,178436173.0,113,334.1
2013-07,가을,485.4,186986294.8,89,385.2
2013-07,고랭지,1839.9,768809669.9,258,417.9
2013-07,기타,12928.4,4534161095.1,3325,350.7
2013-07,기타부산물,51.9,15997068.7,209,308.3
2013-07,봄,4783.7,1504070956.9,732,314.4
2013-07,쌈,1670.3,1199401665.0,2732,718.1
2013-07,여름,15580.6,5643333764.1,1381,362.2
2013-07,월동,1482.6,478961916.0,334,323.1
2013-07,저장,428.5,172820158.0,85,403.3
2013-08,가을,515.2,320752027.2,113,622.5
2013-08,고랭지,12565.6,10401051628.3,680,827.7
2013-08,기타,11631.1,7905779748.3,3015,679.8
2013-08,기타부산물,26.0,17369728.7,187,667.7
2013-08,봄,1821.7,1155859781.1,461,634.5
2013-08,쌈,1221.8,1500806924.2,2236,1228.4
2013-08,여름,7980.2,5037932025.1,969,631.4
2013-08,월동,1596.9,1019089084.5,404,638.2
2013-08,저장,401.3,280175785.8,73,698.2
2013-09,가을,716.7,533728279.9,142,744.7
2013-09,고랭지,18473.1,12243802225.2,1032,662.8
2013-09,기타,15741.2,10108290928.8,3838,642.2
2013-09,기타부산물,42.0,23916315.4,188,569.5
2013-09,봄,2411.3,1435958571.0,531,595.5
2013-09,쌈,1995.3,2130261371.0,2407,1067.7
2013-09,여름,9067.5,5634027574.1,1221,621.3
2013-09,월동,2980.5,1749016142.7,582,586.8
2013-09,저장,890.2,560107624.4,136,629.2
2013-10,가을,19166.9,5711733863.7,1852,298.0
2013-10,고랭지,5937.1,4070364879.0,822,685.6
2013-10,기타,17320.7,11698386660.0,5669,675.4
2013-10,기타부산물,71.5,20687936.7,321,289.2
2013-10,봄,2803.1,1572700897.8,750,561.1
2013-10,쌈,2315.9,1276726856.4,3355,551.3
2013-10,여름,2388.5,947176298.8,627,396.6
2013-10,월동,2504.7,644920857.0,641,257.5
2013-10,저장,749.4,230416851.6,177,307.5
2013-11,가을,40146.1,15399632744.4,4116,383.6
2013-11,고랭지,577.5,147195882.0,92,254.9
2013-11,기타,29302.1,11167552908.2,7383,381.1
2013-11,기타부산물,370.1,160094454.4,422,432.5
2013-11,봄,4467.5,2669024977.2,1049,597.4
2013-11,쌈,1433.8,817076633.9,3277,569.9
2013-11,여름,67.5,30759619.2,127,456.0
2013-11,월동,4231.9,1315126827.1,943,310.8
2013-11,저장,1371.7,468384839.0,336,341.5
2013-11,절임,1265.7,2591431009.4,253,2047.4
2013-12,가을,27389.8,10220605439.9,2089,373.2
2013-12,고랭지,48.5,20080723.0,11,413.7
2013-12,기타,14201.3,437580556593.1,4555,30813.7
2013-12,기타부산물,364.3,148776097.2,488,408.5
2013-12,봄,2520.2,3270531960.1,577,1297.7
2013-12,쌈,1470.7,1028762583.1,3549,699.5
2013-12,여름,48.2,22684214.7,105,471.0
2013-12,월동,4454.0,1349601199.5,788,303.0
2013-12,저장,792.3,222023478.6,261,280.2
2013-12,절임,260.4,493239366.7,121,1893.9
2014-01,가을,1985.4,5896354522.7,318,2969.8
2014-01,고랭지,0.0,21200.0,2,2650.0
2014-01,기타,6987.8,20572667327.6,2708,2944.1
2014-01,기타부산물,57.1,239115130.1,468,4185.2
2014-01,봄,1153.8,15058906949.0,293,13051.2
2014-01,쌈,1935.3,6730363444.7,3527,3477.7
2014-01,여름,24.3,124718665.0,104,5138.8
2014-01,월동,14596.6,21439309158.9,1134,1468.8
2014-01,저장,339.4,1109020356.0,127,3267.3
2014-01,절임,2.5,3060000.0,4,1200.0
2014-02,가을,498.7,1057906731.0,150,2121.4
2014-02,고랭지,2.7,8892068.0,9,3298.2
2014-02,기타,6662.5,16802345841.4,2394,2521.9
2014-02,기타부산물,54.1,184317719.3,426,3405.7
2014-02,봄,1051.3,6188239644.0,319,5886.5
2014-02,쌈,1454.0,5194906541.0,2700,3573.0
2014-02,여름,39.9,151840849.0,85,3808.1
2014-02,월동,13152.3,15310678185.0,1090,1164.1
2014-02,저장,1392.4,4011487615.0,142,2881.0
2014-02,절임,1.5,2427200.0,6,1629.0
2014-03,가을,661.6,1196012315.0,158,1807.8
2014-03,기타,8579.9,18779556761.0,2692,2188.8
2014-03,기타부산물,32.3,84692450.5,344,2624.0
2014-03,봄,1391.6,9968418124.0,395,7163.2
2014-03,쌈,1506.5,6450292360.5,2681,4281.6
2014-03,여름,35.8,122339420.0,65,3422.1
2014-03,월동,15164.3,11886592679.6,1163,783.9
2014-03,저장,3522.0,8939330382.0,257,2538.1
2014-03,절임,1.3,6248800.0,4,4959.4
2014-04,가을,821.1,1225648244.0,200,1492.7
2014-04,고랭지,2.9,6710700.0,18,2326.9
2014-04,기타,8653.0,14929096990.0,3041,1725.3
2014-04,기타부산물,51.3,120892830.2,344,2354.5
2014-04,봄,2775.3,4292222276.0,535,1546.6
2014-04,쌈,1831.9,7867534550.7,3012,4294.6
2014-04,여름,31.7,123507743.0,80,3891.0
2014-04,월동,5786.7,8176681644.0,656,1413.0
2014-04,저장,11794.7,11905001643.0,576,1009.4
2014-04,절임,16.6,432081000.0,4,26029.0
2014-05,가을,842.8,1273185416.0,214,1510.6
2014-05,고랭지,0.2,261200.0,6,1632.5
2014-05,기타,8845.0,27463714470.0,2888,3105.0
2014-05,기타부산물,62.4,143532601.1,270,2299.8
2014-05,봄,12323.0,12083153052.0,1429,980.5
2014-05,쌈,1731.3,6845939491.9,2949,3954.2
2014-05,여름,40.3,132701663.0,57,3291.2
2014-05,월동,4021.1,4329448069.1,513,1076.7
2014-05,저장,6503.5,6751677452.0,457,1038.2
2014-05,절임,0.2,5093000.0,2,23150.0
2014-06,가을,1096.8,2454266588.0,234,2237.7
2014-06,기타,9947.5,26650169571.3,2840,2679.1
2014-06,기타부산물,54.5,159064213.0,223,2918.6
2014-06,봄,22473.6,30609612452.0,1935,1362.0
2014-06,쌈,1503.9,4852330123.9,2638,3226.5
2014-06,여름,232.3,1042263981.0,96,4486.5
2014-06,월동,1450.6,3120370322.5,343,2151.1
2014-06,저장,756.1,1612949284.0,127,2133.2
2014-06,절임,2.1,4315000.0,2,2054.8
2014-07,가을,928.3,3175221448.0,229,3420.5
2014-07,고랭지,2248.9,9303472300.0,280,4137.0
2014-07,기타,11921.8,41193046552.8,3434,3455.3
2014-07,기타부산물,47.6,153640264.7,215,3225.2
2014-07,봄,5379.8,19141060362.3,755,3557.9
2014-07,쌈,1832.4,7841835569.5,2690,4279.5
2014-07,여름,17999.6,24534780273.0,1181,1363.1
2014-07,월동,1708.7,5623821591.8,424,3291.3
2014-07,저장,473.3,2310288438.0,127,4881.4
2014-07,절임,0.1,2800000.0,1,28000.0
2014-08,가을,466.0,1496786088.0,108,3211.8
2014-08,고랭지,23223.5,27633922889.0,931,1189.9
2014-08,기타,13450.8,58966466847.7,3727,4383.9
2014-08,기타부산물,31.7,103784391.7,209,3274.3
2014-08,봄,2410.8,8107563262.0,434,3363.1
2014-08,쌈,2016.4,9363092006.2,2770,4643.6
2014-08,여름,7316.1,27005491703.3,1011,3691.2
2014-08,월동,2110.1,6398247148.4,530,3032.2
2014-08,저장,546.6,2577048118.0,110,4714.8
2014-09,가을,385.9,121547616.7,73,315.0
2014-09,고랭지,21579.1,9922310124.1,1172,459.8
2014-09,기타,13291.9,5890604952.4,4043,443.2
2014-09,기타부산물,51.6,17455770.6,209,338.1
2014-09,봄,2421.3,1202321402.7,428,496.6
2014-09,쌈,2089.3,1612418813.5,2705,771.7
2014-09,여름,8089.0,3505614138.3,1176,433.4
2014-09,월동,2220.2,921736475.0,490,415.2
2014-09,저장,638.1,339433914.6,120,532.0
2014-09,절임,0.1,301500.0,1,3015.0
2014-10,가을,24290.1,6629028837.4,1999,272.9
2014-10,고랭지,5539.2,1698979141.6,678,306.7
2014-10,기타,15126.8,4312031061.4,5511,285.1
2014-10,기타부산물,57.4,14018165.4,351,244.4
2014-10,봄,2512.3,24241194113.5,501,9648.9
2014-10,쌈,2399.8,1492693175.5,3368,622.0
2014-10,여름,1585.3,547148655.2,384,345.1
2014-10,월동,2345.0,564828598.4,565,240.9
2014-10,저장,626.2,174002886.9,131,277.9
2014-10,절임,4.8,5741420.0,7,1193.6
2014-11,가을,46989.4,8164552463.2,3928,173.8
2014-11,고랭지,435.5,119171766.2,55,273.7
2014-11,기타,22893.2,5795695731.6,6319,253.2
2014-11,기타부산물,86.4,19719914.3,336,228.3
2014-11,봄,4252.6,18780487142.6,841,4416.2
2014-11,쌈,1963.2,1126410466.9,3244,573.8
2014-11,여름,52.3,31810599.9,153,607.7
2014-11,월동,3942.6,801550484.5,788,203.3
2014-11,저장,1187.5,272749825.0,223,229.7
2014-11,절임,1219.5,2226782226.2,372,1826.0
2014-12,가을,34838.1,6763726127.7,2199,194.1
2014-12,고랭지,42.6,10824200.0,12,254.0
2014-12,기타,13683.4,3520131466.7,4999,257.3
2014-12,기타부산물,298.0,102357697.4,527,343.5
2014-12,봄,5797.5,9784139638.6,844,1687.7
2014-12,쌈,1686.6,1082765728.3,3366,642.0
2014-12,여름,57.8,31611577.2,112,547.3
2014-12,월동,4796.4,1049473302.9,684,218.8
2014-12,저장,612.2,120659320.0,177,197.1
2014-12,절임,591.1,963572527.7,266,1630.1
2015-01,가을,3184.4,661874532.4,374,207.8
2015-01,고랭지,1.6,112000.0,1,70.0
2015-01,기타,6364.5,2172025547.6,3138,341.3
2015-01,기타부산물,277.9,187895234.3,602,676.2
2015-01,봄,1895.5,4704328298.0,451,2481.9
2015-01,쌈,1927.2,926501972.7,3507,480.8
2015-01,여름,32.8,17068451.8,63,520.3
2015-01,월동,13399.1,2064060563.9,990,154.0
2015-01,저장,379.9,75316437.7,111,198.3
2015-01,절임,2.1,570500.0,2,274.3
2015-02,가을,2054.6,393030708.0,218,191.3
2015-02,고랭지,0.3,45600.0,3,146.2
2015-02,기타,6184.0,1829563361.8,2902,295.9
2015-02,기타부산물,257.4,195014216.1,490,757.6
2015-02,봄,2086.9,13179423035.3,300,6315.4
2015-02,쌈,1789.5,1025218783.7,2869,572.9
2015-02,여름,50.2,17663799.7,67,352.1
2015-02,월동,13606.2,2658784735.7,1069,195.4
2015-02,저장,442.7,115662710.0,95,261.3
2015-02,절임,2.4,646250.0,5,275.0
2015-03,가을,2027.7,556928841.4,209,274.7
2015-03,고랭지,0.0,900.0,1,150.0
2015-03,기타,8002.4,2870253352.6,3687,358.7
2015-03,기타부산물,159.7,128916789.4,476,807.2
2015-03,봄,2690.1,11055030469.2,381,4109.6
2015-03,쌈,1502.5,1155462314.3,2995,769.0
2015-03,여름,18.8,11916431.3,60,634.8
2015-03,월동,14881.7,3440065869.0,1237,231.2
2015-03,저장,2655.5,993766448.1,291,374.2
2015-03,절임,7.0,1916750.0,19,275.0
2015-04,가을,1600.8,385546369.0,160,240.8
2015-04,고랭지,0.0,880.0,1,220.0
2015-04,기타,7231.6,10433376571.1,3796,1442.8
2015-04,기타부산물,60.2,29377464.5,394,487.7
2015-04,봄,3236.5,1223701106.3,471,378.1
2015-04,쌈,1576.4,1462155870.7,2998,927.5
2015-04,여름,20.2,15199243.8,68,751.0
2015-04,월동,3633.7,1490653851.3,548,410.2
2015-04,저장,15002.2,3361276161.0,773,224.1
2015-04,절임,5.2,1443750.0,18,275.0
2015-05,가을,842.7,275474932.8,109,326.9
2015-05,고랭지,0.0,8000.0,1,200.0
2015-05,기타,6013.7,3518150244.5,3578,585.0
2015-05,기타부산물,34.5,15356051.2,346,445.4
2015-05,봄,14324.7,18687816107.6,1770,1304.6
2015-05,쌈,1398.8,1558226206.9,3058,1113.9
2015-05,여름,33.4,28161304.4,48,842.8
2015-05,월동,1735.0,1054109842.2,400,607.5
2015-05,저장,6823.2,2684877907.7,480,393.5
2015-05,절임,6.2,1878750.0,14,305.5
2015-06,가을,409.8,162022555.0,72,395.4
2015-06,고랭지,0.3,156360.0,3,482.6
2015-06,기타,7594.0,3893584117.8,3709,512.7
2015-06,기타부산물,32.6,15224427.8,268,466.4
2015-06,봄,27835.9,12670152502.1,2578,455.2
2015-06,쌈,1646.8,1424625312.4,3413,865.1
2015-06,여름,271.3,181097592.0,159,667.5
2015-06,월동,1308.3,565943714.0,411,432.6
2015-06,저장,550.2,274220259.2,134,498.4
2015-06,절임,20.0,31675750.0,14,1585.4
2015-07,가을,365.9,111696000.0,70,305.3
2015-07,고랭지,1375.1,551945748.0,181,401.4
2015-07,기타,6493.6,2624860612.8,3699,404.2
2015-07,기타부산물,32.9,12050973.5,223,366.6
2015-07,봄,5413.0,2642280393.0,884,488.1
2015-07,쌈,2129.4,1551480747.7,3509,728.6
2015-07,여름,21126.0,6756775880.7,1789,319.8
2015-07,월동,1684.3,605196805.1,546,359.3
2015-07,저장,296.1,136117723.2,79,459.7
2015-07,절임,5.9,1846875.0,9,312.5
2015-08,가을,418.1,132017795.0,56,315.7
2015-08,고랭지,17214.3,8447419156.9,952,490.7
2015-08,기타,9042.0,3448904453.4,3223,381.4
2015-08,기타부산물,45.1,19147173.0,231,424.2
2015-08,봄,3378.2,3434878149.6,453,1016.8
2015-08,쌈,1882.5,1777068988.2,2827,944.0
2015-08,여름,8525.0,3591859267.1,1141,421.3
2015-08,월동,1935.1,718953491.4,531,371.5
2015-08,저장,442.3,197938785.2,105,447.5
2015-08,절임,5.5,1734375.0,11,312.5
2015-09,가을,1075.2,394226505.0,79,366.7
2015-09,고랭지,27092.0,7704962010.9,1326,284.4
2015-09,기타,12771.8,4927129913.2,4116,385.8
2015-09,기타부산물,42.5,17085859.4,219,402.1
2015-09,봄,4819.1,4620472958.2,560,958.8
2015-09,쌈,2463.5,1829686327.7,3331,742.7
2015-09,여름,10052.7,3660791275.6,1298,364.2
2015-09,월동,3734.1,1306915269.5,824,350.0
2015-09,저장,743.6,315800631.2,124,424.7
2015-09,절임,6.3,1981250.0,6,312.5
2015-10,가을,22356.3,4062245388.7,1624,181.7
2015-10,고랭지,3920.1,1150959569.8,753,293.6
2015-10,기타,12763.3,3818117560.4,4951,299.1
2015-10,기타부산물,43.7,12239844.1,290,280.0
2015-10,봄,4190.5,3227266024.0,574,770.1
2015-10,수입,2.2,1303700.0,17,603.6
2015-10,쌈,2678.2,1512650925.8,3975,564.8
2015-10,여름,2797.4,17508487121.1,607,6258.9
2015-10,월동,2445.2,595135376.3,647,243.4
2015-10,저장,552.9,165131463.2,114,298.7
2015-10,절임,9.0,5934250.0,16,659.4
2015-11,가을,28770.6,6211132858.9,2638,215.9
2015-11,고랭지,970.1,278008677.0,222,286.6
2015-11,기타,15817.4,6428799087.3,4276,406.4
2015-11,기타부산물,46.7,16622035.1,291,356.2
2015-11,봄,5209.8,1828749988.4,681,351.0
2015-11,수입,0.6,308000.0,7,560.0
2015-11,쌈,1735.0,1112225070.8,2936,641.0
2015-11,여름,662.8,83950530.5,193,126.7
2015-11,월동,3667.8,1044400005.9,738,284.8
2015-11,저장,679.1,228715665.2,172,336.8
2015-11,절임,1076.9,1926567389.7,337,1788.9
2015-12,가을,29671.8,7574561130.1,1491,255.3
2015-12,고랭지,36.6,11246102.0,9,307.4
2015-12,기타,11124.3,4441480107.6,3990,399.3
2015-12,기타부산물,278.2,151733243.3,449,545.3
2015-12,봄,5851.4,2016898218.9,693,344.7
2015-12,쌈,1266.1,761163968.5,3394,601.2
2015-12,여름,45.2,27958578.1,91,618.6
2015-12,월동,5223.5,1386129443.1,1021,265.4
2015-12,저장,812.2,195433293.6,270,240.6
2015-12,절임,1228.5,2091019065.0,328,1702.0
2016-01,가을,2383.6,814021844.7,304,341.5
2016-01,고랭지,25.4,9828660.0,9,387.5
2016-01,기타,5229.9,2087766007.3,2749,399.2
2016-01,기타부산물,208.3,192583390.7,531,924.3
2016-01,봄,1823.7,761804376.0,270,417.7
2016-01,쌈,1171.0,803658386.5,3175,686.3
2016-01,여름,33.4,24178250.8,94,724.4
2016-01,월동,13534.1,4523798229.0,1082,334.3
2016-01,저장,312.1,123016091.4,104,394.2
2016-01,절임,12.9,10936700.0,24,850.4
2016-02,가을,1249.7,524606851.8,139,419.8
2016-02,고랭지,10.8,6997400.0,3,647.9
2016-02,기타,5398.5,7780450198.3,2550,1441.2
2016-02,기타부산물,137.7,119689627.0,438,868.9
2016-02,봄,2923.8,1713203812.4,270,586.0
2016-02,쌈,1352.3,1143956801.1,3174,846.0
2016-02,여름,20.1,19185926.4,66,952.6
2016-02,월동,14514.9,5563450740.0,1169,383.3
2016-02,저장,474.7,252618865.2,144,532.1
2016-02,절임,9.7,4077875.0,14,421.3
2016-03,가을,1326.7,697080787.0,142,525.4
2016-03,고랭지,4.3,3166543.2,7,732.0
2016-03,기타,6249.7,5392715095.5,3800,862.9
2016-03,기타부산물,98.3,101356013.9,499,1030.7
2016-03,봄,2251.2,1883096233.6,321,836.5
2016-03,수입,0.0,28800.0,1,720.0
2016-03,쌈,1386.1,1757378004.8,3572,1267.9
2016-03,여름,12.1,19054909.0,62,1576.3
2016-03,월동,8897.4,5358807078.0,1129,602.3
2016-03,저장,8540.0,4121650204.8,325,482.6
2016-03,절임,7.8,2750672.5,11,351.7
2016-04,가을,801.8,427158290.0,77,532.8
2016-04,기타,5842.7,11439022868.3,3901,1957.9
2016-04,기타부산물,114.4,84510788.6,453,738.6
2016-04,봄,6954.7,5514669226.0,833,792.9
2016-04,쌈,1937.2,2141124329.0,3810,1105.3
2016-04,여름,35.5,41378409.6,70,1166.4
2016-04,월동,2180.3,2059944804.2,693,944.8
2016-04,저장,9233.1,6337239429.5,394,686.4
2016-04,절임,4.4,1695250.0,4,388.8
2016-05,가을,913.8,224693986.0,134,245.9
2016-05,고랭지,0.9,710800.0,2,826.5
2016-05,기타,7342.5,6407337919.0,3998,872.6
2016-05,기타부산물,81.4,53066196.3,293,651.6
2016-05,봄,23437.7,12352172827.3,2310,527.0
2016-05,쌈,1879.9,1887155054.5,3917,1003.9
2016-05,여름,25.4,32696028.5,54,1288.2
2016-05,월동,1932.7,1087176232.2,578,562.5
2016-05,저장,621.7,469532156.7,158,755.3
2016-05,절임,4.8,2086920.0,5,435.7
2016-06,가을,1307.7,185269354.2,132,141.7
2016-06,고랭지,19.3,9106012.5,8,471.8
2016-06,기타,10286.9,4877969668.9,4325,474.2
2016-06,기타부산물,28.4,14013482.2,218,494.0
2016-06,봄,23122.9,6809234544.5,1998,294.5
2016-06,수입,0.1,179200.0,4,1600.0
2016-06,쌈,2112.4,1469162568.9,3974,695.5
2016-06,여름,1126.7,507907084.0,161,450.8
2016-06,월동,2058.8,712802849.5,563,346.2
2016-06,저장,356.4,147877239.6,94,414.9
2016-06,절임,3.6,1220000.0,4,338.9
2016-07,가을,473.1,67570175.1,22,142.8
2016-07,고랭지,1957.1,1077257577.7,389,550.4
2016-07,기타,9187.4,9213793585.3,3602,1002.9
2016-07,기타부산물,28.5,15557803.0,212,545.6
2016-07,봄,1360.0,658472207.4,270,484.2
2016-07,쌈,2075.8,1848073407.1,3459,890.3
2016-07,여름,20804.9,118313009339.9,1466,5686.8
2016-07,월동,2018.8,819331389.4,590,405.9
2016-07,저장,271.6,128187783.4,65,472.0
2016-07,절임,7.5,2370000.0,11,316.8
2016-08,가을,0.1,71600.0,3,542.4
2016-08,고랭지,15806.5,9924214947.8,1117,627.9
2016-08,기타,9607.0,7656639242.7,3651,797.0
2016-08,기타부산물,24.8,18941289.0,192,763.7
2016-08,봄,385.0,387621393.0,86,1006.8
2016-08,수입,0.2,342400.0,5,1860.9
2016-08,쌈,1644.5,2637930008.1,3309,1604.3
2016-08,여름,8724.1,435357902896.4,1001,49903.0
2016-08,월동,2296.2,1652365124.2,603,719.6
2016-08,저장,280.6,282152948.4,56,1005.4
2016-08,절임,4.0,1340825.0,7,333.5
2016-09,가을,62.6,74715005.1,49,1193.4
2016-09,고랭지,19898.9,15053915290.0,1359,756.5
2016-09,기타,9229.2,13211837287.1,3822,1431.5
2016-09,기타부산물,26.1,25764984.0,237,987.6
2016-09,봄,524.2,658681585.0,107,1256.5
2016-09,쌈,2091.4,3646965475.8,3521,1743.8
2016-09,여름,8083.0,8496604000.0,947,1051.2
2016-09,월동,2849.1,2981927602.5,705,1046.6
2016-09,저장,401.7,628119332.4,77,1563.8
2016-09,절임,0.1,62500.0,1,625.0
2016-10,가을,22562.8,7433994441.2,1762,329.5
2016-10,고랭지,4982.7,3223382699.1,905,646.9
2016-10,기타,13390.2,7681735776.4,6212,573.7
2016-10,기타부산물,40.2,24593297.1,348,611.4
2016-10,봄,571.1,336947131.4,104,590.0
2016-10,수입,0.1,150000.0,1,1500.0
2016-10,쌈,2496.3,2743999731.7,4608,1099.2
2016-10,여름,2274.0,1143148326.8,525,502.7
2016-10,월동,2761.0,1271237189.7,878,460.4
2016-10,저장,551.1,332485493.2,145,603.3
2016-10,절임,4.2,1555250.0,6,365.9
2016-11,가을,52325.3,20941251046.7,4526,400.2
2016-11,고랭지,625.2,346274974.4,208,553.9
2016-11,기타,27695.7,15739508253.1,8087,568.3
2016-11,기타부산물,64.1,48463502.9,388,756.1
2016-11,봄,1085.0,660325806.8,140,608.6
2016-11,수입,0.4,710000.0,5,1775.0
2016-11,쌈,2340.8,2184202057.5,4807,933.1
2016-11,여름,75.6,68554376.0,213,906.7
2016-11,월동,5766.7,2762129132.4,1455,479.0
2016-11,저장,1114.3,655601629.8,295,588.3
2016-11,절임,2453.1,4263162545.5,564,1737.8
2016-12,가을,40414.5,70310574906.6,2262,1739.7
2016-12,고랭지,2.3,1400310.0,16,614.7
2016-12,기타,15699.9,9638227712.5,5247,613.9
2016-12,기타부산물,94.1,70421393.4,453,748.6
2016-12,봄,1675.0,987804658.0,226,589.7
2016-12,수입,0.2,400000.0,2,2000.0
2016-12,쌈,2030.1,2035904828.3,4520,1002.9
2016-12,여름,59.5,64794766.3,223,1088.4
2016-12,월동,5133.3,3002409329.3,974,584.9
2016-12,저장,843.6,545254573.2,262,646.3
2016-12,절임,1924.8,3783887294.7,374,1965.9
2017-01,가을,2404.7,1466885894.2,254,610.0
2017-01,고랭지,20.2,17490550.0,21,866.4
2017-01,기타,6012.1,11935799733.1,3084,1985.3
2017-01,기타부산물,154.7,106671836.3,511,689.7
2017-01,봄,271.8,210649049.0,122,775.1
2017-01,쌈,1848.9,1857679749.9,4263,1004.8
2017-01,여름,46.6,45538029.1,180,976.5
2017-01,월동,12372.2,8857692080.1,1203,715.9
2017-01,저장,324.7,210801901.6,143,649.2
2017-01,절임,141.2,185418700.0,8,1313.3
2017-02,가을,962.2,453351516.6,101,471.2
2017-02,고랭지,9.8,5931961.0,9,603.7
2017-02,기타,5988.2,7043250317.0,2927,1176.2
2017-02,기타부산물,92.0,68738757.2,450,746.8
2017-02,봄,243.7,160145677.5,134,657.1
2017-02,수입,0.1,160000.0,1,2000.0
2017-02,쌈,1690.7,1738071351.9,4107,1028.0
2017-02,여름,37.1,44101456.8,164,1188.6
2017-02,월동,12215.5,358821396489.6,1373,29374.3
2017-02,저장,237.9,152224269.2,159,639.9
2017-02,절임,2.9,1562100.0,5,540.5
2017-03,가을,416.9,79837340.0,41,191.5
2017-03,고랭지,2.3,1597500.0,12,684.7
2017-03,기타,8074.2,7517595599.8,3213,931.1
2017-03,기타부산물,54.9,46045902.0,368,838.4
2017-03,봄,348.7,188365531.0,133,540.2
2017-03,쌈,1799.8,1874708679.5,4180,1041.6
2017-03,여름,40.8,45745891.0,134,1121.6
2017-03,월동,8896.7,11407344131.6,1346,1282.2
2017-03,저장,7151.9,2886878771.4,394,403.7
2017-03,절임,5.8,3522408.0,7,611.5
2017-04,가을,676.6,106088976.0,36,156.8
2017-04,고랭지,2.5,1688000.0,4,680.6
2017-04,기타,8873.1,9866021103.7,3540,1111.9
2017-04,기타부산물,22.0,14707859.4,226,669.9
2017-04,봄,2780.0,621720154.3,382,223.6
2017-04,쌈,2901.9,1791954864.9,3984,617.5
2017-04,여름,38.8,31364863.5,135,808.0
2017-04,월동,5320.1,2233998135.9,987,419.9
2017-04,저장,9712.4,5384624334.3,405,554.4
2017-04,절임,4.6,1520500.0,2,327.7
2017-05,가을,753.9,69705816.0,87,92.5
2017-05,고랭지,2.1,504380.0,13,241.3
2017-05,기타,9489.7,2869960826.7,3820,302.4
2017-05,기타부산물,28.7,19764298.9,207,689.0
2017-05,봄,16959.3,2761221289.1,1469,162.8
2017-05,쌈,2791.5,1424167352.5,4142,510.2
2017-05,여름,50.8,39006033.2,100,768.6
2017-05,월동,2585.1,617819030.8,639,239.0
2017-05,저장,3881.7,1104796916.4,287,284.6
2017-05,절임,6.1,1927200.0,12,317.0
2017-06,가을,633.3,57564020.0,89,90.9
2017-06,고랭지,27.0,7817715.2,22,289.7
2017-06,기타,9632.6,3675302915.3,3426,381.5
2017-06,기타부산물,15.2,12665728.3,155,830.6
2017-06,봄,15728.7,3206403610.1,1394,203.9
2017-06,쌈,1877.6,1009669328.2,3719,537.7
2017-06,여름,951.6,342098524.9,265,359.5
2017-06,월동,1908.4,912171428.7,529,478.0
2017-06,저장,319.1,81172383.3,85,254.4
2017-06,절임,2.7,840300.0,6,312.4
2017-07,가을,562.4,97474088.0,65,173.3
2017-07,고랭지,1340.6,929649320.4,309,693.5
2017-07,기타,8774.6,4648458556.7,3058,529.8
2017-07,기타부산물,15.0,20016696.4,147,1336.2
2017-07,봄,1757.6,962093231.7,289,547.4
2017-07,쌈,2167.7,1880637534.2,3513,867.6
2017-07,여름,12895.3,6205373511.4,1384,481.2
2017-07,월동,1605.3,638743425.7,512,397.9
2017-07,저장,129.2,75106148.0,51,581.2
2017-07,절임,5.3,2073550.0,10,389.8
2017-08,가을,9.6,6791000.0,4,705.2
2017-08,고랭지,10091.2,11404057196.1,979,1130.1
2017-08,기타,9170.0,8310014862.3,3125,906.2
2017-08,기타부산물,10.7,19467344.1,160,1824.0
2017-08,봄,283.4,162434995.0,32,573.2
2017-08,수입,1.6,1250000.0,2,781.2
2017-08,쌈,1694.8,2554313553.4,3310,1507.1
2017-08,여름,5534.0,4291830331.5,774,775.5
2017-08,월동,1967.0,1018425857.8,588,517.7
2017-08,저장,176.0,156193700.0,46,887.3
2017-08,절임,2.8,1086000.0,7,387.9
2017-09,가을,0.2,128466.7,2,683.3
2017-09,고랭지,15886.9,60264927492.5,1512,3793.4
2017-09,기타,14832.8,13335895096.5,5138,899.1
2017-09,기타부산물,16.1,24336396.1,197,1511.9
2017-09,봄,8.9,8913925.0,6,1001.8
2017-09,수입,11.4,9845000.0,12,859.8
2017-09,쌈,2414.3,3032188032.1,4130,1255.9
2017-09,여름,8261.9,7179330912.6,1047,869.0
2017-09,월동,5282.3,3631759221.5,989,687.5
2017-09,저장,281.3,271867208.4,37,966.5
2017-09,절임,3.3,4861975.0,8,1454.8
2017-10,가을,11448.2,3306764632.0,1124,288.8
2017-10,고랭지,3964.2,61688950057.3,645,15561.4
2017-10,기타,11561.3,4853630525.0,4755,419.8
2017-10,기타부산물,21.7,17898238.0,200,825.1
2017-10,봄,1.7,468160.0,1,280.0
2017-10,수입,0.3,62320.0,2,181.2
2017-10,쌈,2363.3,1691541572.3,3659,715.8
2017-10,여름,1194.9,762897342.3,429,638.5
2017-10,월동,2797.4,821426907.4,787,293.6
2017-10,저장,244.9,87663438.0,53,358.0
2017-10,절임,2.5,1078600.0,6,436.7
2017-11,가을,34514.7,20748471242.5,3234,601.1
2017-11,고랭지,2755.1,1033559717.7,236,375.1
2017-11,기타,30643.2,11673900239.9,7227,381.0
2017-11,기타부산물,25.0,16275132.2,233,651.9
2017-11,봄,250.1,89308686.9,63,357.1
2017-11,쌈,2249.4,1357824521.3,4320,603.6
2017-11,여름,93.7,62662297.4,212,669.0
2017-11,월동,7130.4,1656947111.9,1494,232.4
2017-11,저장,760.0,253481574.0,139,333.5
2017-11,절임,2611.7,5052217334.0,719,1934.5
2017-12,가을,21867.0,81234358457.0,1670,3714.9
2017-12,고랭지,313.1,107220401.6,14,342.5
2017-12,기타,14389.9,6428488575.2,4286,446.7
2017-12,기타부산물,63.0,52353820.5,344,830.8
2017-12,봄,240.8,115901467.6,118,481.4
2017-12,쌈,2133.5,1349264273.7,4335,632.4
2017-12,여름,59.8,40406794.2,145,675.1
2017-12,월동,6062.0,2035562353.5,802,335.8
2017-12,저장,78.1,17119590.0,25,219.2
2017-12,절임,1974.2,293024546342.6,578,148425.6
2018-01,가을,1775.7,681088355.0,271,383.6
2018-01,고랭지,2.3,1093000.0,6,474.4
2018-01,기타,5504.7,2637852791.0,2150,479.2
2018-01,기타부산물,120.5,82435518.0,444,684.1
2018-01,봄,853.2,449273916.0,394,526.6
2018-01,쌈,2624.4,2843169369.0,4852,1083.4
2018-01,여름,51.7,41485360.0,156,802.6
2018-01,월동,10239.1,4774182890.0,912,466.3
2018-01,저장,283.1,108909900.0,74,384.7
2018-01,절임,10.5,9705500.0,16,927.9
2018-02,가을,1699.0,899449000.0,199,529.4
2018-02,고랭지,0.7,427000.0,5,610.9
2018-02,기타,5402.3,3238336756.0,2350,599.4
2018-02,기타부산물,116.2,99932695.0,474,860.2
2018-02,봄,1012.3,776484674.0,404,767.1
2018-02,수입,1.9,3359700.0,10,1794.7
2018-02,쌈,2527.2,3876285681.0,4549,1533.8
2018-02,여름,33.9,51439888.0,66,1518.5
2018-02,월동,11684.1,7078290185.0,1081,605.8
2018-02,저장,314.0,173542100.0,94,552.8
2018-02,절임,1.0,654300.0,8,624.3
2018-03,가을,1184.4,518972703.0,158,438.2
2018-03,고랭지,1.1,630000.0,3,583.3
2018-03,기타,6916.9,3549036615.0,2530,513.1
2018-03,기타부산물,69.8,44566135.0,345,638.2
2018-03,봄,1378.4,908959172.0,566,659.4
2018-03,수입,0.3,247000.0,3,739.5
2018-03,쌈,2644.8,3436494542.0,4836,1299.3
2018-03,여름,32.5,36186158.0,77,1113.0
2018-03,월동,10981.1,5931797645.0,1372,540.2
2018-03,저장,3670.7,2193348660.0,195,597.5
2018-03,절임,2.8,2948500.0,8,1049.3
2018-04,가을,795.7,329732300.0,131,414.4
2018-04,고랭지,0.5,370000.0,3,685.2
2018-04,기타,6984.1,3431692375.0,2714,491.4
2018-04,기타부산물,16.6,25074900.0,168,1510.5
2018-04,봄,2742.0,1511386236.0,674,551.2
2018-04,쌈,1563.2,2458821282.0,3572,1573.0
2018-04,여름,27.5,45307968.0,59,1649.8
2018-04,월동,4481.2,2178267790.0,910,486.1
2018-04,저장,9930.8,5180560740.0,332,521.7
2018-04,절임,2.0,2789000.0,6,1367.2
2018-05,가을,758.2,210146500.0,132,277.2
2018-05,고랭지,0.5,191500.0,2,399.0
2018-05,기타,7981.5,2860584002.0,3051,358.4
2018-05,기타부산물,12.7,17787299.0,184,1398.9
2018-05,봄,11555.1,3885910433.0,1570,336.3
2018-05,수입,0.8,1100600.0,4,1310.2
2018-05,쌈,1561.2,1909301970.0,4170,1223.0
2018-05,여름,32.4,39105560.0,58,1206.4
2018-05,월동,3740.1,1347263860.0,837,360.2
2018-05,저장,5013.2,2102241700.0,401,419.3
2018-05,절임,17.7,19523000.0,13,1100.5
2018-06,가을,733.0,193920600.0,136,264.6
2018-06,고랭지,0.8,182500.0,4,222.0
2018-06,기타,9154.1,2837200704.0,2798,309.9
2018-06,기타부산물,13.0,20021624.0,159,1540.1
2018-06,봄,18106.1,5619259114.0,1745,310.4
2018-06,수입,0.4,374900.0,4,871.9
2018-06,쌈,1432.3,1324286635.0,3510,924.6
2018-06,여름,370.1,178570630.0,202,482.6
2018-06,월동,3601.9,1120719920.0,785,311.1
2018-06,저장,605.3,198708880.0,129,328.3
2018-06,절임,21.3,21767000.0,11,1022.9
2018-07,가을,538.1,257139700.0,111,477.9
2018-07,고랭지,346.6,270456200.0,41,780.2
2018-07,기타,7658.9,3943981565.0,2622,515.0
2018-07,기타부산물,16.8,31783333.0,175,1888.9
2018-07,봄,1848.6,1167455406.0,624,631.5
2018-07,수입,7.5,6004400.0,25,803.8
2018-07,쌈,1450.2,2363750961.0,3233,1629.9
2018-07,여름,13599.0,8252134163.0,1300,606.8
2018-07,월동,2726.8,1486647350.0,625,545.2
2018-07,저장,404.6,193441500.0,109,478.1
2018-07,절임,1.9,3405000.0,9,1840.5
2018-08,가을,614.2,523924500.0,119,853.1
2018-08,고랭지,11447.0,12215584920.0,649,1067.1
2018-08,기타,5930.8,5439747454.0,2618,917.2
2018-08,기타부산물,9.2,29160354.0,140,3178.9
2018-08,봄,1343.5,1588590390.0,510,1182.4
2018-08,수입,5.4,11878500.0,27,2212.0
2018-08,쌈,1472.5,3501217093.0,2741,2377.8
2018-08,여름,2639.6,2768250947.0,811,1048.7
2018-08,월동,2648.5,2452053910.0,641,925.8
2018-08,저장,347.5,288479800.0,65,830.1
2018-08,절임,20.8,19222000.0,5,922.8
2018-09,가을,758.0,509960281.0,128,672.8
2018-09,고랭지,22934.2,16299941170.0,1189,710.7
2018-09,기타,9877.3,6657085350.0,3194,674.0
2018-09,기타부산물,16.8,38449774.0,164,2290.3
2018-09,봄,1956.0,1684252504.0,558,861.1
2018-09,수입,6.8,8350800.0,35,1221.6
2018-09,쌈,1901.1,4074933038.0,3342,2143.5
2018-09,여름,2434.9,2080297200.0,808,854.4
2018-09,월동,5012.9,3531482340.0,908,704.5
2018-09,저장,678.3,421765800.0,126,621.8
2018-09,절임,0.7,1432000.0,6,2137.3
2018-10,가을,18926.3,7851774745.0,1368,414.9
2018-10,고랭지,4087.6,1655646770.0,699,405.0
2018-10,기타,10159.7,4250529713.0,4407,418.4
2018-10,기타부산물,19.7,29977547.0,219,1519.5
2018-10,봄,1676.5,706387488.0,646,421.4
2018-10,수입,6.9,4968600.0,24,721.1
2018-10,쌈,2410.5,2730090674.0,4623,1132.6
2018-10,여름,487.9,279067627.0,524,572.0
2018-10,월동,3422.6,1405586210.0,925,410.7
2018-10,저장,606.2,222263100.0,170,366.6
2018-10,절임,4.3,6676000.0,8,1549.0
2018-11,가을,42359.1,16317234850.0,3537,385.2
2018-11,고랭지,784.4,308428300.0,192,393.2
2018-11,기타,19567.1,7887101513.0,5862,403.1
2018-11,기타부산물,20.2,30382416.0,193,1507.7
2018-11,봄,3386.1,1329708870.0,899,392.7
2018-11,수입,5.1,3126500.0,22,610.6
2018-11,쌈,2314.3,2568324990.0,4605,1109.8
2018-11,여름,88.9,80656206.0,198,907.0
2018-11,월동,9754.4,3476546440.0,1852,356.4
2018-11,저장,1924.0,547612150.0,361,284.6
2018-11,절임,3547.7,4184714650.0,779,1179.6
2018-12,가을,17743.3,5389254335.0,1552,303.7
2018-12,고랭지,10.1,4141900.0,12,411.1
2018-12,기타,11018.3,4155296144.0,3802,377.1
2018-12,기타부산물,56.9,48741365.0,335,856.9
2018-12,봄,1530.1,489589138.0,672,320.0
2018-12,수입,4.5,2353500.0,16,518.2
2018-12,쌈,1819.3,1710704099.0,4484,940.3
2018-12,여름,57.8,54541079.0,93,944.1
2018-12,월동,3983.2,1062157130.0,962,266.7
2018-12,저장,722.0,163220700.0,188,226.1
2018-12,절임,2414.6,2639268920.0,605,1093.1
2019-01,가을,1328.0,346975180.0,221,261.3
2019-01,고랭지,0.1,9000.0,2,109.8
2019-01,기타,6003.8,1799515749.0,2425,299.7
2019-01,기타부산물,179.6,96023487.0,443,534.7
2019-01,봄,864.3,270170086.0,460,312.6
2019-01,수입,5.2,3058100.0,9,592.7
2019-01,쌈,2524.7,1859028679.0,4988,736.3
2019-01,여름,56.0,37958340.0,103,678.0
2019-01,월동,12814.5,3022343755.0,1080,235.9
2019-01,저장,315.9,66145700.0,79,209.4
2019-01,절임,68.9,55068700.0,48,799.1
2019-02,가을,852.1,234371650.0,119,275.1
2019-02,고랭지,1.7,553800.0,4,317.5
2019-02,기타,4370.1,1326755484.0,2043,303.6
2019-02,기타부산물,122.4,59562888.0,303,486.5
2019-02,봄,753.7,217793420.0,311,289.0
2019-02,수입,2.4,1165600.0,8,481.7
2019-02,쌈,1885.8,1357009298.0,3472,719.6
2019-02,여름,38.1,28168601.0,80,739.1
2019-02,월동,9757.5,2158049980.0,945,221.2
2019-02,저장,273.8,51694100.0,66,188.8
2019-02,절임,57.7,56897000.0,21,986.1
2019-03,가을,929.1,221037990.0,138,237.9
2019-03,고랭지,11.2,2045800.0,1,182.7
2019-03,기타,6224.0,1589145037.0,2287,255.3
2019-03,기타부산물,90.7,56078379.0,240,618.0
2019-03,봄,1130.4,322892008.0,435,285.6
2019-03,수입,2.1,1340100.0,9,650.5
2019-03,쌈,1895.1,1628681675.0,3705,859.4
2019-03,여름,39.9,27969652.0,69,700.8
2019-03,월동,9451.5,1926944485.0,991,203.9
2019-03,저장,3439.9,684376300.0,196,199.0
2019-03,절임,66.7,57967000.0,14,869.2
2019-04,가을,797.8,168488500.0,83,211.2
2019-04,고랭지,0.4,155000.0,2,418.9
2019-04,기타,7412.1,2046971370.0,3211,276.2
2019-04,기타부산물,25.6,26605183.0,206,1039.9
2019-04,봄,1990.8,553682391.0,570,278.1
2019-04,수입,1.0,600000.0,1,600.0
2019-04,쌈,1847.8,1809465243.0,4105,979.3
2019-04,여름,42.7,35121362.0,62,822.3
2019-04,월동,4348.8,938614330.0,715,215.8
2019-04,저장,9099.0,1881859420.0,407,206.8
2019-04,절임,60.0,53141000.0,11,886.1
2019-05,가을,877.3,207018704.0,103,236.0
2019-05,고랭지,1.7,683000.0,6,400.8
2019-05,기타,6426.9,1956648676.0,2838,304.4
2019-05,기타부산물,16.5,27370927.0,166,1663.0
2019-05,봄,6143.6,1590423701.0,1104,258.9
2019-05,수입,0.3,396000.0,1,1320.0
2019-05,쌈,1632.4,1568952427.0,3945,961.1
2019-05,여름,35.7,29945848.0,70,839.5
2019-05,월동,3451.8,877061400.0,741,254.1
2019-05,저장,6441.6,1712625785.0,385,265.9
2019-05,절임,146.2,142506000.0,8,974.6
2019-06,가을,676.6,237638475.0,102,351.2
2019-06,고랭지,57.0,24585100.0,26,431.3
2019-06,기타,6338.6,2566795779.0,2557,404.9
2019-06,기타부산물,11.4,21654183.0,133,1898.7
2019-06,봄,13150.8,5795986866.0,1637,440.7
2019-06,수입,1.7,1196600.0,7,698.1
2019-06,쌈,1323.6,1792410282.0,3337,1354.2
2019-06,여름,124.8,78801022.0,103,631.7
2019-06,월동,2290.1,940903310.0,516,410.9
2019-06,저장,772.1,341722800.0,111,442.6
2019-06,절임,94.1,91786000.0,7,975.3
2019-07,가을,566.3,223386700.0,107,394.5
2019-07,고랭지,954.0,412518720.0,178,432.4
2019-07,기타,7191.9,3071354289.0,3193,427.1
2019-07,기타부산물,15.9,24784235.0,166,1554.2
2019-07,봄,2402.5,1216003501.0,875,506.1
2019-07,수입,1.7,1518400.0,16,919.1
2019-07,쌈,2006.0,2227565532.0,3767,1110.5
2019-07,여름,13091.5,5694412185.0,1090,435.0
2019-07,월동,2601.5,1058903400.0,575,407.0
2019-07,저장,389.3,133469900.0,79,342.9
2019-07,절임,150.5,144064100.0,16,957.5
2019-08,가을,830.1,357836400.0,114,431.1
2019-08,고랭지,15420.8,7589184342.0,668,492.1
2019-08,기타,8596.7,3950693871.0,3385,459.6
2019-08,기타부산물,15.8,29363765.0,136,1857.6
2019-08,봄,1745.8,1090242786.0,637,624.5
2019-08,수입,9.1,7543400.0,37,830.8
2019-08,쌈,2124.4,3192329147.0,3546,1502.8
2019-08,여름,2779.7,1460270395.0,938,525.3
2019-08,월동,3313.0,1494309420.0,661,451.0
2019-08,저장,633.3,251043800.0,106,396.4
2019-08,절임,85.2,86017200.0,10,1009.5
2019-09,가을,822.1,504416100.0,114,617.7
2019-09,고랭지,14073.0,14133171325.0,988,1004.3
2019-09,기타,8727.1,7545210808.0,3401,864.6
2019-09,기타부산물,12.8,39377855.0,125,3070.6
2019-09,봄,1452.4,1679462729.0,646,1156.3
2019-09,수입,5.1,5702900.0,27,1113.8
2019-09,쌈,2211.4,4394284002.0,3690,1987.1
2019-09,여름,2060.0,2033070742.0,635,986.9
2019-09,월동,3238.7,2906310853.0,556,897.4
2019-09,저장,1020.4,634266500.0,145,621.6
2019-09,절임,88.0,87936000.0,7,999.6
2019-10,가을,16554.4,15980359370.0,1489,965.3
2019-10,고랭지,3116.1,3029836830.0,686,972.3
2019-10,기타,9672.0,8624056279.0,5222,891.7
2019-10,기타부산물,17.5,40039014.0,192,2284.2
2019-10,봄,1617.9,1485486854.0,848,918.1
2019-10,수입,9.6,8097000.0,34,843.4
2019-10,쌈,2304.5,4718880700.0,4580,2047.8
2019-10,여름,144.3,191013422.0,279,1323.9
2019-10,월동,3266.9,2798067710.0,1035,856.5
2019-10,저장,838.6,651036600.0,169,776.4
2019-10,절임,267.5,334230000.0,7,1249.3
2019-11,가을,35432.2,24531185620.0,3441,692.6
2019-11,고랭지,715.6,465498000.0,303,650.5
2019-11,기타,18191.9,12283808242.0,6769,675.2
2019-11,기타부산물,23.6,40894291.0,212,1732.8
2019-11,봄,2795.0,1906218984.0,1055,682.0
2019-11,수입,5.7,5395900.0,17,940.1
2019-11,쌈,1908.1,2979686622.0,4945,1561.6
2019-11,여름,79.7,99774450.0,245,1252.3
2019-11,월동,7453.3,4623274625.0,1905,620.3
2019-11,저장,1494.5,816287030.0,413,546.2
2019-11,절임,4110.2,5990012614.0,662,1457.4
2019-12,가을,17740.9,12347386055.0,1820,696.3
2019-12,고랭지,31.4,14923400.0,43,474.8
2019-12,기타,10523.5,7702615726.0,4160,732.1
2019-12,기타부산물,56.2,45160270.0,310,804.0
2019-12,봄,1465.6,1052834168.0,783,718.3
2019-12,수입,2.3,2015400.0,9,876.3
2019-12,쌈,1765.0,2598519622.0,4498,1472.2
2019-12,여름,57.7,79955092.0,131,1385.6
2019-12,월동,4008.8,2448813360.0,981,610.9
2019-12,저장,843.6,436453600.0,247,517.4
2019-12,절임,2606.0,3749024718.0,538,1438.6
2020-01,가을,1675.7,1144425584.0,334,683.3
2020-01,고랭지,2.7,1660200.0,15,616.9
2020-01,기타,3806.6,2736209350.0,2562,718.9
2020-01,기타부산물,59.3,43422434.0,304,732.1
2020-01,봄,1075.1,776777482.0,564,722.5
2020-01,수입,1.7,2087100.0,11,1252.8
2020-01,쌈,1900.7,2942931411.0,4233,1548.3
2020-01,여름,46.4,65766270.0,97,1415.9
2020-01,월동,11727.7,7813785680.0,1204,666.3
2020-01,저장,297.7,169488700.0,114,569.3
2020-01,절임,169.9,247225700.0,37,1454.8
2020-02,가을,480.3,284985100.0,77,593.4
2020-02,고랭지,0.0,6000.0,2,375.0
2020-02,기타,3619.8,2590256483.0,2509,715.6
2020-02,기타부산물,50.4,48100665.0,279,954.6
2020-02,봄,711.3,547755766.0,490,770.1
2020-02,수입,6.2,8580400.0,14,1381.7
2020-02,쌈,1406.7,2076567066.0,3840,1476.2
2020-02,여름,38.0,63257970.0,109,1664.4
2020-02,월동,10175.4,7571127120.0,1266,744.1
2020-02,저장,315.6,190173400.0,113,602.7
2020-02,절임,78.0,114940000.0,6,1474.3
2020-03,가을,549.6,310193600.0,66,564.4
2020-03,고랭지,0.5,174400.0,2,331.6
2020-03,기타,4095.7,2742367452.0,2138,669.6
2020-03,기타부산물,28.7,33537012.0,214,1169.0
2020-03,봄,680.6,582571127.0,523,856.0
2020-03,수입,1.0,700000.0,7,693.1
2020-03,쌈,971.4,1988380607.0,3069,2046.9
2020-03,여름,34.1,74046320.0,84,2171.6
2020-03,월동,5162.1,3614919475.0,966,700.3
2020-03,저장,6682.0,4661535800.0,265,697.6
2020-03,절임,255.0,364405000.0,20,1429.2
2020-04,가을,425.4,231156500.0,70,543.4
2020-04,기타,5003.1,3710486276.0,2911,741.6
2020-04,기타부산물,13.1,27900212.0,134,2132.7
2020-04,봄,2337.3,1633953394.0,806,699.1
2020-04,수입,0.3,325000.0,5,1203.7
2020-04,쌈,1376.6,2397810997.0,3637,1741.9
2020-04,여름,28.7,49638380.0,84,1731.0
2020-04,월동,3038.2,2076739870.0,650,683.5
2020-04,저장,7648.8,5710851250.0,452,746.6
2020-04,절임,192.9,265538000.0,17,1376.4
2020-05,가을,477.9,273431700.0,98,572.1
2020-05,기타,4473.3,3413530617.0,2611,763.1
2020-05,기타부산물,17.1,28335438.0,129,1658.6
2020-05,봄,12157.0,9488949342.0,1758,780.5
2020-05,쌈,1461.6,2408878496.0,3433,1648.3
2020-05,여름,31.1,56979310.0,67,1833.5
2020-05,월동,2213.9,1547405220.0,495,699.0
2020-05,저장,1439.5,1387220580.0,216,963.7
2020-05,절임,140.2,193583000.0,15,1380.9
2020-06,가을,551.4,271683400.0,100,492.7
2020-06,고랭지,195.2,112511100.0,61,576.4
2020-06,기타,6249.2,3313692135.0,2763,530.3
2020-06,기타부산물,10.8,15074515.0,101,1395.7
2020-06,봄,15635.0,8544515357.0,2000,546.5
2020-06,수입,1.3,1359600.0,5,1020.7
2020-06,쌈,1861.6,2332955281.0,3692,1253.2
2020-06,여름,343.0,227202790.0,180,662.4
2020-06,월동,2507.1,1346907110.0,627,537.2
2020-06,저장,554.0,207794400.0,127,375.1
2020-06,절임,148.4,221829000.0,16,1495.2
2020-07,가을,663.1,346320000.0,118,522.3
2020-07,고랭지,1566.3,1204513400.0,337,769.0
2020-07,기타,6072.3,4246345222.0,3002,699.3
2020-07,기타부산물,17.0,29093008.0,122,1709.1
2020-07,봄,1761.6,1345504238.0,847,763.8
2020-07,쌈,2017.7,2770488454.0,3439,1373.1
2020-07,여름,11704.5,8812941488.0,1050,753.0
2020-07,월동,2234.2,1447365730.0,557,647.8
2020-07,저장,395.1,202330000.0,77,512.1
2020-07,절임,176.2,260591000.0,19,1478.8
2020-08,가을,539.5,392513289.0,103,727.9
2020-08,고랭지,11671.0,13874202450.0,659,1188.8
2020-08,기타,5692.0,5818870774.0,2877,1022.3
2020-08,기타부산물,13.1,34781453.0,132,2659.6
2020-08,봄,1419.3,1811475014.0,679,1276.3
2020-08,수입,0.0,10000.0,1,5000.0
2020-08,쌈,1890.3,4493136019.0,3120,2377.0
2020-08,여름,1718.3,2134637240.0,579,1242.3
2020-08,월동,2241.2,2270184680.0,483,1012.9
2020-08,저장,315.4,267546800.0,53,848.3
2020-08,절임,240.4,361387500.0,22,1503.1
2020-09,가을,576.2,545946100.0,105,959.8
2020-09,고랭지,18412.1,32389818680.0,1038,1759.2
2020-09,기타,7238.8,10801091648.0,3717,1492.1
2020-09,기타부산물,9.7,37778598.0,127,3897.5
2020-09,봄,2008.4,3590772400.0,916,1787.9
2020-09,수입,5.7,7250000.0,2,1267.5
2020-09,쌈,1452.5,4884603797.0,3127,3362.9
2020-09,여름,1496.0,2496911885.0,471,1669.0
2020-09,월동,3304.2,5194985265.0,701,1572.2
2020-09,저장,488.8,619673100.0,85,1267.9
2020-09,절임,118.4,230910000.0,10,1949.9
2020-10,가을,18584.8,12745548905.0,1448,685.8
2020-10,고랭지,1883.6,1590619220.0,439,844.5
2020-10,기타,10266.8,6456110284.0,5409,628.8
2020-10,기타부산물,23.2,46278143.0,191,1997.3
2020-10,봄,1944.5,1271391580.0,1018,653.8
2020-10,쌈,2409.4,3330132874.0,4371,1382.2
2020-10,여름,629.0,614908845.0,511,977.6
2020-10,월동,3274.4,2132724114.0,1028,651.3
2020-10,저장,636.8,326557400.0,133,512.8
2020-10,절임,155.3,280655000.0,19,1806.9
2020-11,가을,34514.8,15013278460.0,3273,435.0
2020-11,고랭지,9.7,4691300.0,16,482.9
2020-11,기타,21723.1,8813850051.0,6795,405.7
2020-11,기타부산물,67.0,49862402.0,203,744.1
2020-11,봄,3566.3,1515341840.0,1228,424.9
2020-11,쌈,2288.1,2339133445.0,4715,1022.3
2020-11,여름,143.8,105070339.0,348,730.8
2020-11,월동,8051.9,3188183140.0,1654,396.0
2020-11,저장,1850.5,553636550.0,356,299.2
2020-11,절임,4148.6,5532713820.0,750,1333.6
2020-12,가을,15731.9,4860426055.0,1662,309.0
2020-12,고랭지,0.2,108000.0,3,500.0
2020-12,기타,9119.5,3400742649.0,3800,372.9
2020-12,기타부산물,217.9,116077723.0,220,532.8
2020-12,봄,1844.4,610171300.0,653,330.8
2020-12,수입,0.0,10000.0,1,10000.0
2020-12,쌈,1930.3,2015055812.0,4537,1044.0
2020-12,여름,73.6,62159226.0,233,844.8
2020-12,월동,2930.2,818139898.0,608,279.2
2020-12,저장,867.5,182618240.0,187,210.5
2020-12,절임,2908.1,3574323300.0,628,1229.1
2021-01,가을,1039.9,379647610.0,183,365.1
2021-01,고랭지,0.1,21700.0,3,310.0
2021-01,기타,3720.2,1549110684.0,2094,416.4
2021-01,기타부산물,59.3,41899281.0,226,707.1
2021-01,봄,366.6,127967300.0,132,349.1
2021-01,쌈,2260.6,2341942570.0,4185,1036.0
2021-01,여름,83.1,64021620.0,193,770.1
2021-01,월동,8371.4,3129422110.0,806,373.8
2021-01,저장,269.0,75410700.0,78,280.3
2021-01,절임,282.0,341525480.0,51,1211.0
2021-02,가을,641.4,260027400.0,99,405.4
2021-02,고랭지,0.5,864450.0,5,1656.0
2021-02,기타,3754.5,2001646467.0,2284,533.1
2021-02,기타부산물,67.4,53310700.0,239,791.5
2021-02,봄,410.7,196425720.0,160,478.2
2021-02,쌈,2061.2,2001290294.0,3640,970.9
2021-02,여름,78.5,56508042.0,174,720.1
2021-02,월동,9841.4,5178529800.0,1033,526.2
2021-02,저장,293.6,145455080.0,84,495.5
2021-02,절임,83.5,89300300.0,14,1070.0
2021-03,가을,518.7,272004100.0,85,525.0
2021-03,고랭지,0.7,331600.0,5,459.3
2021-03,기타,4287.7,2805515047.0,2739,654.3
2021-03,기타부산물,32.6,17153168.0,144,526.5
2021-03,봄,485.9,346763430.0,199,713.7
2021-03,쌈,1688.0,2275215611.0,3588,1347.8
2021-03,여름,45.8,34524350.0,132,753.1
2021-03,월동,7807.8,5057660330.0,997,647.8
2021-03,저장,4706.8,3358155280.0,272,713.5
2021-03,절임,147.7,212071700.0,16,1436.2
2021-04,가을,467.9,236173500.0,72,504.7
2021-04,고랭지,0.6,337750.0,2,614.1
2021-04,기타,4771.3,3426727427.0,2898,718.2
2021-04,기타부산물,8.6,12027682.0,108,1401.7
2021-04,봄,1962.5,1271712820.0,400,648.0
2021-04,쌈,1606.8,2358042954.0,3730,1468.0
2021-04,여름,25.8,39955280.0,51,1546.4
2021-04,월동,2478.5,1704632310.0,499,687.8
2021-04,저장,8552.9,5932073490.0,517,693.6
2021-04,절임,151.3,232940000.0,10,1539.2
2021-05,가을,558.9,204228500.0,101,366.8
2021-05,고랭지,0.1,35500.0,2,268.9
2021-05,기타,5353.8,2409438973.0,2588,450.0
2021-05,기타부산물,8.7,9955449.0,98,1144.4
2021-05,봄,11185.9,4741521375.0,1293,423.9
2021-05,쌈,1728.6,2319190805.0,3708,1341.7
2021-05,여름,37.8,42185970.0,81,1115.0
2021-05,월동,1924.6,792613866.0,475,411.8
2021-05,저장,1797.2,891394400.0,185,496.0
2021-05,절임,211.9,317958000.0,8,1500.5
2021-06,가을,548.9,195844900.0,89,357.4
2021-06,고랭지,139.9,67081500.0,45,479.5
2021-06,기타,6251.7,2530253307.0,2673,404.7
2021-06,기타부산물,9.2,10092860.0,90,1094.7
2021-06,봄,13524.1,5556010795.0,1437,410.8
2021-06,쌈,1455.1,1906944277.0,3170,1310.7
2021-06,여름,534.6,267941340.0,235,501.2
2021-06,월동,1981.1,755666570.0,480,381.4
2021-06,저장,417.3,120364300.0,94,288.5
2021-06,절임,225.0,331644000.0,7,1474.0
2021-07,가을,738.2,256395300.0,126,348.6
2021-07,고랭지,2349.6,1062693350.0,471,452.3
2021-07,기타,7424.4,3103120129.0,3508,418.0
2021-07,기타부산물,9.8,11262894.0,87,1147.4
2021-07,봄,741.0,295088919.0,296,398.3
2021-07,수입,0.1,130000.0,2,1300.0
2021-07,쌈,1771.6,2276913451.0,3315,1285.3
2021-07,여름,12027.0,4585525180.0,912,381.3
2021-07,월동,2361.0,890824230.0,579,377.3
2021-07,저장,186.3,54980600.0,45,295.1
2021-07,절임,41.0,61929000.0,6,1508.6
2021-08,가을,720.5,332127500.0,93,461.7
2021-08,고랭지,13749.1,8737153574.0,870,635.5
2021-08,기타,8219.8,4602130300.0,3357,559.9
2021-08,기타부산물,9.1,15213353.0,94,1669.8
2021-08,봄,716.3,459243400.0,254,641.1
2021-08,수입,0.1,72000.0,1,1200.0
2021-08,쌈,1885.6,3420007884.0,3139,1813.7
2021-08,여름,1252.7,871172095.0,488,695.5
2021-08,월동,1944.4,1073777460.0,493,552.2
2021-08,저장,332.1,165197600.0,46,497.5
2021-08,절임,69.0,153700000.0,5,2227.5
2021-09,가을,816.8,407552400.0,153,503.3
2021-09,고랭지,19031.0,15767460564.0,1237,828.5
2021-09,기타,10512.8,7421278890.0,3808,705.9
2021-09,기타부산물,6.5,10348371.0,78,1591.1
2021-09,봄,555.9,457115040.0,319,822.4
2021-09,쌈,2963.3,5245242295.0,3820,1770.1
2021-09,여름,1493.8,1380324450.0,580,924.1
2021-09,월동,2464.8,1882255150.0,642,763.7
2021-09,저장,362.4,222015700.0,53,612.6
2021-09,절임,2.8,6020000.0,1,2150.0
2021-10,가을,15772.0,6811648365.0,999,431.9
2021-10,고랭지,4429.2,1865031942.0,699,421.1
2021-10,기타,11169.6,4706681931.0,4378,421.4
2021-10,기타부산물,11.7,13287004.0,111,1131.6
2021-10,봄,392.7,197715270.0,310,503.5
2021-10,쌈,2302.1,3325656221.0,4085,1444.6
2021-10,여름,471.5,246597000.0,325,523.0
2021-10,월동,2114.1,933812540.0,662,441.7
2021-10,저장,602.3,176693000.0,89,293.4
2021-10,절임,232.2,122876000.0,11,529.1
2021-11,가을,33830.9,25290362300.0,2680,747.7
2021-11,고랭지,701.2,462178850.0,153,659.1
2021-11,기타,20377.0,14582032747.0,5712,715.6
2021-11,기타부산물,37.0,37952259.0,163,1027.0
2021-11,봄,864.3,671423860.0,428,776.9
2021-11,쌈,1642.6,2614761646.0,4103,1591.8
2021-11,여름,225.4,206794820.0,218,917.5
2021-11,월동,5113.0,3406350930.0,1442,666.2
2021-11,저장,1376.0,765750900.0,228,556.5
2021-11,절임,5313.1,8213545140.0,747,1545.9
2021-12,가을,14493.7,9396234910.0,1453,648.3
2021-12,고랭지,1.8,969875.0,9,541.2
2021-12,기타,9553.5,6388228869.0,3957,668.7
2021-12,기타부산물,190.5,187594811.0,239,984.6
2021-12,봄,883.8,517547830.0,346,585.6
2021-12,쌈,1731.3,2444601719.0,4272,1412.0
2021-12,여름,57.0,64158250.0,134,1124.9
2021-12,월동,2091.7,1187857940.0,738,567.9
2021-12,저장,716.4,331496000.0,182,462.7
2021-12,절임,2728.6,3953675570.0,497,1449.0
2022-01,가을,975.2,561608940.0,288,575.9
2022-01,고랭지,0.1,89250.0,1,892.5
2022-01,기타,4970.8,3075805778.0,2627,618.8
2022-01,기타부산물,85.4,74005839.0,281,866.9
2022-01,봄,335.4,199647400.0,131,595.3
2022-01,수입,0.0,10700.0,1,2675.0
2022-01,쌈,2292.3,3476823805.0,4617,1516.8
2022-01,여름,61.4,76801130.0,144,1249.9
2022-01,월동,9733.7,5992491160.0,933,615.6
2022-01,저장,317.3,160644400.0,91,506.4
2022-01,절임,44.2,50017000.0,36,1132.1
2022-02,가을,354.3,160605500.0,64,453.4
2022-02,고랭지,0.6,290000.0,2,483.3
2022-02,기타,3877.8,2583237971.0,1988,666.2
2022-02,기타부산물,39.7,36331805.0,199,914.6
2022-02,봄,277.7,185440800.0,123,667.7
2022-02,쌈,1569.5,2598969731.0,3274,1656.0
2022-02,여름,48.7,69508430.0,130,1427.2
2022-02,월동,8416.2,5720595020.0,802,679.7
2022-02,저장,325.3,187816100.0,68,577.3
2022-02,절임,6.8,8764000.0,7,1292.6
2022-03,가을,523.5,257221000.0,84,491.4
2022-03,고랭지,0.6,584000.0,7,928.5
2022-03,기타,5626.0,4006153932.0,2165,712.1
2022-03,기타부산물,20.6,25567827.0,151,1240.2
2022-03,봄,356.2,269624800.0,125,757.0
2022-03,쌈,1622.1,3577415781.0,3671,2205.4
2022-03,여름,34.6,53685370.0,107,1553.3
2022-03,월동,6369.4,4733363505.0,809,743.1
2022-03,저장,4976.0,3949339420.0,220,793.7
2022-03,절임,22.5,32951000.0,5,1461.9
2022-04,가을,659.3,440952100.0,169,669.1
2022-04,고랭지,0.7,942000.0,6,1308.3
2022-04,기타,5017.6,4204951431.0,2452,838.0
2022-04,기타부산물,20.5,28486350.0,135,1390.2
2022-04,봄,1352.1,1002596350.0,271,741.5
2022-04,쌈,1598.1,3275365903.0,3799,2049.7
2022-04,여름,26.6,60062150.0,58,2255.9
2022-04,월동,2108.9,1875151605.0,513,889.2
2022-04,저장,9493.7,8180355500.0,373,861.7
2022-04,절임,1.0,1550000.0,1,1550.0
2022-05,가을,857.9,490327800.0,217,572.1
2022-05,고랭지,1.5,1223000.0,4,813.2
2022-05,기타,4629.8,3115886618.0,2600,673.0
2022-05,기타부산물,12.3,17876310.0,135,1455.4
2022-05,봄,11784.8,7453797385.0,1200,632.5
2022-05,수입,0.6,165000.0,1,275.0
2022-05,쌈,2126.0,3444520470.0,3998,1620.3
2022-05,여름,40.8,62133710.0,87,1521.4
2022-05,월동,1437.4,991835390.0,455,690.0
2022-05,저장,2434.2,2109681250.0,181,866.7
2022-05,절임,10.0,14124000.0,2,1406.8
2022-06,가을,824.6,458480600.0,184,556.2
2022-06,고랭지,27.6,22383880.0,14,810.1
2022-06,기타,5973.9,3797886646.0,2952,635.7
2022-06,기타부산물,16.3,20835517.0,130,1280.1
2022-06,봄,15775.8,10422865605.0,1447,660.7
2022-06,수입,0.2,187000.0,1,1100.0
2022-06,쌈,1832.9,3595829465.0,3709,1961.9
2022-06,여름,96.4,110672560.0,125,1148.4
2022-06,월동,1515.9,1048455670.0,508,691.6
2022-06,저장,357.3,185789540.0,62,520.0
2022-06,절임,0.0,128000.0,1,3200.0
2022-07,가을,692.3,576908800.0,179,833.8
2022-07,고랭지,1769.5,1950621100.0,279,1102.3
2022-07,기타,6769.6,6316713609.0,3500,933.1
2022-07,기타부산물,17.8,33036902.0,134,1857.9
2022-07,봄,1094.4,1008599240.0,258,921.6
2022-07,수입,0.1,66000.0,1,1100.0
2022-07,쌈,2048.3,4534270743.0,3508,2213.7
2022-07,여름,11154.3,11111572745.0,870,996.2
2022-07,월동,1224.3,1173770420.0,382,958.7
2022-07,저장,148.2,111677900.0,28,753.8
2022-07,절임,1.1,1717000.0,3,1546.8
2022-08,가을,802.9,771956100.0,204,963.0
2022-08,고랭지,17260.4,18214866500.0,777,1055.3
2022-08,기타,8610.0,8683142521.0,3838,1008.5
2022-08,기타부산물,11.4,25957202.0,147,2275.9
2022-08,봄,874.7,925292800.0,309,1057.9
2022-08,수입,1.6,429000.0,3,275.0
2022-08,쌈,2494.7,5657771733.0,3849,2269.1
2022-08,여름,1144.2,1327555030.0,474,1160.2
2022-08,월동,1876.2,1781224620.0,538,949.4
2022-08,저장,312.3,272733000.0,48,873.4
2022-08,절임,0.1,215000.0,1,4300.0
2022-09,가을,769.6,1104440300.0,214,1465.1
2022-09,고랭지,16963.5,29417103150.0,945,1734.1
2022-09,기타,7668.7,12788481333.0,4099,1667.6
2022-09,기타부산물,15.2,36866987.0,118,2423.1
2022-09,봄,780.9,1385884100.0,294,1774.7
2022-09,수입,0.1,110000.0,1,1100.0
2022-09,쌈,2556.3,7569159000.0,3890,2961.0
2022-09,여름,1053.1,2044239900.0,559,1941.1
2022-09,월동,1670.5,2761425960.0,564,1653.0
2022-09,저장,258.3,374403800.0,38,1449.4
2022-09,절임,0.0,224000.0,1,5600.0
2022-10,가을,15833.7,12316332700.0,1418,777.9
2022-10,고랭지,3594.8,2945770790.0,469,819.5
2022-10,기타,10211.8,7584278981.0,5537,742.7
2022-10,기타부산물,14.1,20059427.0,129,1418.5
2022-10,봄,1508.7,1149494339.0,444,761.9
2022-10,수입,0.3,202000.0,2,748.1
2022-10,쌈,2982.7,5373992662.0,4788,1801.9
2022-10,여름,422.5,460676180.0,370,1090.3
2022-10,월동,1831.1,1540713130.0,834,841.4
2022-10,저장,497.7,276612300.0,89,555.8
2022-10,절임,4.7,6992600.0,10,1478.4
2022-11,가을,31986.1,13492344540.0,2821,421.9
2022-11,고랭지,42.1,18095640.0,29,429.5
2022-11,기타,18942.1,7962674021.0,5885,420.4
2022-11,기타부산물,125.6,88676034.0,167,706.0
2022-11,봄,2916.8,1155693960.0,586,396.2
2022-11,수입,0.1,55000.0,2,1100.0
2022-11,쌈,2586.2,2935713824.0,5281,1135.2
2022-11,여름,120.9,105893300.0,271,875.7
2022-11,월동,4299.7,1682377681.0,1237,391.3
2022-11,저장,1378.7,410858500.0,239,298.0
2022-11,절임,5202.7,7324439270.0,987,1407.8
2022-12,가을,12505.4,4650202980.0,1019,371.9
2022-12,고랭지,51.6,50826000.0,5,985.2
2022-12,기타,9663.9,4765676056.0,3426,493.1
2022-12,기타부산물,277.8,194610752.0,221,700.7
2022-12,봄,2093.0,733465670.0,461,350.4
2022-12,수입,0.4,121000.0,2,275.0
2022-12,쌈,2038.7,2612663669.0,4310,1281.6
2022-12,여름,80.1,90807010.0,120,1133.1
2022-12,월동,2346.8,849023932.0,653,361.8
2022-12,저장,591.9,167680880.0,101,283.3
2022-12,절임,3640.3,4430217175.0,793,1217.0
2023-01,가을,867.3,315018740.0,161,363.2
2023-01,고랭지,6.3,3476500.0,10,548.7
2023-01,기타,4217.6,1809803513.0,2206,429.1
2023-01,기타부산물,138.0,71329667.0,251,516.8
2023-01,봄,668.8,262517910.0,215,392.5
2023-01,수입,0.7,187000.0,2,275.0
2023-01,쌈,2473.0,2575685307.0,4113,1041.6
2023-01,여름,89.5,81767710.0,198,913.5
2023-01,월동,7331.6,2771783461.0,667,378.1
2023-01,저장,252.2,71404600.0,48,283.1
2023-01,절임,129.2,98253250.0,57,760.5
2023-02,가을,701.4,282986100.0,168,403.5
2023-02,고랭지,1.6,443750.0,4,278.7
2023-02,기타,4550.2,2119283631.0,2288,465.8
2023-02,기타부산물,104.9,99768134.0,294,951.5
2023-02,봄,679.1,319211790.0,228,470.0
2023-02,수입,0.1,66000.0,2,1100.0
2023-02,쌈,2470.8,2743224449.0,4169,1110.3
2023-02,여름,89.5,96766610.0,223,1080.9
2023-02,월동,9203.4,3988782565.0,862,433.4
2023-02,저장,286.0,94807220.0,51,331.5
2023-02,절임,17.8,17365000.0,6,974.5
2023-03,가을,666.2,313253700.0,151,470.2
2023-03,고랭지,0.9,723000.0,5,767.5
2023-03,기타,5277.8,2893688233.0,2436,548.3
2023-03,기타부산물,47.5,42079241.0,221,885.1
2023-03,봄,819.4,488095745.0,292,595.7
2023-03,수입,0.7,198000.0,2,275.0
2023-03,쌈,2107.3,3074651998.0,3933,1459.1
2023-03,여름,62.2,63329810.0,138,1018.8
2023-03,월동,5393.5,3215174595.0,714,596.1
2023-03,저장,5489.7,2990779810.0,268,544.8
2023-04,가을,454.7,219790900.0,94,483.3
2023-04,고랭지,12.5,6055200.0,6,485.2
2023-04,기타,4851.9,3057357612.0,2599,630.1
2023-04,기타부산물,25.2,28372826.0,174,1123.9
2023-04,봄,1444.2,931444855.0,402,645.0
2023-04,수입,0.3,336000.0,3,1018.2
2023-04,쌈,1800.0,3432311191.0,3839,1907.1
2023-04,여름,38.0,66133600.0,58,1740.3
2023-04,월동,1906.6,1267823380.0,529,665.0
2023-04,저장,7120.1,4992691880.0,383,701.2
2023-04,절임,1.1,2170000.0,3,2066.7
2023-05,가을,403.0,214389000.0,105,532.0
2023-05,고랭지,1.3,569800.0,4,427.8
2023-05,기타,5880.2,3439123288.0,2907,584.9
2023-05,기타부산물,23.0,28971287.0,154,1258.0
2023-05,봄,10270.2,6471796545.0,1092,630.2
2023-05,수입,0.3,312000.0,3,1155.6
2023-05,쌈,2251.7,3684660005.0,4218,1636.4
2023-05,여름,46.3,73170720.0,65,1581.0
2023-05,월동,1658.5,962501530.0,516,580.3
2023-05,저장,2825.5,1950904260.0,175,690.5
2023-05,절임,0.1,374000.0,2,3400.0
2023-06,가을,492.5,227757800.0,128,463.1
2023-06,고랭지,96.7,81819636.0,36,846.0
2023-06,기타,6698.6,3467768765.0,3019,517.7
2023-06,기타부산물,22.1,18350800.0,139,829.2
2023-06,봄,13543.1,8046314075.0,1363,594.1
2023-06,수입,0.1,72000.0,1,1200.0
2023-06,쌈,2524.1,3340329225.0,4300,1323.4
2023-06,여름,427.4,275792340.0,214,645.4
2023-06,월동,1453.9,755109920.0,490,519.4
2023-06,저장,286.6,116659200.0,57,407.0
2023-06,절임,3.0,5827000.0,5,1929.5
2023-07,가을,557.2,264872136.0,141,475.5
2023-07,고랭지,1869.7,1059526900.0,305,566.7
2023-07,기타,6697.3,3462128229.0,3470,516.9
2023-07,기타부산물,17.8,20871614.0,133,1170.9
2023-07,봄,1260.7,609850819.0,410,483.7
2023-07,수입,0.1,108000.0,3,1200.0
2023-07,쌈,2624.0,4034772637.0,3925,1537.7
2023-07,여름,10467.3,5595585190.0,778,534.6
2023-07,월동,1309.9,675332020.0,435,515.6
2023-07,저장,182.4,69448900.0,30,380.8
2023-07,절임,0.6,1290000.0,2,2345.5
2023-08,가을,503.2,394454500.0,141,783.8
2023-08,고랭지,13379.7,11660996480.0,669,871.5
2023-08,기타,6717.3,6324311823.0,3411,941.5
2023-08,기타부산물,13.6,20784131.0,144,1529.3
2023-08,봄,1000.7,990899456.0,349,990.2
2023-08,수입,0.0,65000.0,2,2166.7
2023-08,쌈,2352.0,6261039428.0,3609,2662.1
2023-08,여름,1800.0,1995368940.0,564,1108.5
2023-08,월동,1361.9,1215304350.0,456,892.4
2023-08,저장,127.4,129938700.0,21,1020.2
2023-08,절임,1.8,4140000.0,4,2300.0
2023-09,가을,618.0,462368700.0,132,748.5
2023-09,고랭지,19720.1,17156283140.0,849,870.0
2023-09,기타,10867.5,9025638325.0,4658,830.5
2023-09,기타부산물,19.9,29210000.0,139,1467.2
2023-09,봄,1642.5,1280934900.0,489,779.9
2023-09,수입,0.1,63520.0,3,1134.3
2023-09,쌈,3344.8,7320186059.0,4377,2188.5
2023-09,여름,2376.8,2368618115.0,806,996.6
2023-09,월동,2338.6,1829281818.0,724,782.2
2023-09,저장,319.5,209297100.0,48,655.1
2023-09,절임,10.5,42666000.0,5,4063.4
2023-10,가을,14953.4,11546953920.0,793,772.2
2023-10,고랭지,2873.6,2164278330.0,534,753.2
2023-10,기타,10744.2,7751104695.0,5187,721.4
2023-10,기타부산물,31.2,28977141.0,169,927.7
2023-10,봄,1544.2,1120390766.0,511,725.5
2023-10,수입,0.0,24000.0,1,1200.0
2023-10,쌈,3057.5,5287809451.0,5143,1729.5
2023-10,여름,994.3,854692580.0,507,859.6
2023-10,월동,1959.7,1313321780.0,951,670.2
2023-10,저장,275.6,137281700.0,59,498.2
2023-10,절임,3.1,8026000.0,7,2597.4
2023-11,가을,30847.8,16210522020.0,1846,525.5
2023-11,고랭지,185.7,88835400.0,77,478.5
2023-11,기타,18108.4,9016713489.0,5583,497.9
2023-11,기타부산물,135.1,112842895.0,209,835.4
2023-11,봄,2457.7,1249537680.0,598,508.4
2023-11,수입,0.1,108000.0,2,1200.0
2023-11,쌈,2380.2,3598386319.0,4964,1511.8
2023-11,여름,354.8,254918430.0,339,718.5
2023-11,월동,4471.5,2055491020.0,1317,459.7
2023-11,저장,1256.0,503014300.0,218,400.5
2023-11,절임,5862.2,8447026000.0,1081,1440.9
2023-12,가을,13840.9,7545697555.0,883,545.2
2023-12,고랭지,8.0,3232100.0,11,404.2
2023-12,기타,9950.7,6245680316.0,3163,627.7
2023-12,기타부산물,307.6,281219885.0,269,914.1
2023-12,봄,2069.7,1086198560.0,476,524.8
2023-12,수입,0.4,440750.0,2,1115.8
2023-12,쌈,2057.2,3282478566.0,4393,1595.6
2023-12,여름,84.7,121510920.0,166,1434.8
2023-12,월동,2618.1,1374038950.0,617,524.8
2023-12,저장,571.8,235495400.0,116,411.9
2023-12,절임,3996.6,5283251500.0,776,1321.9
2024-01,가을,1121.7,558957800.0,260,498.3
2024-01,기타,4204.5,2217436022.0,2229,527.4
2024-01,기타부산물,106.0,82741223.0,283,780.8
2024-01,봄,745.2,403931720.0,233,542.0
2024-01,수입,0.1,144150.0,3,1310.5
2024-01,쌈,2731.2,3912628625.0,4696,1432.6
2024-01,여름,137.0,165474550.0,342,1207.8
2024-01,월동,10323.6,5669449105.0,697,549.2
2024-01,저장,301.2,137014560.0,59,454.9
2024-01,절임,64.7,56850500.0,76,878.3
2024-02,가을,583.9,323392300.0,128,553.8
2024-02,고랭지,1.4,553700.0,3,400.4
2024-02,기타,3633.4,2589345697.0,1938,712.7
2024-02,기타부산물,40.0,29959740.0,235,748.8
2024-02,봄,773.4,509180510.0,199,658.3
2024-02,수입,0.1,72000.0,3,1200.0
2024-02,쌈,2471.3,4239692761.0,3637,1715.6
2024-02,여름,114.7,148880050.0,263,1298.2
2024-02,월동,9711.7,6470384277.0,727,666.2
2024-02,저장,483.7,295472880.0,91,610.9
2024-02,절임,4.5,6371000.0,15,1422.1
2024-03,가을,371.5,279042700.0,95,751.1
2024-03,고랭지,0.7,350000.0,2,470.4
2024-03,기타,3933.2,3533221656.0,1797,898.3
2024-03,기타부산물,22.3,25054611.0,207,1122.3
2024-03,봄,861.0,762244400.0,231,885.4
2024-03,수입,0.2,242020.0,4,1329.8
2024-03,쌈,2215.1,5601348213.0,3659,2528.7
2024-03,여름,51.8,101640870.0,154,1960.3
2024-03,월동,4405.4,4145371195.0,633,941.0
2024-03,저장,7363.2,6989589780.0,210,949.3
2024-03,절임,5.2,10168000.0,14,1959.2
2024-04,가을,243.8,247213900.0,62,1014.0
2024-04,고랭지,11.1,12713200.0,10,1145.3
2024-04,기타,3180.6,4067438954.0,1713,1278.8
2024-04,기타부산물,23.5,24792174.0,147,1053.0
2024-04,봄,2081.8,2397547450.0,457,1151.7
2024-04,수입,0.2,222250.0,4,1201.4
2024-04,쌈,2091.2,5032200844.0,3470,2406.3
2024-04,여름,47.9,110206780.0,73,2301.9
2024-04,월동,2218.1,3024162730.0,447,1363.4
2024-04,저장,8943.9,10734647120.0,227,1200.2
2024-04,절임,7.4,27898800.0,12,3774.7
2024-05,가을,292.6,199259500.0,82,681.0
2024-05,고랭지,2.9,1305800.0,6,451.5
2024-05,기타,5045.4,3929714098.0,2957,778.9
2024-05,기타부산물,19.8,15668927.0,157,792.4
2024-05,봄,13466.7,10297340825.0,1184,764.7
2024-05,수입,0.0,24000.0,1,1200.0
2024-05,쌈,3479.8,4800385435.0,4982,1379.5
2024-05,여름,85.8,100867870.0,108,1175.8
2024-05,월동,1357.4,1049582740.0,425,773.3
2024-05,저장,1530.0,1816768890.0,127,1187.4
2024-05,절임,2.2,5496000.0,6,2544.4
2024-06,가을,465.9,221018000.0,116,474.4
2024-06,고랭지,385.9,241263240.0,69,625.2
2024-06,기타,4795.1,2797636216.0,2777,583.4
2024-06,기타부산물,12.7,8353435.0,117,659.0
2024-06,봄,13646.9,7861137326.0,1031,576.0
2024-06,쌈,2701.7,3814023762.0,4265,1411.7
2024-06,여름,455.5,331111460.0,213,726.9
2024-06,월동,1179.7,659390510.0,431,558.9
2024-06,저장,268.4,125276200.0,47,466.8
2024-06,절임,1.5,3505000.0,11,2336.7
2024-07,가을,412.6,252529800.0,107,612.0
2024-07,고랭지,2309.3,1788669488.0,331,774.9
2024-07,기타,5412.3,4281851618.0,3140,791.4
2024-07,기타부산물,16.7,16760277.0,145,1006.6
2024-07,봄,993.9,836943870.0,336,842.0
2024-07,수입,6.2,3456800.0,4,559.4
2024-07,쌈,3088.0,5808563473.0,4389,1881.1
2024-07,여름,12965.0,10522208900.0,809,811.6
2024-07,월동,1163.6,927817460.0,471,797.4
2024-07,저장,142.9,90746620.0,27,634.8
2024-07,절임,2.1,5137000.0,8,2411.7
2024-08,가을,322.7,298934520.0,81,926.3
2024-08,고랭지,12796.7,16539019000.0,593,1292.4
2024-08,기타,4760.5,6180537883.0,3086,1298.3
2024-08,기타부산물,15.9,21512728.0,159,1349.4
2024-08,봄,687.6,923475600.0,321,1343.1
2024-08,수입,69.3,118622300.0,25,1712.5
2024-08,쌈,3020.3,7895165230.0,3794,2614.1
2024-08,여름,1315.0,1883993698.0,397,1432.7
2024-08,월동,1165.8,1532812900.0,387,1314.8
2024-08,저장,1791.4,2511804500.0,115,1402.2
2024-08,절임,4.0,6990000.0,7,1730.2
2024-09,가을,287.7,398275000.0,76,1384.6
2024-09,고랭지,15751.2,25740938194.0,688,1634.4
2024-09,기타,6040.3,9883657377.0,3355,1636.3
2024-09,기타부산물,11.6,16693592.0,134,1439.1
2024-09,봄,904.3,1483818150.0,331,1640.9
2024-09,수입,100.0,328698400.0,27,3285.7
2024-09,쌈,3742.7,12347263487.0,4156,3299.1
2024-09,여름,1590.3,2752877540.0,544,1731.1
2024-09,월동,1523.2,2489082560.0,584,1634.1
2024-09,저장,559.3,770436800.0,66,1377.4
2024-09,절임,1.6,4856000.0,4,3016.1
2024-10,가을,14026.2,19243275370.0,670,1371.9
2024-10,고랭지,2591.1,3536597730.0,493,1364.9
2024-10,기타,7297.6,9792181632.0,4933,1341.8
2024-10,기타부산물,18.4,20761747.0,181,1128.3
2024-10,봄,912.0,1203500130.0,430,1319.7
2024-10,수입,264.8,455146800.0,48,1718.6
2024-10,쌈,3330.9,9772410819.0,4941,2933.9
2024-10,여름,1302.2,1794068970.0,563,1377.7
2024-10,월동,1490.1,1886959320.0,720,1266.3
2024-10,저장,274.0,250177000.0,59,913.0
2024-10,절임,22.0,35235000.0,9,1601.6
2024-11,가을,30567.0,22295210870.0,1892,729.4
2024-11,고랭지,185.2,125136300.0,40,675.6
2024-11,기타,14557.4,10581365177.0,5947,726.9
2024-11,기타부산물,111.5,103105905.0,218,924.7
2024-11,봄,1681.3,1218293600.0,517,724.6
2024-11,수입,273.1,203216400.0,46,744.0
2024-11,쌈,2949.8,4845233315.0,5635,1642.8
2024-11,여름,415.0,381922990.0,407,920.4
2024-11,월동,3998.1,2836284500.0,1296,709.4
2024-11,저장,1119.5,606451100.0,207,541.7
2024-11,절임,4774.4,7385979450.0,921,1547.0
2024-12,가을,16665.8,14381737590.0,945,863.0
2024-12,고랭지,1.6,587800.0,6,370.6
2024-12,기타,9800.5,8848589101.0,4141,902.9
2024-12,기타부산물,260.4,312277917.0,325,1199.5
2024-12,봄,1496.5,1266473400.0,410,846.3
2024-12,수입,114.7,95783500.0,52,835.2
2024-12,쌈,2911.7,4540838418.0,5035,1559.5
2024-12,여름,112.2,148834440.0,306,1326.1
2024-12,월동,3627.6,3103174850.0,1022,855.4
2024-12,저장,707.0,452898300.0,168,640.6
2024-12,절임,4436.9,6663035126.0,755,1501.7
2025-01,가을,1154.9,1244611120.0,288,1077.7
2025-01,고랭지,2.6,1605900.0,10,622.4
2025-01,기타,2910.0,3578113193.0,2826,1229.6
2025-01,기타부산물,104.0,84958278.0,229,817.0
2025-01,봄,380.3,491667480.0,183,1292.7
2025-01,수입,187.7,220862800.0,39,1176.9
2025-01,쌈,2917.8,5419570636.0,4678,1857.4
2025-01,여름,62.7,102656310.0,172,1637.8
2025-01,월동,10043.7,12351294335.0,945,1229.8
2025-01,저장,214.6,205041200.0,91,955.3
2025-01,절임,91.1,133656200.0,61,1466.8
2025-02,가을,531.6,528264500.0,90,993.7
2025-02,고랭지,2.5,1778000.0,6,700.0
2025-02,기타,2897.9,3554599667.0,2347,1226.6
2025-02,기타부산물,79.6,69212379.0,256,869.2
2025-02,봄,397.0,518422090.0,261,1305.7
2025-02,수입,424.6,435337500.0,50,1025.4
2025-02,쌈,2441.8,5414405235.0,4301,2217.4
2025-02,여름,0.0,34200.0,1,1425.0
2025-02,월동,10044.0,13010908420.0,844,1295.4
2025-02,저장,218.3,217054160.0,61,994.3
2025-02,절임,41.9,69388900.0,22,1656.9
2025-03,가을,478.1,443073860.0,87,926.6
2025-03,고랭지,2.8,1672000.0,4,599.7
2025-03,기타,2632.6,3331782533.0,2125,1265.6
2025-03,기타부산물,35.5,25990256.0,179,732.7
2025-03,봄,441.6,579096910.0,247,1311.5
2025-03,수입,1118.4,950387800.0,114,849.8
2025-03,쌈,2663.9,5730175420.0,4268,2151.2
2025-03,여름,0.4,682170.0,8,1705.4
2025-03,월동,5782.3,7479580700.0,786,1293.7
2025-03,저장,8385.7,9264442750.0,200,1104.8
2025-03,절임,19.3,31826000.0,11,1650.7
2025-04,가을,474.6,353831150.0,82,745.6
2025-04,고랭지,1.3,866000.0,5,687.3
2025-04,기타,2962.5,2838426040.0,2101,958.1
2025-04,기타부산물,28.8,26406154.0,171,915.9
2025-04,봄,1442.9,979149897.0,475,678.6
2025-04,수입,718.5,379388600.0,105,528.0
2025-04,쌈,2919.1,5424660355.0,4626,1858.4
2025-04,여름,1.3,2359890.0,22,1774.4
2025-04,월동,3501.5,3412988780.0,685,974.7
2025-04,저장,10594.2,8654230540.0,256,816.9
2025-04,절임,5.4,7974000.0,10,1465.8
2025-05,가을,443.2,157260000.0,119,354.8
2025-05,고랭지,0.4,180000.0,3,405.4
2025-05,기타,3468.0,1900172518.0,2148,547.9
2025-05,기타부산물,15.5,13199696.0,150,851.8
2025-05,봄,12298.7,5095250650.0,1206,414.3
2025-05,수입,196.9,137089400.0,68,696.4
2025-05,쌈,3483.3,4787241436.0,4988,1374.4
2025-05,여름,5.1,2601620.0,30,506.3
2025-05,월동,1612.1,874320025.0,531,542.4
2025-05,저장,2980.8,1745351930.0,166,585.5
2025-05,절임,2.7,5480700.0,17,2059.6
2025-06,가을,453.9,222124000.0,101,489.4
2025-06,고랭지,76.2,43505100.0,21,570.9
2025-06,기타,3751.5,2082750460.0,2184,555.2
2025-06,기타부산물,34.1,28713758.0,130,841.8
2025-06,봄,14616.5,7257164627.0,1442,496.5
2025-06,수입,8.4,4497000.0,10,536.7
2025-06,쌈,3034.2,3681199052.0,4363,1213.2
2025-06,여름,539.6,257225390.0,89,476.7
2025-06,월동,1223.6,654857700.0,454,535.2
2025-06,저장,303.7,121252400.0,44,399.3
2025-06,절임,2.9,6030000.0,13,2093.8
2025-07,가을,461.6,328869000.0,118,712.5
2025-07,고랭지,1066.5,850471600.0,170,797.4
2025-07,기타,4038.3,3266902863.0,2383,809.0
2025-07,기타부산물,67.9,69619368.0,159,1024.8
2025-07,봄,1150.8,838393452.0,525,728.5
2025-07,수입,181.6,168982800.0,54,930.3
2025-07,쌈,3263.2,5559033973.0,4281,1703.6
2025-07,여름,13006.1,9420501605.0,821,724.3
2025-07,월동,1204.4,1036252700.0,526,860.4
2025-07,저장,491.8,409803500.0,45,833.3
2025-07,절임,1.8,3540000.0,10,2000.0
2025-08,가을,371.9,333987000.0,87,898.0
2025-08,고랭지,6553.6,8011630450.0,368,1222.5
2025-08,기타,3652.5,3914705965.0,2207,1071.8
2025-08,기타부산물,42.3,49085193.0,139,1159.3
2025-08,봄,752.8,855065210.0,423,1135.9
2025-08,수입,823.7,1072542200.0,122,1302.1
2025-08,쌈,2617.9,6653378692.0,3714,2541.6
2025-08,여름,1898.2,2527573520.0,548,1331.5
2025-08,월동,1270.1,1609400330.0,541,1267.1
2025-08,저장,5503.8,3697058600.0,290,671.7
2025-08,절임,1.8,3770000.0,11,2154.3
2025-09,가을,528.5,496161000.0,136,938.8
2025-09,고랭지,17492.6,17809262260.0,832,1018.1
2025-09,기타,4914.2,5699426865.0,3433,1159.8
2025-09,기타부산물,153.7,165756083.0,198,1078.4
2025-09,봄,1165.2,1370581310.0,684,1176.2
2025-09,수입,2317.5,2837399700.0,216,1224.3
2025-09,쌈,4185.7,10022036672.0,4786,2394.4
2025-09,여름,3228.5,3779158705.0,775,1170.7
2025-09,월동,2266.5,2853633550.0,948,1259.1
2025-09,저장,1146.4,914961500.0,93,798.1
2025-09,절임,6.0,12846100.0,29,2137.5
2025-10,가을,16530.9,10145234810.0,786,613.7
2025-10,고랭지,4343.2,3334480020.0,563,767.7
2025-10,기타,5995.5,4353612493.0,3821,726.1
2025-10,기타부산물,203.9,141881655.0,218,695.7
2025-10,봄,1217.1,925018370.0,680,760.0
2025-10,수입,1674.7,1663830300.0,157,993.5
2025-10,쌈,4509.3,7243515402.0,5246,1606.4
2025-10,여름,1062.6,887581375.0,401,835.3
2025-10,월동,1997.2,1515173078.0,1000,758.7
2025-10,저장,220.5,108485400.0,47,491.9
2025-10,절임,107.3,214886000.0,35,2002.3
2025-11,가을,32577.9,30546252350.0,2002,937.7
2025-11,고랭지,1544.1,1379897300.0,158,893.6
2025-11,기타,10405.9,9519469853.0,3882,914.8
2025-11,기타부산물,210.4,185982231.0,227,883.8
2025-11,봄,2261.3,1866803810.0,834,825.6
2025-11,수입,288.2,356810600.0,92,1238.1
2025-11,쌈,3569.1,5828594159.0,5749,1633.1
2025-11,여름,206.8,167190515.0,170,808.3
2025-11,월동,4294.3,3759188140.0,1209,875.4
2025-11,저장,1768.8,1161572100.0,210,656.7
2025-11,절임,6691.3,10998217850.0,923,1643.8
2025-12,가을,21676.1,19704484300.0,1304,909.0
2025-12,고랭지,0.3,408000.0,3,1175.8
2025-12,기타,6634.4,6313893457.0,3110,951.7
2025-12,기타부산물,269.2,317937386.0,260,1181.0
2025-12,봄,2416.9,2237424150.0,658,925.7
2025-12,수입,189.4,224067500.0,76,1183.0
2025-12,쌈,3264.5,5413879771.0,5643,1658.4
2025-12,여름,25.4,20483540.0,44,808.0
2025-12,월동,3993.1,3568725607.0,994,893.7
2025-12,저장,829.0,558120800.0,130,673.2
2025-12,절임,5731.1,9840868692.0,794,1717.1
2026-01,가을,1108.4,827060555.0,240,746.2
2026-01,고랭지,6.7,8492780.0,12,1269.9
2026-01,기타,2709.5,2448276738.0,2038,903.6
2026-01,기타부산물,42.2,35855506.0,229,848.8
2026-01,봄,712.7,559457320.0,304,785.0
2026-01,수입,260.0,276734000.0,88,1064.4
2026-01,쌈,3763.0,6004926358.0,5320,1595.8
2026-01,여름,4.8,2322250.0,32,479.5
2026-01,월동,10840.3,8742610198.0,940,806.5
2026-01,저장,285.3,181030690.0,70,634.5
2026-01,절임,44.3,64034900.0,79,1446.1
2026-02,가을,650.7,510890550.0,138,785.2
2026-02,고랭지,19.5,18088900.0,14,925.8
2026-02,기타,2520.1,2118410393.0,1844,840.6
2026-02,기타부산물,27.2,18549585.0,160,682.2
2026-02,봄,702.3,529574250.0,306,754.0
2026-02,수입,223.4,318878060.0,76,1427.4
2026-02,쌈,3558.7,6177328823.0,4529,1736.0
2026-02,여름,4.4,3354590.0,31,764.1
2026-02,월동,10772.6,8233245250.0,902,764.3
2026-02,저장,314.6,204474140.0,64,649.9
2026-02,절임,11.9,19382100.0,34,1624.7
2026-03,가을,712.9,478994300.0,155,671.9
2026-03,고랭지,296.1,206578485.0,10,697.6
2026-03,기타,2940.5,2057242860.0,1847,699.6
2026-03,기타부산물,20.9,14350419.0,114,688.0
2026-03,봄,703.6,485779570.0,269,690.4
2026-03,수입,118.2,149494300.0,55,1265.0
2026-03,쌈,3396.2,4946260898.0,4604,1456.4
2026-03,여름,2.2,1518400.0,27,692.4
2026-03,월동,7710.6,5476515785.0,808,710.3
2026-03,저장,5324.3,3402890215.0,190,639.1
2026-03,절임,13.0,22048000.0,44,1692.1
2026-04,가을,635.1,451325500.0,86,710.6
2026-04,고랭지,136.1,111799860.0,6,821.5
2026-04,기타,2917.8,1729082508.0,1795,592.6
2026-04,기타부산물,16.2,12571989.0,117,777.6
2026-04,봄,1425.1,645014600.0,392,452.6
2026-04,수입,128.4,155916000.0,44,1214.5
2026-04,쌈,3946.2,5940472785.0,4120,1505.4
2026-04,월동,4667.9,2405627020.0,637,515.4
2026-04,저장,9775.3,5065771994.0,288,518.2
2026-04,절임,16.5,27289000.0,36,1652.9
2026-05,가을,579.3,275003500.0,85,474.7
2026-05,고랭지,291.2,267450700.0,13,918.3
2026-05,기타,2926.2,1489835212.0,1965,509.1
2026-05,기타부산물,19.7,14367949.0,113,728.5
2026-05,봄,8514.3,2932235755.0,1026,344.4
2026-05,수입,63.2,65298800.0,42,1033.6
2026-05,쌈,3934.5,5094988918.0,4449,1295.0
2026-05,월동,2770.9,1230234070.0,524,444.0
2026-05,저장,4700.8,2295256895.0,194,488.3
2026-05,절임,8.2,14589000.0,27,1768.4
2026-06,가을,486.6,224313000.0,101,461.0
2026-06,고랭지,183.1,165854405.0,18,906.0
2026-06,기타,2789.1,1325579237.0,2298,475.3
2026-06,기타부산물,18.5,10220740.0,103,551.8
2026-06,봄,13274.8,5466259570.0,1426,411.8
2026-06,수입,12.9,6053200.0,9,470.3
2026-06,쌈,3577.7,3950475554.0,4533,1104.2
2026-06,여름,260.8,139677300.0,56,535.5
2026-06,월동,1031.5,401545610.0,452,389.3
2026-06,저장,525.4,294877600.0,56,561.2
2026-06,절임,6.8,11704500.0,28,1730.2
2026-07,가을,1507.7,838103000.0,138,555.9
2026-07,고랭지,1955.9,983363210.0,167,502.8
2026-07,기타,4178.8,2720588106.0,2749,651.0
2026-07,기타부산물,41.7,28148104.0,130,675.2
2026-07,봄,1507.3,708176785.0,575,469.8
2026-07,수입,72.5,45015700.0,60,621.2
2026-07,쌈,5834.4,6877050469.0,4183,1178.7
2026-07,여름,15108.5,6944516475.0,825,459.6
2026-07,월동,2781.6,1463355838.0,614,526.1
2026-07,저장,190.1,77506300.0,26,407.7
2026-07,절임,4.5,7981550.0,27,1793.6
2026-08,가을,1213.9,943429000.0,129,777.2
2026-08,고랭지,12034.6,8552190705.0,550,710.6
2026-08,기타,3796.3,3433727991.0,2577,904.5
2026-08,기타부산물,38.3,33627245.0,105,877.8
2026-08,봄,988.5,770622400.0,467,779.6
2026-08,수입,320.9,428730100.0,89,1336.2
2026-08,쌈,5073.1,11229625612.0,3632,2213.6
2026-08,여름,3079.9,2376891440.0,493,771.7
2026-08,월동,3018.7,2479359325.0,564,821.3
2026-08,저장,4304.4,3396700800.0,269,789.1
2026-08,절임,2.4,4067540.0,13,1727.2
2026-09,가을,540.0,495555000.0,141,917.8
2026-09,고랭지,19222.7,19331255455.0,1039,1005.6
2026-09,기타,4222.8,4443914639.0,2767,1052.4
2026-09,기타부산물,159.9,194849060.0,139,1218.4
2026-09,봄,1220.4,1335138560.0,557,1094.2
2026-09,수입,746.5,1041833600.0,130,1395.6
2026-09,쌈,3325.4,8258513051.0,4011,2483.5
2026-09,여름,2243.1,2369439385.0,525,1056.8
2026-09,월동,2307.6,2421868216.0,818,1049.5
2026-09,저장,856.3,710250900.0,81,829.4
2026-09,절임,3.6,6020000.0,19,1684.4
2026-10,가을,4887.2,4246068795.0,236,868.8
2026-10,고랭지,858.1,734551975.0,141,856.0
2026-10,기타,1462.0,1426855150.0,949,975.9
2026-10,기타부산물,58.6,44656172.0,52,762.1
2026-10,봄,251.3,221398300.0,201,880.9
2026-10,수입,257.4,176442600.0,46,685.4
2026-10,쌈,986.2,1469041239.0,1342,1489.5
2026-10,여름,352.1,332411955.0,105,944.1
2026-10,월동,415.5,364779872.0,223,877.9
2026-10,저장,101.7,66268800.0,12,651.8
2026-10,절임,2.6,4353700.0,9,1700.0
