id,design_all_MAPE,design_all_n,design_summer_MAPE,design_summer_n,valid_all_MAPE,valid_all_n,valid_summer_MAPE,valid_summer_n,err_2020-08,err_2022-08,err_2024-08,err_2025-08,family
ridge|price|a1,18.37,96,24.62,32,13.97,24,18.33,8,-33.93,-32.89,-37.01,-9.12,ridge
ridge|price|a3,18.37,96,24.63,32,13.97,24,18.36,8,-34.14,-32.86,-37.01,-8.91,ridge
ridge|price|a10,18.36,96,24.66,32,13.97,24,18.47,8,-34.67,-32.79,-37.01,-8.32,ridge
ridge|price|a30,18.35,96,24.72,32,13.97,24,18.68,8,-35.42,-32.74,-36.98,-7.28,ridge
ridge|price|a100,18.39,96,25.07,32,13.93,24,19.05,8,-36.00,-32.95,-36.75,-6.02,ridge
ridge|price+supply|a1,19.84,96,25.01,32,13.40,24,18.08,8,-34.42,-32.66,-37.10,-9.93,ridge
ridge|price+supply|a3,19.81,96,25.03,32,13.40,24,18.11,8,-34.64,-32.63,-37.10,-9.70,ridge
ridge|price+supply|a10,19.71,96,25.08,32,13.41,24,18.22,8,-35.18,-32.55,-37.10,-9.03,ridge
ridge|price+supply|a30,19.50,96,25.14,32,13.40,24,18.42,8,-35.93,-32.49,-37.06,-7.85,ridge
ridge|price+supply|a100,19.23,96,25.37,32,13.28,24,18.72,8,-36.41,-32.74,-36.83,-6.34,ridge
ridge|price+supply+wx|a1,20.79,96,26.60,32,11.62,24,11.00,8,-21.60,-40.69,-24.40,4.50,ridge
ridge|price+supply+wx|a3,20.39,96,26.02,32,11.56,24,10.94,8,-23.59,-40.39,-25.09,3.95,ridge
ridge|price+supply+wx|a10,19.85,96,24.99,32,11.55,24,11.26,8,-25.17,-39.31,-26.05,3.70,ridge
ridge|price+supply+wx|a30,19.37,96,23.89,32,11.66,24,11.65,8,-25.64,-37.56,-26.96,4.16,ridge
ridge|price+supply+wx|a100,18.98,96,22.99,32,11.98,24,12.33,8,-25.20,-34.91,-27.74,5.94,ridge
ridge|price+supply+wx×summer|a1,21.08,96,31.03,32,11.99,24,12.20,8,-17.97,-32.07,-20.41,7.22,ridge
ridge|price+supply+wx×summer|a3,20.62,96,29.71,32,11.97,24,11.14,8,-19.34,-31.55,-21.94,7.53,ridge
ridge|price+supply+wx×summer|a10,20.10,96,28.12,32,12.24,24,10.97,8,-20.16,-31.44,-23.78,6.53,ridge
ridge|price+supply+wx×summer|a30,19.42,96,26.46,32,12.54,24,11.28,8,-19.10,-31.52,-25.39,4.56,ridge
ridge|price+supply+wx×summer|a100,18.69,96,24.75,32,12.83,24,11.85,8,-16.29,-30.85,-27.00,3.60,ridge
anom|CORE|all|a0.1,20.02,96,25.06,32,12.82,24,16.73,8,-22.44,-14.72,-12.60,19.49,anom
anom|CORE|all|a0.3,20.02,96,25.06,32,12.82,24,16.73,8,-22.43,-14.72,-12.59,19.52,anom
anom|CORE|all|a1,20.00,96,25.04,32,12.84,24,16.74,8,-22.37,-14.72,-12.55,19.63,anom
anom|CORE|all|a3,19.96,96,25.01,32,12.88,24,16.75,8,-22.21,-14.73,-12.44,19.93,anom
anom|CORE|all|a10,19.90,96,24.89,32,12.99,24,16.79,8,-21.80,-14.78,-12.13,20.79,anom
anom|CORE|summer|a0.1,21.35,96,29.04,32,11.72,24,13.44,8,-23.47,-9.64,-12.10,25.03,anom
anom|CORE|summer|a0.3,21.33,96,29.01,32,11.72,24,13.41,8,-23.39,-9.70,-12.08,25.07,anom
anom|CORE|summer|a1,21.28,96,28.88,32,11.71,24,13.34,8,-23.13,-9.92,-12.04,25.23,anom
anom|CORE|summer|a3,21.14,96,28.55,32,11.69,24,13.17,8,-22.52,-10.44,-11.92,25.64,anom
anom|CORE|summer|a10,20.91,96,27.91,32,11.67,24,12.83,8,-21.30,-11.52,-11.57,26.75,anom
anom|SPARSE|all|a0.1,19.48,96,24.07,32,13.33,24,16.87,8,-20.01,-15.19,-11.08,21.79,anom
anom|SPARSE|all|a0.3,19.48,96,24.07,32,13.33,24,16.87,8,-20.02,-15.19,-11.09,21.79,anom
anom|SPARSE|all|a1,19.48,96,24.06,32,13.33,24,16.86,8,-20.03,-15.19,-11.09,21.80,anom
anom|SPARSE|all|a3,19.47,96,24.05,32,13.34,24,16.85,8,-20.08,-15.17,-11.10,21.84,anom
anom|SPARSE|all|a10,19.46,96,24.00,32,13.35,24,16.82,8,-20.26,-15.13,-11.15,21.97,anom
anom|SPARSE|summer|a0.1,20.07,96,25.83,32,11.75,24,12.11,8,-13.68,-4.51,-11.05,22.59,anom
anom|SPARSE|summer|a0.3,20.07,96,25.83,32,11.75,24,12.11,8,-13.72,-4.54,-11.05,22.61,anom
anom|SPARSE|summer|a1,20.06,96,25.83,32,11.76,24,12.14,8,-13.84,-4.62,-11.06,22.69,anom
anom|SPARSE|summer|a3,20.07,96,25.83,32,11.79,24,12.20,8,-14.16,-4.84,-11.06,22.91,anom
anom|SPARSE|summer|a10,20.09,96,25.87,32,11.88,24,12.42,8,-15.23,-5.60,-11.08,23.63,anom
hgb|all|d3_lr0.04,17.96,96,23.51,32,12.27,24,15.76,8,-27.81,-39.97,-28.54,8.93,hgb
hgb|all|d4_lr0.04,17.95,96,24.65,32,12.15,24,15.18,8,-27.61,-32.99,-26.27,12.64,hgb
hgb|all|d6_lr0.04,17.84,96,24.64,32,13.82,24,16.27,8,-31.18,-23.83,-27.56,16.47,hgb
hgb|all|d4_lr0.1,18.25,96,24.94,32,14.22,24,16.66,8,-28.55,-32.52,-28.28,17.61,hgb
hgb|summer|d3_lr0.04,18.32,96,24.57,32,11.27,24,12.75,8,-19.72,-26.74,-35.57,15.97,hgb
hgb|summer|d4_lr0.04,18.07,96,25.03,32,11.00,24,11.74,8,-26.32,-25.55,-33.57,15.17,hgb
hgb|summer|d6_lr0.04,18.15,96,25.57,32,13.33,24,14.79,8,-23.69,-29.17,-35.28,20.74,hgb
hgb|summer|d4_lr0.1,18.19,96,24.76,32,13.54,24,14.62,8,-26.58,-25.54,-34.54,17.51,hgb
