origin,actual,summer,ridge|price|a1,ridge|price|a3,ridge|price|a10,ridge|price|a30,ridge|price|a100,ridge|price+supply|a1,ridge|price+supply|a3,ridge|price+supply|a10,ridge|price+supply|a30,ridge|price+supply|a100,ridge|price+supply+wx|a1,ridge|price+supply+wx|a3,ridge|price+supply+wx|a10,ridge|price+supply+wx|a30,ridge|price+supply+wx|a100,ridge|price+supply+wx×summer|a1,ridge|price+supply+wx×summer|a3,ridge|price+supply+wx×summer|a10,ridge|price+supply+wx×summer|a30,ridge|price+supply+wx×summer|a100,anom|CORE|all|a0.1,anom|CORE|all|a0.3,anom|CORE|all|a1,anom|CORE|all|a3,anom|CORE|all|a10,anom|CORE|summer|a0.1,anom|CORE|summer|a0.3,anom|CORE|summer|a1,anom|CORE|summer|a3,anom|CORE|summer|a10,anom|SPARSE|all|a0.1,anom|SPARSE|all|a0.3,anom|SPARSE|all|a1,anom|SPARSE|all|a3,anom|SPARSE|all|a10,anom|SPARSE|summer|a0.1,anom|SPARSE|summer|a0.3,anom|SPARSE|summer|a1,anom|SPARSE|summer|a3,anom|SPARSE|summer|a10,hgb|all|d3_lr0.04,hgb|all|d4_lr0.04,hgb|all|d6_lr0.04,hgb|all|d4_lr0.1,hgb|summer|d3_lr0.04,hgb|summer|d4_lr0.04,hgb|summer|d6_lr0.04,hgb|summer|d4_lr0.1
2016-01-31,7855.7,0,7665.5,7661.1,7639.3,7569.8,7380.8,7008.7,7019.1,7043.4,7077.0,7105.1,5212.0,5500.7,6040.9,6526.4,6810.5,4842.9,5183.1,5722.9,6245.5,6647.4,7386.0,7378.1,7351.8,7285.2,7111.2,7386.0,7378.1,7351.8,7285.2,7111.2,6853.4,6851.7,6846.0,6829.6,6774.3,6853.4,6851.7,6846.0,6829.6,6774.3,7131.3,7632.9,7245.9,7414.9,7131.3,7632.9,7245.9,7414.9
2016-02-29,10474.4,0,8756.0,8738.8,8694.3,8620.1,8516.0,8118.5,8116.0,8118.5,8148.2,8239.1,8141.6,8172.8,8247.9,8294.2,8300.3,7510.4,7638.0,7855.9,8049.9,8181.4,7879.0,7886.8,7912.2,7969.8,8073.1,7879.0,7886.8,7912.2,7969.8,8073.1,8193.4,8191.4,8184.7,8165.5,8100.2,8193.4,8191.4,8184.7,8165.5,8100.2,8366.1,8642.1,8746.3,8678.0,8366.1,8642.1,8746.3,8678.0
2016-03-31,15020.4,0,10205.9,10208.9,10210.9,10202.3,10210.4,9769.0,9769.7,9768.7,9778.3,9926.3,9532.2,9594.3,9604.3,9533.7,9548.6,11004.1,10784.8,10386.0,9959.6,9742.8,8016.6,8026.8,8060.0,8135.7,8271.7,8016.6,8026.8,8060.0,8135.7,8271.7,8540.5,8536.7,8523.5,8486.3,8361.3,8540.5,8536.7,8523.5,8486.3,8361.3,8490.3,8811.5,8507.1,8483.2,8490.3,8811.5,8507.1,8483.2
2016-04-30,10669.5,0,11724.3,11720.1,11719.4,11758.1,11956.0,12726.8,12684.4,12580.0,12448.6,12468.2,13004.4,12427.3,12181.0,12195.6,12367.1,12288.5,12506.1,12505.1,12165.4,12031.7,12662.4,12645.7,12589.2,12444.6,12054.5,12662.4,12645.7,12589.2,12444.6,12054.5,11846.9,11838.3,11808.6,11724.5,11442.4,11846.9,11838.3,11808.6,11724.5,11442.4,11933.0,12141.8,11830.8,12767.0,11933.0,12141.8,11830.8,12767.0
2016-05-31,5306.8,0,5667.7,5671.1,5691.4,5767.4,6016.3,6068.7,6063.1,6060.5,6102.5,6313.3,5809.1,5660.1,5672.8,5870.5,6228.8,5325.4,5463.5,5657.2,5839.6,6178.2,7599.3,7594.3,7577.7,7537.8,7444.5,7599.3,7594.3,7577.7,7537.8,7444.5,7361.5,7358.5,7347.9,7318.0,7216.4,7361.5,7358.5,7347.9,7318.0,7216.4,6882.6,6467.1,6652.8,6537.5,6882.6,6467.1,6652.8,6537.5
2016-06-30,6772.3,1,4781.2,4786.3,4800.5,4828.8,4885.3,4498.4,4513.8,4560.2,4656.4,4828.9,3505.6,3661.7,3917.9,4190.1,4517.2,3367.3,3609.8,3934.2,4238.1,4565.1,4750.8,4756.2,4774.3,4819.7,4934.4,5688.4,5689.0,5689.6,5684.1,5648.1,5150.9,5150.9,5151.2,5151.8,5153.5,5120.1,5120.3,5120.8,5122.3,5126.6,5559.5,5879.7,5777.3,5880.7,4509.2,4516.5,4516.5,4681.3
2016-07-31,13983.3,1,8604.9,8589.4,8552.1,8493.3,8374.0,8715.3,8695.2,8649.4,8587.7,8485.1,8400.8,8695.6,9011.5,9124.8,9088.0,8507.6,8997.3,9475.0,9679.4,9548.0,10718.4,10709.8,10681.7,10617.0,10483.9,9693.7,9668.1,9594.7,9457.0,9214.5,10810.8,10807.9,10797.6,10768.5,10670.9,9479.7,9474.4,9456.0,9405.2,9245.0,9664.8,9315.4,8903.5,8851.0,7526.3,7542.6,7542.6,7653.9
2016-08-31,18617.3,1,17022.2,17033.7,17061.8,17103.3,17151.9,17424.8,17420.7,17402.1,17357.3,17306.6,30053.0,27064.0,23793.4,21263.6,19289.4,31525.6,29404.4,27927.7,25874.8,22338.4,13167.0,13141.8,13061.3,12882.7,12572.2,8378.7,8348.8,8292.7,8301.0,8554.7,15239.9,15233.0,15208.6,15140.0,14909.3,10260.5,10253.1,10227.7,10158.3,9946.0,16999.6,15553.7,15682.6,16041.7,16509.0,16546.4,16741.9,17435.0
2016-09-30,8461.2,1,15435.0,15483.5,15602.0,15788.0,16126.3,14977.2,15034.9,15175.9,15397.3,15800.1,14719.2,14607.0,14060.2,13620.2,13702.9,21712.3,21808.7,19868.9,17665.7,16419.7,10909.1,10910.9,10915.7,10919.4,10867.2,6961.0,6903.3,6763.9,6616.3,6654.6,10501.6,10498.4,10487.4,10455.8,10345.2,7322.8,7321.2,7315.4,7296.6,7215.3,12528.5,11624.6,12177.1,11657.8,15326.5,15221.2,15191.6,14896.7
2016-10-31,7965.5,0,5431.7,5432.1,5432.7,5434.3,5463.7,6411.4,6383.7,6300.0,6134.6,5895.6,7481.6,7218.2,6864.0,6466.1,6039.5,8544.0,8053.4,7383.7,6654.4,5995.1,6509.6,6515.6,6534.2,6571.0,6602.5,6509.6,6515.6,6534.2,6571.0,6602.5,6523.6,6522.2,6517.1,6502.8,6454.2,6523.6,6522.2,6517.1,6502.8,6454.2,6234.8,6024.7,6005.4,6037.5,6234.8,6024.7,6005.4,6037.5
2016-11-30,8676.9,0,7448.1,7416.0,7350.2,7293.8,7308.5,6484.9,6468.7,6449.9,6486.4,6646.3,5921.9,6011.4,6123.8,6236.8,6395.6,6251.1,6350.5,6490.8,6597.0,6695.9,6701.3,6699.3,6692.6,6675.6,6629.7,6701.3,6699.3,6692.6,6675.6,6629.7,6763.9,6761.9,6755.2,6736.1,6671.8,6763.9,6761.9,6755.2,6736.1,6671.8,8490.6,9030.5,8718.5,8508.7,8490.6,9030.5,8718.5,8508.7
2016-12-31,8909.1,0,8969.1,8967.9,8968.7,8982.1,9018.7,8883.3,8876.6,8868.4,8886.0,8982.2,7355.2,7388.0,7533.0,7792.3,8220.7,7386.5,7377.2,7415.5,7571.2,7944.3,7746.4,7760.4,7806.1,7911.6,8112.7,7746.4,7760.4,7806.1,7911.6,8112.7,8056.2,8054.2,8047.1,8027.0,7957.1,8056.2,8054.2,8047.1,8027.0,7957.1,9829.2,10399.7,10823.4,10712.3,9829.2,10399.7,10823.4,10712.3
2017-01-31,9163.3,0,8133.7,8140.9,8154.9,8163.4,8155.7,7940.2,7953.0,7987.6,8051.2,8173.7,8246.7,8155.9,8135.6,8200.9,8322.2,7702.7,7617.2,7704.4,7885.4,8143.5,8766.5,8780.3,8825.0,8930.2,9143.1,8766.5,8780.3,8825.0,8930.2,9143.1,8759.8,8757.8,8751.0,8731.4,8664.6,8759.8,8757.8,8751.0,8731.4,8664.6,9096.6,8524.1,8461.7,8534.3,9096.6,8524.1,8461.7,8534.3
2017-02-28,7947.6,0,8474.2,8474.8,8472.8,8458.1,8424.3,7701.2,7721.8,7780.9,7897.5,8114.1,8531.9,8433.8,8313.9,8223.7,8201.5,8266.1,8341.7,8397.9,8401.1,8394.5,8268.4,8287.7,8350.5,8498.4,8799.8,8268.4,8287.7,8350.5,8498.4,8799.8,8838.6,8836.8,8830.8,8813.6,8755.3,8838.6,8836.8,8830.8,8813.6,8755.3,10061.2,9773.6,9463.5,9727.6,10061.2,9773.6,9463.5,9727.6
2017-03-31,6248.7,0,5786.3,5787.0,5791.2,5808.1,5877.1,6222.8,6216.2,6200.0,6179.9,6189.9,6662.6,6583.9,6487.3,6382.4,6296.0,7470.9,7265.4,7023.1,6795.8,6594.5,6631.0,6640.1,6669.7,6739.4,6883.1,6631.0,6640.1,6669.7,6739.4,6883.1,6864.5,6864.2,6863.3,6860.8,6852.3,6864.5,6864.2,6863.3,6860.8,6852.3,6873.6,7232.9,7234.2,7088.3,6873.6,7232.9,7234.2,7088.3
2017-04-30,3757.0,0,5670.9,5685.0,5723.0,5792.9,5930.1,6433.9,6436.0,6435.9,6422.0,6400.7,5061.9,5119.7,5245.4,5414.9,5639.5,5499.6,5552.0,5554.0,5565.9,5668.3,6470.4,6462.5,6436.4,6374.7,6242.1,6470.4,6462.5,6436.4,6374.7,6242.1,6273.0,6273.0,6273.1,6273.2,6273.7,6273.0,6273.0,6273.1,6273.2,6273.7,7131.7,6715.2,6604.9,6559.2,7131.7,6715.2,6604.9,6559.2
2017-05-31,3472.5,0,2856.2,2864.4,2886.8,2929.2,3014.4,2981.8,2988.9,3007.9,3043.0,3115.4,2859.9,2840.5,2832.9,2856.8,2949.5,2814.8,2763.7,2712.6,2752.8,2910.2,3660.8,3652.9,3627.0,3566.5,3444.0,3660.8,3652.9,3627.0,3566.5,3444.0,3316.0,3316.6,3318.5,3324.0,3342.7,3316.0,3316.6,3318.5,3324.0,3342.7,3650.7,3741.3,3948.0,3783.3,3650.7,3741.3,3948.0,3783.3
2017-06-30,8249.9,1,4110.4,4127.3,4165.0,4205.1,4213.0,4161.1,4181.7,4227.3,4274.8,4282.5,4521.7,4408.0,4294.7,4251.6,4233.3,3309.6,3399.6,3550.9,3736.1,3921.7,3458.5,3460.6,3467.7,3486.8,3543.4,3611.1,3642.5,3730.6,3877.1,4045.9,3574.3,3575.4,3579.0,3589.1,3623.4,3595.7,3599.1,3610.8,3642.9,3742.7,4017.4,4034.5,4130.5,4366.1,5010.9,4999.2,4876.1,5042.4
2017-07-31,13592.7,1,11698.0,11628.7,11464.7,11245.9,10980.4,13149.4,13023.0,12710.4,12248.1,11637.4,13266.0,13017.4,12629.7,12302.0,12049.6,13776.2,13082.2,12566.9,12296.1,12110.4,15016.8,14976.4,14844.8,14536.4,13899.1,12044.4,12095.7,12238.8,12478.6,12764.9,14340.3,14339.4,14336.1,14326.6,14289.9,14659.4,14654.4,14636.5,14584.0,14390.7,11528.1,11259.4,11990.3,11359.8,11230.3,11436.6,11408.3,11663.0
2017-08-31,14296.5,1,12485.4,12503.3,12565.3,12727.3,13133.2,13613.7,13607.3,13597.3,13612.5,13760.7,13010.8,12808.6,12654.3,12808.2,13462.4,14337.2,14588.6,14668.4,14477.8,14404.3,14605.1,14614.7,14646.6,14727.2,14925.9,12461.1,12533.8,12742.6,13099.9,13418.5,14985.6,14984.5,14980.8,14969.9,14929.3,12272.4,12269.5,12259.4,12230.4,12129.2,16152.5,16597.4,18442.3,16817.5,19320.6,19802.1,19296.6,18724.8
2017-09-30,6399.0,1,8992.8,9014.7,9077.9,9210.4,9535.6,9088.0,9108.8,9165.1,9272.0,9527.4,6880.2,6949.3,7100.2,7369.5,7842.1,6185.3,6623.6,7037.3,7281.0,7596.7,7325.2,7322.5,7313.8,7293.2,7248.5,4480.2,4479.1,4477.4,4483.7,4537.1,7665.7,7663.6,7656.2,7635.6,7567.0,5864.6,5861.1,5849.0,5816.6,5723.0,7787.1,7751.2,8110.7,7750.0,8354.7,8271.6,8305.5,7728.6
2017-10-31,4920.8,0,3287.1,3297.0,3319.6,3346.3,3375.5,3567.2,3572.4,3578.7,3566.1,3520.9,3992.3,3904.8,3776.1,3641.0,3518.2,4905.5,4729.6,4497.6,4226.0,3886.7,4210.7,4216.8,4237.0,4284.8,4383.2,4210.7,4216.8,4237.0,4284.8,4383.2,4358.7,4358.9,4359.7,4361.9,4369.6,4358.7,4358.9,4359.7,4361.9,4369.6,4293.2,4381.4,4182.7,4427.7,4293.2,4381.4,4182.7,4427.7
2017-11-30,5355.8,0,4681.6,4668.5,4642.6,4629.9,4680.8,4005.2,4003.0,4008.9,4060.3,4225.2,4114.7,4188.9,4241.6,4273.4,4363.5,4389.6,4450.0,4503.0,4545.6,4610.1,4911.8,4911.4,4910.0,4906.5,4897.6,4911.8,4911.4,4910.0,4906.5,4897.6,4904.9,4904.8,4904.7,4904.5,4903.7,4904.9,4904.8,4904.7,4904.5,4903.7,4893.2,5222.0,5135.4,5000.7,4893.2,5222.0,5135.4,5000.7
2017-12-31,5477.4,0,5067.9,5073.9,5094.2,5146.4,5273.6,5459.4,5458.1,5456.7,5464.4,5514.3,5224.2,5304.5,5388.8,5471.8,5584.6,5187.4,5285.3,5434.5,5578.6,5687.9,4935.3,4941.3,4961.1,5010.3,5126.4,4935.3,4941.3,4961.1,5010.3,5126.4,5206.8,5206.7,5206.5,5206.0,5204.3,5206.8,5206.7,5206.5,5206.0,5204.3,5262.8,5129.1,4896.3,5155.4,5262.8,5129.1,4896.3,5155.4
2018-01-31,8145.4,0,7542.0,7544.0,7550.2,7561.1,7560.9,8031.6,8023.5,8001.6,7963.6,7893.6,7648.3,7463.0,7346.3,7349.4,7418.0,7722.0,7587.0,7480.7,7435.7,7419.2,7152.1,7157.2,7174.0,7215.6,7312.2,7152.1,7157.2,7174.0,7215.6,7312.2,7632.4,7631.7,7629.4,7623.0,7601.0,7632.4,7631.7,7629.4,7623.0,7601.0,6832.4,7286.7,7454.0,6798.7,6832.4,7286.7,7454.0,6798.7
2018-02-28,8001.0,0,7361.7,7392.6,7468.9,7575.7,7702.6,7547.6,7584.4,7674.8,7799.5,7938.1,8123.9,8046.9,8026.4,8117.9,8222.2,7681.4,7647.5,7683.2,7823.1,8026.8,7403.8,7411.1,7435.3,7495.3,7633.1,7403.8,7411.1,7435.3,7495.3,7633.1,7706.4,7705.7,7703.1,7695.8,7671.1,7706.4,7705.7,7703.1,7695.8,7671.1,8157.4,8202.0,8727.6,8371.7,8157.4,8202.0,8727.6,8371.7
2018-03-31,7113.5,0,6922.0,6927.9,6943.1,6969.5,7025.3,7346.7,7348.1,7350.1,7348.7,7351.9,6515.1,6528.7,6552.8,6612.5,6736.8,7091.7,6935.7,6764.0,6662.5,6648.7,7695.5,7698.1,7706.5,7727.3,7773.3,7695.5,7698.1,7706.5,7727.3,7773.3,7944.4,7943.7,7941.3,7934.4,7910.8,7944.4,7943.7,7941.3,7934.4,7910.8,7385.6,7816.1,8019.0,8040.2,7385.6,7816.1,8019.0,8040.2
2018-04-30,4732.3,0,5439.2,5439.7,5444.8,5469.6,5562.0,5807.2,5802.9,5794.5,5794.3,5843.7,6275.9,6294.9,6264.9,6189.6,6148.0,4589.9,4724.7,4841.2,4938.3,5185.5,5934.8,5938.4,5950.5,5980.9,6053.6,5934.8,5938.4,5950.5,5980.9,6053.6,6011.5,6011.1,6009.8,6006.0,5993.1,6011.5,6011.1,6009.8,6006.0,5993.1,5181.4,4882.6,4530.2,5344.7,5181.4,4882.6,4530.2,5344.7
2018-05-31,4098.7,0,4625.7,4623.0,4618.2,4619.4,4636.2,4926.4,4920.8,4907.9,4892.5,4873.7,4803.4,4844.9,4940.5,5076.2,5197.3,3471.0,3510.0,3622.6,3839.9,4199.0,5209.3,5211.1,5216.8,5230.1,5255.3,5209.3,5211.1,5216.8,5230.1,5255.3,5185.8,5185.5,5184.2,5180.5,5168.7,5185.8,5185.5,5184.2,5180.5,5168.7,3458.8,3552.0,3427.4,3529.0,3458.8,3552.0,3427.4,3529.0
2018-06-30,8013.0,1,6174.4,6141.3,6059.5,5940.7,5771.7,6303.6,6265.9,6173.4,6042.3,5861.4,6389.5,6400.0,6268.8,6022.1,5786.4,5315.8,5328.6,5288.2,5328.1,5445.3,6528.6,6524.5,6511.3,6479.2,6410.3,6324.0,6321.5,6313.8,6297.9,6271.0,6348.5,6348.6,6348.6,6348.9,6349.9,6246.6,6246.8,6247.8,6250.6,6262.2,6653.5,5910.0,5680.9,5908.5,7556.3,7664.6,7506.4,7823.8
2018-07-31,15436.7,1,12750.6,12712.5,12619.5,12491.4,12316.9,13955.5,13882.7,13694.1,13395.6,12951.3,14600.7,13934.3,13837.8,14603.4,15223.5,17349.9,16479.1,15636.2,15413.3,15427.2,13525.8,13528.9,13539.2,13564.7,13623.4,13353.9,13358.8,13374.8,13412.2,13489.9,14233.2,14232.8,14231.5,14227.7,14213.6,14020.9,14020.3,14018.3,14012.2,13987.1,11635.0,11089.0,12353.1,11543.3,11267.7,10847.2,10950.1,10939.4
2018-08-31,9673.1,1,10289.8,10286.7,10288.3,10334.2,10557.9,11350.3,11325.4,11263.5,11186.2,11204.4,10883.1,11310.1,11872.5,12291.0,12799.5,12695.0,12525.8,12615.3,12945.4,13726.8,12890.2,12871.1,12808.2,12655.5,12321.6,16505.1,16482.4,16409.9,16246.5,15913.8,12123.6,12125.0,12129.7,12142.8,12183.1,15597.0,15596.5,15594.4,15585.1,15525.0,13503.7,13809.4,12547.1,13753.7,13442.7,14194.9,14014.8,15050.6
2018-09-30,5723.7,1,4383.0,4397.8,4437.7,4509.6,4662.3,4261.7,4279.2,4326.8,4413.0,4588.0,3400.4,3478.4,3644.5,3882.2,4213.1,3973.8,4128.5,4367.8,4589.2,4778.1,3592.7,3595.1,3603.2,3623.8,3676.6,4529.8,4529.7,4529.2,4526.8,4518.7,3813.9,3813.7,3813.1,3811.6,3806.8,4343.4,4341.8,4336.6,4322.7,4284.3,4867.5,4863.2,4453.7,4791.8,6178.3,6435.3,6273.9,6077.1
2018-10-31,5063.8,0,5551.9,5557.8,5571.1,5583.6,5580.7,6564.2,6550.1,6501.2,6378.7,6120.4,8241.4,8240.6,8009.8,7540.7,6947.8,6025.1,5967.5,5901.7,5741.3,5571.5,8469.9,8467.8,8460.8,8440.5,8371.3,8469.9,8467.8,8460.8,8440.5,8371.3,8508.8,8506.6,8498.8,8476.9,8403.7,8508.8,8506.6,8498.8,8476.9,8403.7,6090.8,5534.0,5622.1,5573.5,6090.8,5534.0,5622.1,5573.5
2018-11-30,3663.0,0,4273.7,4279.2,4295.4,4328.9,4402.9,3829.1,3840.5,3874.5,3944.9,4087.9,3935.8,3921.3,3928.0,3988.2,4125.8,4178.8,4128.1,4055.4,4025.1,4092.1,4318.7,4321.8,4332.1,4358.1,4422.4,4318.7,4321.8,4332.1,4358.1,4422.4,4485.7,4485.4,4484.3,4481.2,4471.2,4485.7,4485.4,4484.3,4481.2,4471.2,4401.8,4359.1,4469.5,4270.4,4401.8,4359.1,4469.5,4270.4
2018-12-31,2851.4,0,3759.2,3764.8,3780.1,3807.6,3851.8,4326.2,4323.7,4314.5,4290.4,4236.1,4195.4,4148.5,4084.2,4031.2,4003.2,4425.1,4390.1,4288.4,4163.0,4053.3,3352.8,3357.8,3374.7,3418.1,3531.0,3352.8,3357.8,3374.7,3418.1,3531.0,3537.5,3537.9,3539.1,3542.6,3554.6,3537.5,3537.9,3539.1,3542.6,3554.6,3602.5,3437.1,3300.5,3326.2,3602.5,3437.1,3300.5,3326.2
2019-01-31,2787.6,0,3719.4,3713.4,3696.9,3667.0,3606.6,4352.3,4338.6,4298.5,4217.1,4049.2,3678.3,3643.8,3606.2,3576.9,3528.8,3655.6,3642.6,3601.5,3552.1,3492.7,3242.0,3244.6,3253.4,3276.5,3338.8,3242.0,3244.6,3253.4,3276.5,3338.8,3364.2,3364.8,3366.9,3372.9,3393.5,3364.2,3364.8,3366.9,3372.9,3393.5,3082.9,3026.7,3081.9,3007.4,3082.9,3026.7,3081.9,3007.4
2019-02-28,2484.4,0,2935.0,2932.8,2926.7,2914.4,2889.9,3012.1,3010.1,3004.4,2993.0,2970.3,3215.6,3119.8,3018.3,2951.0,2889.1,3324.3,3287.3,3177.0,3057.1,2951.0,2774.2,2775.9,2781.4,2795.9,2834.9,2774.2,2775.9,2781.4,2795.9,2834.9,2781.9,2782.5,2784.5,2790.5,2811.1,2781.9,2782.5,2784.5,2790.5,2811.1,2622.5,2704.4,2671.8,2699.3,2622.5,2704.4,2671.8,2699.3
2019-03-31,2578.7,0,2815.5,2811.9,2802.2,2786.4,2762.6,2953.9,2947.4,2929.2,2896.4,2843.7,3085.9,3055.6,2994.2,2913.4,2819.4,3085.4,3080.9,3050.0,2976.3,2863.6,2904.2,2904.2,2904.4,2905.2,2910.4,2904.2,2904.2,2904.4,2905.2,2910.4,2896.6,2897.2,2899.3,2905.2,2925.6,2896.6,2897.2,2899.3,2905.2,2925.6,2662.5,2707.4,2417.2,2650.2,2662.5,2707.4,2417.2,2650.2
2019-04-30,3298.8,0,2759.2,2758.0,2755.5,2754.9,2764.7,2969.3,2963.9,2948.7,2921.7,2883.4,3089.3,3057.8,3025.6,3001.2,2968.5,3052.6,3065.0,3071.2,3051.0,2993.6,2511.5,2511.7,2512.2,2514.0,2521.9,2511.5,2511.7,2512.2,2514.0,2521.9,2519.5,2520.0,2521.7,2526.6,2543.6,2519.5,2520.0,2521.7,2526.6,2543.6,2893.4,2824.6,2871.9,2928.1,2893.4,2824.6,2871.9,2928.1
2019-05-31,5580.5,0,4624.6,4623.6,4621.4,4618.4,4606.8,5025.4,5018.8,4998.5,4953.8,4855.7,4576.9,4515.1,4474.4,4463.0,4451.4,4398.9,4245.4,4119.4,4105.8,4161.5,4257.8,4253.0,4237.0,4197.1,4101.8,4257.8,4253.0,4237.0,4197.1,4101.8,4146.1,4146.1,4146.1,4146.1,4146.1,4146.1,4146.1,4146.1,4146.1,4146.1,5941.3,5753.5,5504.0,5694.0,5941.3,5753.5,5504.0,5694.0
2019-06-30,5866.2,1,7787.9,7793.4,7806.2,7816.5,7781.0,7968.1,7971.9,7978.5,7972.7,7903.2,7488.1,7397.4,7288.8,7245.5,7234.0,8272.8,7975.9,7717.2,7560.4,7345.9,8431.6,8431.4,8430.8,8428.2,8414.1,8970.5,8969.1,8963.9,8945.9,8869.3,8349.1,8348.5,8346.4,8340.5,8320.0,8358.9,8358.0,8354.9,8346.1,8316.6,6932.6,6614.7,6512.7,6329.4,5800.3,5931.3,5940.4,5794.2
2019-07-31,6879.9,1,7389.9,7379.8,7354.1,7316.8,7256.8,7901.1,7884.9,7841.1,7764.5,7622.0,6536.1,6602.6,6747.2,6931.1,7117.9,6634.8,6597.4,6649.8,6739.6,6854.1,7773.3,7786.7,7831.9,7947.3,8238.4,8021.4,8033.3,8071.7,8161.0,8351.8,8285.7,8286.4,8288.8,8295.6,8319.4,8309.1,8311.0,8317.6,8336.6,8403.5,7853.8,7843.6,8691.9,8441.1,6289.2,6367.4,6550.9,6331.9
2019-08-31,14852.8,1,7433.4,7439.5,7458.5,7501.6,7597.5,8110.3,8110.0,8108.1,8101.8,8081.9,8202.1,8206.9,8130.2,7981.8,7915.8,7182.7,7142.3,7069.6,7063.9,7230.8,7994.6,7991.4,7980.6,7953.6,7888.4,7188.9,7186.4,7178.2,7160.5,7141.8,7717.2,7718.3,7722.3,7733.6,7772.1,7884.9,7887.4,7896.3,7921.2,8002.1,6087.6,6000.3,7046.9,6516.2,6942.5,6708.9,6560.4,6597.4
2019-09-30,13417.5,1,12569.4,12652.3,12868.1,13191.3,13570.4,12014.8,12093.7,12298.7,12604.5,12987.4,10807.3,10875.8,10880.7,10871.9,11039.9,11905.9,12327.8,12780.7,12816.6,12593.8,9276.9,9266.6,9231.8,9142.2,8907.3,8283.5,8265.2,8207.8,8083.7,7864.9,9181.6,9179.9,9174.0,9157.3,9099.7,8792.1,8789.4,8779.9,8753.3,8665.2,10613.2,10023.8,10416.2,9548.1,9760.6,9861.0,9970.4,9271.6
2019-10-31,8917.2,0,7026.2,7032.1,7052.1,7106.0,7267.2,7925.8,7918.6,7897.5,7857.7,7821.6,9639.1,9416.5,9075.1,8731.1,8405.8,8892.1,8517.7,8066.8,7677.8,7417.2,10019.0,10025.3,10046.5,10098.2,10209.8,10019.0,10025.3,10046.5,10098.2,10209.8,10525.1,10522.4,10512.9,10486.2,10395.1,10525.1,10522.4,10512.9,10486.2,10395.1,7943.7,7884.2,8417.0,7634.8,7943.7,7884.2,8417.0,7634.8
2019-11-30,8605.3,0,6990.0,6978.6,6951.9,6926.6,6958.3,6317.2,6313.5,6310.3,6336.1,6473.9,5611.8,5693.8,5813.4,5960.3,6227.0,5786.5,5803.7,5794.9,5828.0,6034.8,6892.5,6893.0,6894.9,6899.0,6904.9,6892.5,6893.0,6894.9,6899.0,6904.9,7183.4,7182.2,7177.7,7165.2,7122.7,7183.4,7182.2,7177.7,7165.2,7122.7,6628.0,6405.4,6744.5,6616.1,6628.0,6405.4,6744.5,6616.1
2019-12-31,8857.1,0,8431.0,8430.6,8431.7,8443.7,8491.4,9530.2,9512.0,9459.8,9361.7,9200.1,8215.5,8279.7,8354.3,8366.6,8355.9,8336.8,8438.2,8503.1,8471.5,8405.4,7536.8,7539.5,7548.7,7571.7,7625.1,7536.8,7539.5,7548.7,7571.7,7625.1,7853.6,7852.4,7848.2,7836.3,7795.2,7853.6,7852.4,7848.2,7836.3,7795.2,9310.9,9532.0,9260.6,9301.6,9310.9,9532.0,9260.6,9301.6
2020-01-31,9023.0,0,9071.6,9078.2,9092.0,9095.7,9036.0,9717.4,9718.4,9714.6,9678.2,9531.9,9068.4,9022.5,8993.5,8920.2,8760.8,7814.2,7992.9,8170.3,8238.2,8202.4,8397.6,8404.0,8425.7,8480.4,8612.9,8397.6,8404.0,8425.7,8480.4,8612.9,8619.5,8618.7,8615.8,8607.5,8578.8,8619.5,8618.7,8615.8,8607.5,8578.8,7848.4,7996.2,8698.1,7340.5,7848.4,7996.2,8698.1,7340.5
2020-02-29,8383.1,0,9116.8,9107.6,9079.3,9017.5,8882.5,9557.0,9541.4,9494.7,9398.2,9208.6,9284.0,9082.3,8907.9,8822.2,8722.5,9485.4,9354.1,9174.9,8991.4,8767.5,8021.8,8024.4,8033.3,8055.6,8108.6,8021.8,8024.4,8033.3,8055.6,8108.6,8250.4,8249.7,8247.1,8239.7,8214.5,8250.4,8249.7,8247.1,8239.7,8214.5,8512.9,8347.9,8682.8,8421.0,8512.9,8347.9,8682.8,8421.0
2020-03-31,8811.0,0,7589.6,7582.0,7559.9,7516.6,7438.5,7991.4,7978.0,7938.9,7861.7,7724.5,8187.0,8188.6,8107.1,7912.7,7646.6,8567.4,8548.4,8494.0,8315.9,8000.3,7323.9,7325.5,7331.2,7345.7,7382.8,7323.9,7325.5,7331.2,7345.7,7382.8,7594.1,7593.7,7592.0,7587.3,7571.1,7594.1,7593.7,7592.0,7587.3,7571.1,7975.8,7801.7,7873.5,7913.2,7975.8,7801.7,7873.5,7913.2
2020-04-30,10216.5,0,10588.3,10574.2,10536.2,10474.5,10387.5,11564.4,11535.4,11452.8,11299.2,11036.2,11731.8,11759.4,11751.8,11598.2,11252.7,11884.0,11963.6,12034.1,11959.7,11631.9,10095.4,10084.9,10049.4,9957.5,9715.5,10095.4,10084.9,10049.4,9957.5,9715.5,9731.7,9730.1,9724.5,9708.7,9654.2,9731.7,9730.1,9724.5,9708.7,9654.2,9516.1,10211.2,10211.6,9995.9,9516.1,10211.2,10211.6,9995.9
2020-05-31,7476.9,0,8943.3,8954.1,8983.9,9036.1,9122.1,10029.2,10031.1,10031.8,10013.4,9933.3,9741.8,9632.9,9586.8,9654.8,9746.9,9567.3,9324.2,9235.9,9311.9,9411.3,9268.5,9261.8,9238.8,9179.3,9021.4,9268.5,9261.8,9238.8,9179.3,9021.4,8985.9,8984.6,8980.1,8967.3,8922.9,8985.9,8984.6,8980.1,8967.3,8922.9,8042.8,8716.2,8629.8,8520.2,8042.8,8716.2,8629.8,8520.2
2020-06-30,9966.5,1,8752.5,8721.1,8638.9,8515.7,8367.0,9452.0,9411.8,9305.0,9135.4,8897.5,8251.8,8326.0,8348.8,8317.0,8273.1,6394.5,6780.5,7213.6,7631.5,8080.3,8958.9,8959.8,8962.7,8971.4,9003.0,8738.7,8754.5,8804.5,8912.3,9086.1,9096.9,9096.7,9095.7,9093.1,9083.5,8730.7,8729.8,8727.0,8718.6,8687.7,9016.3,9054.9,8775.3,9266.0,8203.1,8562.5,8224.8,8435.7
2020-07-31,16335.5,1,12187.6,12146.6,12037.8,11868.8,11656.2,12669.4,12621.2,12492.6,12290.6,12029.2,10380.4,10676.5,11123.2,11457.7,11670.9,11122.5,11019.1,10895.9,10715.1,10605.3,14543.0,14546.8,14559.7,14593.7,14686.3,11791.9,11804.4,11843.8,11929.0,12074.5,14824.8,14824.3,14822.6,14817.9,14801.1,11976.5,11976.3,11975.6,11973.4,11964.6,9540.3,9142.3,9428.3,8732.9,10656.1,10898.0,10701.2,9949.9
2020-08-31,23605.7,1,15595.8,15547.1,15421.2,15244.6,15107.4,15479.7,15429.4,15300.5,15124.7,15011.5,18505.9,18037.2,17664.7,17553.1,17657.2,19363.8,19039.5,18847.2,19097.6,19761.2,18307.7,18311.8,18325.6,18362.1,18460.3,18064.9,18083.9,18145.8,18290.4,18578.1,18882.2,18880.9,18876.7,18864.6,18822.5,20375.3,20367.3,20339.6,20262.3,20010.5,17041.0,17087.7,16246.5,16865.6,18950.3,17393.6,18014.4,17330.9
2020-09-30,10322.0,1,16079.3,16049.8,15982.4,15936.3,16132.5,18252.5,18194.6,18042.6,17820.8,17655.3,14935.9,14990.6,15041.1,15312.6,15903.5,15953.2,16846.6,17843.9,18570.8,18991.9,14444.6,14435.8,14405.9,14328.3,14121.9,14682.7,14650.5,14545.3,14296.6,13747.8,14438.5,14436.1,14427.6,14403.5,14320.6,14960.5,14944.3,14888.3,14733.6,14247.8,14692.1,14613.7,13248.0,14213.0,16525.7,16019.6,15526.2,15859.3
2020-10-31,6120.8,0,4269.8,4305.2,4402.0,4561.2,4784.0,4603.6,4639.5,4735.0,4881.1,5051.4,5103.0,5087.3,5097.9,5163.7,5264.6,6134.1,5979.1,5781.8,5628.4,5513.8,6278.3,6286.0,6311.9,6379.1,6556.2,6278.3,6286.0,6311.9,6379.1,6556.2,6740.7,6740.1,6738.2,6732.6,6714.0,6740.7,6740.1,6738.2,6732.6,6714.0,7608.1,7401.9,6613.0,7498.0,7608.1,7401.9,6613.0,7498.0
2020-11-30,3748.8,0,4567.5,4555.1,4523.7,4483.5,4472.0,4397.2,4386.9,4361.8,4335.0,4349.0,4578.8,4498.5,4415.0,4366.7,4363.0,4857.5,4785.1,4665.4,4572.4,4532.9,5016.3,5014.3,5007.8,4990.7,4944.6,5016.3,5014.3,5007.8,4990.7,4944.6,4868.9,4869.0,4869.4,4870.3,4873.6,4868.9,4869.0,4869.4,4870.3,4873.6,5935.9,5982.7,5677.1,5995.1,5935.9,5982.7,5677.1,5995.1
2020-12-31,4669.1,0,3759.0,3759.5,3760.9,3764.5,3772.1,4154.7,4152.0,4143.7,4126.0,4088.7,3943.0,3995.2,4048.3,4057.0,4017.7,3957.2,4026.1,4086.4,4097.0,4054.7,3471.1,3474.0,3483.7,3509.1,3578.0,3471.1,3474.0,3483.7,3509.1,3578.0,3577.8,3578.2,3579.5,3583.2,3596.2,3577.8,3578.2,3579.5,3583.2,3596.2,3487.2,3477.3,3520.5,3227.4,3487.2,3477.3,3520.5,3227.4
2021-01-31,7681.2,0,7387.6,7350.6,7253.1,7102.9,6915.1,7936.9,7894.8,7783.0,7609.2,7382.9,7462.6,7450.2,7350.3,7146.9,6863.1,7203.9,7188.9,7158.0,7036.3,6785.0,6783.1,6784.2,6788.0,6797.5,6821.4,6783.1,6784.2,6788.0,6797.5,6821.4,6892.5,6892.5,6892.4,6892.3,6892.0,6892.5,6892.5,6892.4,6892.3,6892.0,6352.8,6939.0,6522.1,6685.2,6352.8,6939.0,6522.1,6685.2
2021-02-28,9338.1,0,8730.5,8731.2,8731.2,8722.6,8681.0,9699.7,9691.3,9662.1,9585.2,9390.2,8764.5,8615.7,8442.3,8295.5,8123.5,8907.7,8844.1,8693.7,8478.1,8210.7,7862.5,7858.2,7843.6,7805.7,7705.6,7862.5,7858.2,7843.6,7805.7,7705.6,7772.9,7772.7,7771.9,7769.7,7761.8,7772.9,7772.7,7771.9,7769.7,7761.8,8568.0,9074.4,9957.9,9191.7,8568.0,9074.4,9957.9,9191.7
2021-03-31,9437.9,0,8169.1,8175.4,8192.3,8220.5,8266.6,8981.4,8982.3,8981.7,8967.7,8917.1,8935.5,8829.8,8728.3,8643.0,8479.4,9484.3,9384.1,9151.1,8874.2,8555.6,8834.8,8835.8,8839.0,8846.5,8859.0,8834.8,8835.8,8839.0,8846.5,8859.0,9011.6,9011.0,9008.8,9002.7,8981.7,9011.6,9011.0,9008.8,9002.7,8981.7,8474.0,8712.2,9344.9,8944.3,8474.0,8712.2,9344.9,8944.3
2021-04-30,5534.3,0,7349.6,7349.6,7351.5,7365.0,7429.2,8041.1,8035.0,8018.4,7991.5,7968.9,8231.6,8218.4,8191.1,8117.4,8007.8,7777.3,7851.6,7898.5,7872.6,7792.7,7220.1,7217.8,7210.3,7190.5,7136.6,7220.1,7217.8,7210.3,7190.5,7136.6,7151.0,7150.6,7149.3,7145.6,7132.7,7151.0,7150.6,7149.3,7145.6,7132.7,6533.7,6775.3,6617.2,6719.2,6533.7,6775.3,6617.2,6719.2
2021-05-31,5640.8,0,5703.6,5723.2,5775.1,5852.3,5922.5,6021.6,6042.2,6095.9,6172.2,6226.0,6081.9,6120.9,6178.7,6226.0,6244.7,5253.0,5214.6,5255.4,5360.5,5496.3,6226.7,6223.3,6211.7,6181.9,6103.9,6226.7,6223.3,6211.7,6181.9,6103.9,6032.2,6032.0,6031.3,6029.3,6022.6,6032.2,6032.0,6031.3,6029.3,6022.6,4665.9,4646.4,4377.1,4738.5,4665.9,4646.4,4377.1,4738.5
2021-06-30,5004.8,1,5665.3,5668.8,5678.3,5692.7,5704.6,5861.1,5865.8,5878.5,5898.0,5912.9,5322.3,5284.0,5234.7,5256.0,5341.4,4867.9,4859.8,4829.0,4888.2,5076.1,7424.8,7428.2,7440.1,7471.0,7554.2,7032.6,7035.6,7045.8,7072.1,7141.0,7533.8,7533.7,7533.7,7533.5,7533.1,7347.9,7347.5,7346.0,7342.4,7333.7,5094.8,5650.9,5929.0,5821.3,5460.3,5681.8,5810.2,5932.0
2021-07-31,9079.6,1,11408.6,11417.2,11435.6,11436.8,11295.1,11997.2,12001.8,12007.2,11978.0,11761.7,15168.8,15108.1,14840.0,14178.8,13058.8,13446.1,13347.8,13443.5,13358.2,12713.8,13243.4,13239.3,13225.5,13190.0,13099.8,15005.7,15004.7,14999.9,14977.0,14855.3,12780.5,12781.3,12784.1,12792.1,12819.6,12800.0,12803.9,12817.2,12854.4,12973.5,8287.7,8510.6,8355.2,8444.7,8696.1,8713.8,8441.6,8211.0
2021-08-31,11752.8,1,8696.0,8726.8,8809.0,8934.2,9060.0,9185.8,9216.4,9295.4,9401.6,9455.5,6589.2,6725.8,6997.0,7401.3,7938.6,6848.4,6863.2,6984.4,7209.4,7550.4,9661.3,9664.6,9676.2,9707.8,9803.6,11156.5,11164.1,11188.4,11242.4,11340.1,10045.4,10047.0,10052.5,10068.0,10121.3,10130.0,10135.2,10153.0,10202.9,10365.2,11279.5,11331.7,10901.7,11676.9,11462.9,12010.0,10902.6,11199.7
2021-09-30,5704.1,1,6044.1,6034.6,6013.4,6003.0,6098.5,6191.1,6176.5,6140.3,6101.4,6148.5,5205.0,5221.3,5233.7,5274.8,5455.2,5106.3,5256.4,5412.4,5535.2,5729.2,4861.7,4859.1,4850.4,4828.1,4773.9,6305.5,6296.5,6266.7,6193.0,6024.3,4741.7,4742.1,4743.4,4747.1,4760.0,5505.1,5505.3,5505.7,5507.0,5513.0,5555.5,5564.1,5898.6,5457.8,6173.7,5958.9,6277.1,5836.5
2021-10-31,9883.8,0,5619.0,5633.3,5671.9,5732.0,5800.1,5832.9,5847.1,5883.8,5934.6,5968.7,5445.5,5453.1,5443.6,5416.6,5390.4,6175.7,6106.8,6017.5,5913.9,5744.6,7449.2,7441.7,7416.4,7350.2,7171.4,7449.2,7441.7,7416.4,7350.2,7171.4,7109.5,7109.4,7108.8,7107.4,7102.3,7109.5,7109.4,7108.8,7107.4,7102.3,5713.5,5513.1,5822.2,5760.1,5713.5,5513.1,5822.2,5760.1
2021-11-30,7860.2,0,7211.7,7216.7,7235.9,7295.1,7483.9,6894.4,6900.4,6922.8,6988.5,7187.1,6644.2,6668.3,6696.4,6746.4,6898.2,6862.3,6883.1,6891.0,6914.9,7055.4,7640.1,7639.5,7637.5,7632.2,7615.8,7640.1,7639.5,7637.5,7632.2,7615.8,7678.7,7678.2,7676.4,7671.4,7654.2,7678.7,7678.2,7676.4,7671.4,7654.2,8311.6,8426.4,8340.6,8249.1,8311.6,8426.4,8340.6,8249.1
2021-12-31,7696.0,0,7589.6,7598.4,7624.7,7679.1,7789.7,8583.3,8583.5,8582.8,8574.7,8544.5,8098.1,8074.1,8056.9,8044.1,8043.5,8106.6,8114.6,8139.7,8158.1,8166.9,7363.9,7365.7,7371.8,7387.5,7427.4,7363.9,7365.7,7371.8,7387.5,7427.4,7478.2,7477.9,7476.7,7473.4,7461.7,7478.2,7477.9,7476.7,7473.4,7461.7,7996.2,7943.9,7998.8,7897.7,7996.2,7943.9,7998.8,7897.7
2022-01-31,8436.7,0,7832.1,7828.3,7817.3,7796.2,7754.6,8574.7,8566.2,8540.4,8484.5,8357.9,8182.8,8139.8,8077.1,8000.2,7878.3,8087.8,8049.3,8020.4,7992.4,7920.2,6786.9,6790.0,6800.4,6827.9,6902.5,6786.9,6790.0,6800.4,6827.9,6902.5,7040.8,7040.8,7040.9,7041.0,7041.7,7040.8,7040.8,7040.9,7041.0,7041.7,8173.3,8164.4,7734.5,7782.3,8173.3,8164.4,7734.5,7782.3
2022-02-28,9055.8,0,7952.5,7951.6,7949.2,7945.3,7942.4,8242.3,8241.0,8237.5,8232.1,8227.6,8813.4,8711.3,8560.7,8438.4,8337.7,8777.2,8726.6,8627.0,8547.2,8492.2,7530.5,7531.1,7533.0,7537.8,7549.5,7530.5,7531.1,7533.0,7537.8,7549.5,7649.5,7649.2,7648.1,7645.0,7634.1,7649.5,7649.2,7648.1,7645.0,7634.1,8663.9,8694.0,8556.5,8962.3,8663.9,8694.0,8556.5,8962.3
2022-03-31,10423.0,0,8010.0,8004.3,7990.3,7976.7,8002.1,8449.9,8439.0,8409.9,8366.6,8336.9,8746.8,8656.1,8539.2,8473.9,8442.0,8610.7,8574.9,8469.6,8349.8,8264.2,8891.4,8889.8,8884.6,8870.5,8828.8,8891.4,8889.8,8884.6,8870.5,8828.8,8844.1,8843.7,8842.4,8838.7,8825.5,8844.1,8843.7,8842.4,8838.7,8825.5,8594.4,8292.3,8019.2,8543.9,8594.4,8292.3,8019.2,8543.9
2022-04-30,8726.2,0,7696.8,7701.2,7716.8,7761.2,7901.4,7990.5,7993.3,8004.3,8039.1,8158.9,7404.5,7425.1,7471.8,7532.3,7661.6,7357.9,7425.5,7545.0,7644.1,7775.1,7501.6,7499.9,7494.0,7478.6,7436.6,7501.6,7499.9,7494.0,7478.6,7436.6,7527.1,7526.6,7524.6,7518.9,7499.1,7527.1,7526.6,7524.6,7518.9,7499.1,7566.7,6984.8,6967.6,6949.0,7566.7,6984.8,6967.6,6949.0
2022-05-31,8629.9,0,7022.1,7028.3,7047.6,7090.4,7190.3,7274.5,7280.2,7297.8,7336.8,7428.2,7354.2,7277.9,7207.7,7171.6,7203.9,8041.9,7630.1,7180.0,7010.6,7127.4,7344.6,7345.3,7347.7,7354.0,7368.5,7344.6,7345.3,7347.7,7354.0,7368.5,7400.0,7399.4,7397.5,7392.0,7372.8,7400.0,7399.4,7397.5,7392.0,7372.8,6949.3,7131.8,7347.1,6926.0,6949.3,7131.8,7347.1,6926.0
2022-06-30,14225.3,1,9141.2,9152.9,9184.3,9231.2,9266.0,9279.9,9293.3,9329.7,9385.8,9434.9,11320.5,11022.6,10671.2,10514.3,10483.1,12257.3,12240.0,12030.0,11768.5,11500.6,12650.3,12647.8,12639.3,12616.7,12553.8,11756.7,11752.1,11736.8,11700.7,11621.1,12381.1,12380.5,12378.4,12372.2,12350.6,11825.5,11822.7,11813.0,11785.3,11690.7,11552.8,12244.6,12159.2,11836.4,11949.8,11086.0,11850.7,11088.4
2022-07-31,14038.7,1,15608.0,15579.7,15498.4,15346.9,15084.8,16099.5,16066.9,15973.9,15802.9,15512.7,14634.1,14628.3,14625.1,14740.0,14979.8,16136.9,15642.7,15342.2,15371.9,15500.0,18569.7,18564.9,18548.7,18506.4,18393.8,18918.8,18914.2,18898.3,18854.0,18724.9,18272.2,18271.1,18267.0,18255.4,18215.4,19130.9,19124.3,19101.4,19037.2,18825.4,19784.0,21815.8,20798.8,20533.9,20320.7,19479.5,20650.6,21117.0
2022-08-31,23601.1,1,15839.1,15845.9,15862.2,15874.1,15823.7,15892.9,15901.0,15920.0,15934.3,15873.5,13998.7,14069.3,14324.7,14736.7,15362.9,16031.8,16154.7,16180.4,16161.7,16320.4,20127.6,20127.4,20126.8,20124.7,20113.9,21326.7,21310.9,21259.4,21138.2,20882.9,20015.5,20015.8,20016.9,20019.8,20029.6,22536.3,22530.8,22511.7,22457.9,22278.9,14168.2,15815.2,17977.6,15927.1,17291.4,17572.2,16717.5,17572.3
2022-09-30,11514.7,1,13173.2,13156.5,13115.3,13074.3,13157.2,12918.3,12901.2,12860.2,12824.8,12937.1,11267.1,11252.1,11223.0,11304.6,11608.0,12567.8,12395.0,12410.3,12625.8,12813.9,9870.5,9870.7,9871.4,9872.4,9868.1,12782.8,12741.5,12608.4,12302.4,11680.7,10091.7,10090.8,10087.8,10079.1,10049.6,11567.1,11562.0,11544.4,11495.4,11337.2,10894.9,10035.3,9583.7,10165.9,12308.7,12623.4,13055.9,11858.5
2022-10-31,5608.5,0,6363.8,6380.2,6426.1,6504.0,6614.5,6693.3,6709.3,6752.6,6818.3,6884.4,7834.8,7736.8,7605.2,7492.8,7361.8,7814.1,7679.7,7494.3,7327.4,7159.8,8401.0,8406.1,8423.2,8467.5,8581.1,8401.0,8406.1,8423.2,8467.5,8581.1,8486.7,8486.4,8485.3,8482.1,8471.2,8486.7,8486.4,8485.3,8482.1,8471.2,7446.4,6991.1,6599.8,7051.2,7446.4,6991.1,6599.8,7051.2
2022-11-30,4633.7,0,4888.7,4884.8,4875.1,4863.4,4867.4,4520.1,4519.1,4518.3,4527.5,4580.6,3914.1,3988.4,4092.1,4198.9,4350.9,3970.2,4005.4,4039.3,4084.3,4211.9,4929.5,4930.8,4935.2,4946.9,4979.2,4929.5,4930.8,4935.2,4946.9,4979.2,5044.5,5044.7,5045.4,5047.5,5054.8,5044.5,5044.7,5045.4,5047.5,5054.8,4865.7,4570.9,4966.3,4416.3,4865.7,4570.9,4966.3,4416.3
2022-12-31,4304.7,0,4911.8,4912.0,4911.9,4909.9,4899.4,5532.2,5528.2,5515.0,5482.2,5399.4,5592.5,5629.7,5651.3,5615.8,5497.0,5277.4,5368.7,5449.6,5470.0,5418.3,4884.2,4882.4,4876.4,4860.6,4818.7,4884.2,4882.4,4876.4,4860.6,4818.7,4744.2,4744.3,4744.5,4745.3,4748.1,4744.2,4744.3,4744.5,4745.3,4748.1,4834.0,5013.1,5114.0,5124.0,4834.0,5013.1,5114.0,5124.0
2023-01-31,5613.5,0,6606.6,6605.1,6600.5,6588.6,6549.6,6930.1,6926.1,6913.9,6887.1,6824.0,6474.5,6438.8,6403.2,6408.8,6454.5,6538.2,6474.6,6400.3,6361.3,6356.3,6153.6,6158.0,6172.8,6212.2,6321.2,6153.6,6158.0,6172.8,6212.2,6321.2,6439.4,6439.5,6439.9,6441.0,6444.7,6439.4,6439.5,6439.9,6441.0,6444.7,5941.7,5774.1,5720.1,5756.2,5941.7,5774.1,5720.1,5756.2
2023-02-28,7006.8,0,6214.9,6209.6,6194.4,6167.0,6123.3,6516.9,6509.5,6488.5,6450.0,6387.3,6151.1,6128.7,6085.2,6028.8,5959.9,6403.0,6366.8,6303.3,6221.2,6107.4,6148.7,6147.6,6143.7,6133.8,6107.5,6148.7,6147.6,6143.7,6133.8,6107.5,6092.6,6092.8,6093.4,6095.1,6101.1,6092.6,6092.8,6093.4,6095.1,6101.1,6794.8,6838.5,6820.2,7071.7,6794.8,6838.5,6820.2,7071.7
2023-03-31,8751.0,0,5770.6,5778.1,5799.6,5839.7,5910.1,5982.0,5989.8,6011.7,6051.4,6117.8,5417.3,5423.9,5440.3,5482.8,5569.4,5999.3,5960.4,5914.0,5870.1,5860.9,6533.0,6533.9,6537.2,6546.0,6569.9,6533.0,6533.9,6537.2,6546.0,6569.9,6648.0,6648.2,6648.7,6650.3,6655.8,6648.0,6648.2,6648.7,6650.3,6655.8,6773.4,6832.1,6594.7,7225.2,6773.4,6832.1,6594.7,7225.2
2023-04-30,8761.8,0,7310.0,7322.9,7361.6,7441.8,7609.6,7433.2,7448.6,7494.8,7590.2,7788.2,7814.6,7753.9,7685.5,7643.5,7656.0,7777.5,7747.6,7758.8,7794.3,7868.9,7298.5,7299.8,7304.1,7315.2,7344.7,7298.5,7299.8,7304.1,7315.2,7344.7,7416.8,7416.4,7415.2,7411.6,7399.3,7416.8,7416.4,7415.2,7411.6,7399.3,8093.6,7630.5,7857.5,7405.0,8093.6,7630.5,7857.5,7405.0
2023-05-31,8291.9,0,7024.0,7032.0,7056.0,7105.8,7208.6,7179.6,7189.9,7221.3,7286.6,7419.7,7569.6,7485.7,7364.9,7296.9,7337.6,7182.3,6836.6,6595.7,6526.4,6640.2,7656.3,7658.9,7667.8,7691.5,7756.8,7656.3,7658.9,7667.8,7691.5,7756.8,7809.6,7809.3,7808.3,7805.4,7795.2,7809.6,7809.3,7808.3,7805.4,7795.2,6579.0,6457.1,6825.3,6482.9,6579.0,6457.1,6825.3,6482.9
2023-06-30,7676.1,1,9633.8,9632.8,9629.2,9618.7,9577.5,9677.5,9682.4,9697.8,9730.3,9777.9,10288.9,10217.5,10094.9,9984.2,9856.8,11982.2,11757.7,11542.4,11389.3,11117.8,11647.1,11648.1,11651.6,11661.0,11688.4,12207.7,12210.2,12218.7,12238.9,12276.4,11838.3,11837.9,11836.7,11833.2,11820.8,12041.8,12040.9,12037.8,12028.7,11996.5,10759.7,10656.2,10816.6,10453.5,10780.0,10244.6,9655.8,10307.8
2023-07-31,13920.3,1,13073.2,13048.7,12976.0,12829.9,12527.6,13325.5,13302.9,13238.0,13116.4,12874.7,11580.2,11890.2,12399.5,12902.8,13360.1,14519.2,14482.9,14505.4,14481.7,14355.0,13227.2,13227.6,13228.8,13232.6,13247.2,14230.0,14251.2,14320.2,14483.3,14829.0,12961.2,12961.7,12963.2,12967.5,12982.6,14160.2,14161.2,14164.9,14175.3,14209.0,12850.8,11908.1,11122.3,10801.3,12321.3,11674.3,10710.4,12135.8
2023-08-31,13079.8,1,10853.5,10898.6,11023.1,11221.4,11416.0,10550.2,10601.2,10743.1,10975.4,11232.6,11487.5,11601.2,11730.9,11784.3,11787.4,13911.5,13722.6,13559.6,13354.6,13059.8,14303.9,14304.5,14306.7,14313.7,14344.2,19649.2,19655.3,19674.7,19718.9,19799.7,14602.4,14603.2,14605.9,14613.6,14640.2,17617.7,17619.3,17624.8,17640.1,17690.4,11641.0,11700.8,12319.5,11219.5,12974.6,12682.8,12192.6,13225.6
2023-09-30,11153.4,1,10688.0,10677.9,10652.9,10629.7,10689.2,10804.1,10788.6,10747.9,10693.1,10694.7,9897.2,10050.5,10109.1,10031.7,9933.1,9214.4,9636.7,10163.4,10505.1,10540.4,8739.0,8735.5,8723.6,8692.4,8608.6,11440.5,11425.7,11376.4,11256.0,10977.8,8823.4,8823.7,8824.6,8827.1,8835.8,10093.1,10092.4,10089.8,10082.6,10058.6,7272.9,7531.7,8257.2,6622.6,9090.5,8628.1,8734.7,8796.5
2023-10-31,6531.0,0,5813.0,5813.3,5815.9,5829.9,5898.7,6131.6,6128.5,6120.4,6109.7,6122.3,6553.6,6516.5,6430.6,6325.8,6223.2,7493.2,7244.5,6998.0,6776.5,6561.3,7251.8,7252.4,7254.3,7259.4,7273.5,7251.8,7252.4,7254.3,7259.4,7273.5,7342.7,7342.5,7342.0,7340.5,7335.5,7342.7,7342.5,7342.0,7340.5,7335.5,5878.6,5883.4,5739.6,5900.3,5878.6,5883.4,5739.6,5900.3
2023-11-30,6390.4,0,4797.4,4798.6,4802.2,4809.8,4829.4,4618.0,4620.1,4627.0,4642.3,4679.2,5072.7,4986.4,4874.8,4803.8,4769.4,5150.5,5117.1,5047.7,4972.5,4906.3,4598.6,4597.0,4591.5,4576.9,4536.3,4598.6,4597.0,4591.5,4576.9,4536.3,4502.6,4502.7,4503.1,4504.1,4507.5,4502.6,4502.7,4503.1,4504.1,4507.5,4998.8,4991.1,5085.8,5451.1,4998.8,4991.1,5085.8,5451.1
2023-12-31,6086.3,0,6446.9,6440.0,6420.7,6388.8,6351.5,7140.6,7128.8,7094.7,7030.6,6922.2,6507.1,6531.3,6558.3,6578.5,6568.3,6161.2,6231.6,6290.2,6286.5,6232.5,5995.5,5995.5,5995.3,5994.9,5994.1,5995.5,5995.5,5995.3,5994.9,5994.1,6012.4,6012.4,6012.4,6012.2,6011.8,6012.4,6012.4,6012.4,6012.2,6011.8,5694.3,5822.1,5887.9,5706.1,5694.3,5822.1,5887.9,5706.1
2024-01-31,7868.7,0,7677.0,7680.2,7687.6,7691.3,7652.6,8457.4,8457.1,8452.9,8426.4,8306.4,7679.9,7671.7,7684.3,7701.4,7648.8,7831.8,7805.5,7761.6,7699.2,7557.4,7089.4,7089.6,7090.4,7092.5,7100.0,7089.4,7089.6,7090.4,7092.5,7100.0,7162.1,7162.1,7162.2,7162.4,7163.2,7162.1,7162.1,7162.2,7162.4,7163.2,6719.7,6527.2,6681.3,6634.8,6719.7,6527.2,6681.3,6634.8
2024-02-29,10944.3,0,9542.9,9539.7,9529.1,9501.4,9421.9,9889.1,9885.4,9873.1,9842.1,9755.2,9536.5,9543.5,9556.1,9554.4,9470.4,10050.2,9947.8,9748.7,9541.1,9286.3,9184.8,9182.8,9175.9,9157.4,9104.7,9184.8,9182.8,9175.9,9157.4,9104.7,9144.6,9144.3,9143.2,9140.3,9129.9,9144.6,9144.3,9143.2,9140.3,9129.9,8461.6,8512.2,8359.6,8414.6,8461.6,8512.2,8359.6,8414.6
2024-03-31,14782.2,0,9621.1,9622.7,9627.9,9643.0,9692.3,9930.7,9930.8,9931.9,9937.9,9968.5,11035.4,10987.9,10845.3,10638.6,10388.8,11875.0,11624.6,11273.8,10908.2,10514.5,11439.1,11437.8,11433.5,11422.0,11389.0,11439.1,11437.8,11433.5,11422.0,11389.0,11457.7,11456.9,11454.4,11447.0,11421.5,11457.7,11456.9,11454.4,11447.0,11421.5,11397.0,11795.5,11462.8,11959.3,11397.0,11795.5,11462.8,11959.3
2024-04-30,10590.4,0,10117.9,10116.2,10114.6,10132.2,10253.8,10624.3,10620.1,10611.3,10614.8,10709.2,10290.9,10398.2,10557.2,10649.1,10697.2,11059.9,11234.2,11324.6,11276.8,11151.0,11091.4,11091.7,11092.8,11095.5,11100.8,11091.4,11091.7,11092.8,11095.5,11100.8,11127.1,11126.4,11123.9,11117.0,11092.9,11127.1,11126.4,11123.9,11117.0,11092.9,11112.1,11331.0,11473.7,12589.3,11112.1,11331.0,11473.7,12589.3
2024-05-31,6768.1,0,6268.8,6268.4,6269.2,6281.7,6348.5,6428.9,6428.7,6430.5,6446.7,6525.1,6461.0,6433.2,6403.4,6424.3,6556.6,5980.4,5916.7,5868.5,5901.0,6126.8,6517.8,6523.4,6542.8,6595.0,6746.8,6517.8,6523.4,6542.8,6595.0,6746.8,6938.9,6939.0,6939.5,6940.8,6945.3,6938.9,6939.0,6939.5,6940.8,6945.3,6339.0,6591.8,6584.6,6835.4,6339.0,6591.8,6584.6,6835.4
2024-06-30,10365.4,1,8454.2,8445.2,8418.5,8365.9,8265.2,8694.6,8684.9,8656.4,8602.0,8501.7,10220.1,10104.1,9879.3,9624.6,9356.0,8738.2,8940.0,9109.4,9190.8,9259.2,9641.2,9636.7,9621.4,9580.8,9468.5,9558.3,9559.7,9563.7,9568.4,9549.5,9352.3,9352.4,9352.9,9354.2,9358.5,9539.7,9539.6,9539.2,9538.2,9533.2,8957.1,9243.3,9513.6,9627.9,9601.2,9915.6,9614.6,10387.1
2024-07-31,16715.7,1,11824.9,11816.8,11792.0,11738.3,11619.6,12227.5,12217.4,12186.6,12120.6,11975.4,11491.0,11451.8,11476.5,11750.8,12358.7,12009.1,11848.0,11789.9,11981.8,12461.0,12254.6,12258.0,12269.6,12301.0,12393.0,12398.4,12415.2,12470.8,12608.0,12933.7,12296.6,12297.0,12298.5,12302.5,12316.5,13526.4,13526.3,13526.0,13524.8,13519.9,15379.4,14523.7,14114.6,14157.6,15612.2,14929.2,13778.3,14048.5
2024-08-31,24714.3,1,15567.1,15566.5,15566.6,15575.9,15631.2,15545.3,15545.0,15545.5,15555.6,15612.4,18683.1,18512.4,18275.5,18051.6,17858.0,19669.6,19291.8,18836.1,18438.5,18040.9,21600.4,21603.3,21613.1,21639.6,21715.6,21724.8,21727.9,21738.8,21769.0,21855.9,21974.8,21974.4,21973.3,21969.9,21958.2,21982.3,21982.2,21982.0,21981.1,21975.0,17662.0,18221.7,17902.9,17724.8,15923.2,16418.4,15994.2,16178.8
2024-09-30,20324.0,1,14911.9,14891.0,14834.9,14756.1,14756.8,14587.4,14566.0,14509.2,14434.0,14459.4,17155.1,17289.6,17058.2,16424.1,15629.3,18024.9,18569.2,19198.0,19358.9,18663.6,12274.6,12266.8,12240.2,12169.5,11970.4,16065.4,16034.3,15930.9,15675.8,15074.8,11921.9,11921.7,11921.2,11919.6,11914.3,13366.8,13366.1,13363.6,13356.2,13327.6,11253.2,11685.9,11752.3,12261.8,14752.8,15566.8,15074.9,15272.0
2024-10-31,8651.5,0,6982.3,6984.6,6993.7,7024.8,7145.1,7206.9,7208.5,7215.7,7241.8,7348.7,8505.8,8428.4,8296.2,8154.4,8029.0,7157.0,7139.6,7131.5,7115.8,7179.8,9344.8,9348.8,9362.4,9399.0,9506.4,9344.8,9348.8,9362.4,9399.0,9506.4,9598.4,9598.1,9597.4,9595.3,9587.8,9598.4,9598.1,9597.4,9595.3,9587.8,8783.4,9010.5,8952.0,8740.4,8783.4,9010.5,8952.0,8740.4
2024-11-30,10173.1,0,8901.3,8895.8,8879.9,8852.3,8815.4,8461.8,8459.8,8455.4,8454.9,8479.5,7432.2,7479.9,7590.4,7723.3,7869.7,7500.7,7575.9,7660.2,7740.8,7837.4,8969.7,8967.7,8960.6,8941.5,8884.6,8969.7,8967.7,8960.6,8941.5,8884.6,8903.0,8902.8,8901.8,8899.1,8889.7,8903.0,8902.8,8901.8,8899.1,8889.7,8580.7,8313.5,7840.5,7995.4,8580.7,8313.5,7840.5,7995.4
2024-12-31,14273.8,0,11400.2,11398.4,11393.6,11387.1,11384.3,11999.5,11993.8,11976.8,11943.7,11885.5,10640.9,10746.4,10937.4,11087.7,11119.9,10579.0,10746.7,10990.7,11193.0,11274.2,11264.8,11261.8,11251.4,11223.2,11139.6,11264.8,11261.8,11251.4,11223.2,11139.6,11157.4,11156.6,11153.6,11145.0,11115.1,11157.4,11156.6,11153.6,11145.0,11115.1,11778.7,11559.5,10799.4,10363.0,11778.7,11559.5,10799.4,10363.0
2025-01-31,14712.7,0,12901.8,12914.1,12950.2,13018.0,13124.9,12943.6,12955.9,12992.0,13061.6,13182.4,12996.6,12928.6,12896.4,12934.4,13041.4,13556.0,13313.7,13084.8,13023.2,13103.8,13490.7,13497.2,13519.5,13579.1,13750.5,13490.7,13497.2,13519.5,13579.1,13750.5,13908.4,13907.4,13904.1,13894.5,13861.4,13908.4,13907.4,13904.1,13894.5,13861.4,12814.1,13060.6,12635.1,12758.4,12814.1,13060.6,12635.1,12758.4
2025-02-28,13829.7,0,14076.5,14073.6,14064.4,14042.2,13986.6,13851.0,13852.4,13857.4,13871.4,13909.0,14748.5,14626.2,14407.3,14201.5,14010.0,14355.1,14285.0,14189.5,14110.7,14056.1,14186.9,14189.9,14200.1,14227.2,14302.8,14186.9,14189.9,14200.1,14227.2,14302.8,14497.5,14496.5,14493.1,14483.2,14449.2,14497.5,14496.5,14493.1,14483.2,14449.2,13422.5,13657.2,13772.9,13278.6,13422.5,13657.2,13772.9,13278.6
2025-03-31,10443.0,0,10191.9,10191.9,10191.2,10187.6,10177.6,9913.6,9916.9,9927.4,9951.7,10013.2,10498.4,10505.6,10473.6,10417.1,10363.5,10905.2,10878.3,10804.4,10679.9,10527.1,12957.8,12960.0,12967.4,12987.1,13042.5,12957.8,12960.0,12967.4,12987.1,13042.5,13202.6,13202.5,13202.0,13200.5,13195.1,13202.6,13202.5,13202.0,13200.5,13195.1,9311.0,9311.6,8654.6,8833.7,9311.0,9311.6,8654.6,8833.7
2025-04-30,6332.7,0,6928.9,6934.7,6952.1,6986.5,7052.9,6818.7,6826.8,6851.6,6903.9,7013.8,6617.8,6697.6,6810.0,6909.7,7032.3,6434.0,6510.3,6672.8,6837.6,7014.6,6952.0,6953.6,6958.9,6973.3,7016.3,6952.0,6953.6,6958.9,6973.3,7016.3,7062.8,7063.2,7064.3,7067.5,7078.5,7062.8,7063.2,7064.3,7067.5,7078.5,6057.9,6128.3,6064.6,5827.1,6057.9,6128.3,6064.6,5827.1
2025-05-31,7070.1,0,6253.9,6257.3,6266.7,6281.0,6286.6,6229.2,6234.8,6251.3,6282.7,6328.3,5703.4,5770.4,5859.1,5904.7,5910.0,5707.4,5647.5,5623.8,5661.8,5727.2,5891.1,5890.7,5889.4,5886.1,5877.7,5891.1,5890.7,5889.4,5886.1,5877.7,5784.3,5784.5,5785.3,5787.4,5795.0,5784.3,5784.5,5785.3,5787.4,5795.0,5524.5,5634.8,5908.3,5751.8,5524.5,5634.8,5908.3,5751.8
2025-06-30,9983.0,1,9466.7,9466.6,9465.4,9456.1,9404.3,9507.8,9510.2,9516.9,9526.3,9515.4,10791.8,10693.9,10484.8,10197.0,9838.5,9550.6,9592.5,9550.7,9467.8,9432.0,10554.5,10551.2,10539.9,10509.6,10423.9,9915.7,9915.4,9914.2,9909.7,9889.7,10302.6,10302.6,10302.7,10302.8,10303.3,10143.4,10143.5,10143.9,10144.8,10147.7,10507.3,9775.2,9640.4,9325.0,10102.3,9377.1,9169.0,9215.2
2025-07-31,13303.7,1,11971.2,11947.1,11878.7,11761.1,11614.6,11916.1,11892.1,11825.2,11715.9,11601.1,13624.0,13438.1,13227.4,13211.2,13432.3,14258.0,13838.6,13416.1,13268.9,13354.3,12214.7,12219.9,12237.9,12286.6,12432.0,12562.5,12576.9,12625.5,12749.6,13068.2,12507.6,12508.1,12509.6,12514.0,12529.5,13350.0,13351.4,13356.5,13370.7,13418.8,13180.4,13652.7,14370.7,14374.6,12578.7,13219.1,13582.5,14153.2
2025-08-31,13343.8,1,12126.8,12154.5,12233.8,12372.8,12540.4,12019.3,12050.1,12138.9,12296.6,12497.3,13944.3,13870.3,13837.1,13898.8,14136.5,14307.7,14349.1,14214.6,13952.0,13824.5,15944.0,15948.3,15963.1,16002.8,16118.6,16683.4,16689.5,16710.4,16764.8,16913.1,16251.0,16251.5,16253.3,16258.3,16276.1,16358.6,16361.5,16371.7,16400.3,16496.5,14535.7,15030.8,15541.4,15694.1,15474.5,15367.6,16111.5,15680.8
2025-09-30,8560.2,1,9497.8,9505.3,9528.0,9575.1,9669.3,9518.2,9528.5,9560.0,9625.2,9748.2,8531.3,8679.3,8788.5,8834.3,8875.1,8276.6,8580.0,9001.8,9454.2,9759.3,7315.7,7315.1,7313.3,7308.5,7295.5,9377.5,9365.3,9325.3,9228.6,9015.1,7248.7,7249.3,7251.3,7257.1,7277.4,8559.3,8560.4,8564.0,8574.4,8609.3,7172.5,7586.9,7813.2,7645.0,8349.5,8557.7,8439.2,9398.5
2025-10-31,10851.0,0,7903.5,7920.7,7971.9,8070.7,8231.7,8244.1,8261.0,8310.3,8399.9,8521.0,8548.3,8479.1,8368.7,8304.4,8235.3,7958.6,7929.4,7872.3,7792.6,7648.0,9555.5,9554.7,9551.8,9543.9,9519.9,9555.5,9554.7,9551.8,9543.9,9519.9,9321.5,9321.7,9322.3,9323.9,9329.5,9321.5,9321.7,9322.3,9323.9,9329.5,10064.3,9742.8,8691.5,9217.0,10064.3,9742.8,8691.5,9217.0
2025-11-30,9686.7,0,9829.5,9824.5,9811.9,9800.7,9839.9,9309.0,9308.8,9311.4,9334.4,9443.0,8128.5,8273.7,8460.2,8548.9,8583.6,8979.3,8992.1,9018.0,8959.4,8832.2,9664.5,9662.1,9653.8,9631.8,9568.6,9664.5,9662.1,9653.8,9631.8,9568.6,9647.3,9646.8,9645.2,9640.5,9624.1,9647.3,9646.8,9645.2,9640.5,9624.1,9692.3,9736.7,9954.6,9130.6,9692.3,9736.7,9954.6,9130.6
2025-12-31,9586.8,0,8758.4,8760.9,8769.0,8788.3,8836.1,8872.6,8874.9,8882.9,8904.1,8962.9,8730.0,8681.3,8638.7,8612.0,8584.7,9065.6,8965.0,8889.6,8864.0,8824.3,9365.4,9365.4,9365.1,9364.4,9361.3,9365.4,9365.4,9365.1,9364.4,9361.3,9265.7,9265.4,9264.4,9261.5,9251.6,9265.7,9265.4,9264.4,9261.5,9251.6,9792.4,9789.5,9247.3,9551.8,9792.4,9789.5,9247.3,9551.8
