year,garak_aug_t,highland_var_t,summer_var_t,gangwon_t,highland_sgg_t,late_aug_t,garak_aug_t_yoy%,highland_var_t_yoy%,summer_var_t_yoy%,gangwon_t_yoy%,highland_sgg_t_yoy%,late_aug_t_yoy%,sep_vs_aug%,surge
2011,33604.0,2806.0,27602.0,31073.0,30480.0,19895.0,,,,,,,-37.8,0
2012,14707.0,12912.0,9.0,14004.0,13669.0,8660.0,-56.2,360.2,-100.0,-54.9,-55.2,-56.5,50.0,0
2013,11412.0,9265.0,1232.0,10920.0,10858.0,6446.0,-22.4,-28.2,13588.9,-22.0,-20.6,-25.6,-16.3,0
2014,20133.0,18776.0,531.0,19852.0,19729.0,11435.0,76.4,102.7,-56.9,81.8,81.7,77.4,-1.4,0
2015,15346.0,14364.0,133.0,14865.0,14795.0,8837.0,-23.8,-23.5,-75.0,-25.1,-25.0,-22.7,-15.1,0
2016,13608.0,12843.0,75.0,13366.0,13305.0,7440.0,-11.3,-10.6,-43.6,-10.1,-10.1,-15.8,23.8,0
2017,7901.0,7403.0,55.0,7473.0,7391.0,3955.0,-41.9,-42.4,-26.7,-44.1,-44.4,-46.8,2.4,0
2018,10686.0,10185.0,78.0,8697.0,8668.0,5522.0,35.2,37.6,41.8,16.4,17.3,39.6,-37.3,0
2019,13676.0,13013.0,49.0,12863.0,12824.0,8080.0,28.0,27.8,-37.2,47.9,47.9,46.3,110.7,0
2020,10422.0,9940.0,0.0,9843.0,9475.0,5224.0,-23.8,-23.6,-100.0,-23.5,-26.1,-35.3,44.9,1
2021,11453.0,10887.0,,11017.0,10940.0,7096.0,9.9,9.5,,11.9,15.5,35.8,27.2,0
2022,14899.0,14479.0,,14099.0,13845.0,8860.0,30.1,33.0,,28.0,26.6,24.9,58.1,1
2023,11954.0,11057.0,292.0,8189.0,7788.0,6695.0,-19.8,-23.6,,-41.9,-43.7,-24.4,-2.4,0
2024,12430.0,9999.0,42.0,7228.0,6952.0,7053.0,4.0,-9.6,-85.6,-11.7,-10.7,5.3,44.2,1
2025,11758.0,5032.0,,6731.0,6536.0,6249.0,-5.4,-49.7,,-6.9,-6.0,-11.4,-0.8,0
2026,12407.0,7113.0,,8801.0,8547.0,6161.0,5.5,41.4,,30.8,30.8,-1.4,21.8,0
