market,n_days,ratio_median,log_corr,first,last
인천삼산,4612,0.93,0.58,2011-01-03,2026-10-08
광주각화,4592,0.943,0.575,2011-01-03,2026-10-09
구리,4530,0.879,0.6,2011-01-03,2026-10-09
인천남촌,4487,0.901,0.536,2011-01-03,2026-10-09
광주서부,4462,0.875,0.501,2011-01-03,2026-10-09
춘천,4400,1.596,0.442,2011-01-06,2026-10-08
순천,4394,1.104,0.506,2011-01-06,2026-10-09
대구북부,4321,0.872,,2011-01-03,2026-10-09
전주,4170,1.115,0.466,2011-01-03,2026-10-08
안산,4005,0.899,0.515,2011-01-03,2026-10-08
원주,3989,1.259,0.373,2011-01-03,2026-10-08
강릉,3643,1.26,0.47,2011-10-05,2026-10-09
청주,3256,0.891,0.39,2011-02-24,2026-10-09
창원내서,3232,1.046,0.497,2011-01-05,2026-10-09
대전노은,3039,0.975,0.7,2011-01-03,2026-10-08
익산,3028,1.097,0.719,2015-07-04,2026-10-08
안양,2924,1.167,0.397,2011-01-05,2026-10-08
수원,2889,1.1,0.483,2011-01-03,2026-10-09
창원팔용,2726,1.045,0.416,2011-01-03,2026-10-09
부산반여,2540,1.475,0.328,2011-01-03,2026-10-07
부산엄궁,2434,1.052,0.559,2011-02-15,2026-10-08
포항,1680,1.499,0.525,2011-11-08,2026-10-08
진주,1633,1.012,0.451,2011-01-04,2026-10-07
대전오정,1428,0.795,0.135,2011-01-04,2026-10-02
구미,1150,0.716,0.574,2011-01-05,2026-06-08
서울강서,926,1.035,0.767,2011-01-03,2026-10-07
천안,725,1.264,0.313,2011-01-07,2026-10-09
울산,643,1.255,0.431,2011-08-08,2026-10-08
충주,591,1.749,-0.053,2011-01-03,2026-09-21
정읍,485,0.863,0.512,2011-01-26,2026-09-21
