year,garak_storage_7_8_t,garak_storage_9_t,garak_storage_year_t,other_storage_7_8_t,national_storage_7_8_t,sep_price,sep_vs_aug%
2011,0.0,0.0,27294.0,2032.0,2032.0,6042.0,-37.8
2012,0.0,0.0,11205.0,999.0,999.0,10372.0,50.0
2013,0.0,0.0,7999.0,830.0,830.0,9001.0,-16.3
2014,0.0,2.0,11505.0,1020.0,1020.0,6164.0,-1.4
2015,0.0,0.0,13128.0,738.0,738.0,5778.0,-15.1
2016,9.0,0.0,12546.0,543.0,552.0,18593.0,23.8
2017,0.0,0.0,11071.0,305.0,305.0,14269.0,2.4
2018,0.0,0.0,16054.0,752.0,752.0,9453.0,-37.3
2019,109.0,425.0,16624.0,913.0,1023.0,14853.0,110.7
2020,0.0,0.0,12930.0,710.0,710.0,23633.0,44.9
2021,0.0,0.0,11799.0,518.0,518.0,11462.0,27.2
2022,0.0,0.0,13890.0,460.0,460.0,23136.0,58.1
2023,0.0,0.0,12498.0,310.0,310.0,13080.0,-2.4
2024,1546.0,339.0,18300.0,388.0,1934.0,24637.0,44.2
2025,5572.0,993.0,27280.0,423.0,5996.0,13106.0,-0.8
2026,3929.0,510.0,21085.0,566.0,4494.0,12760.0,21.8
