origin,actual,summer,rel7,prior,ratio,dlp7,sev,q_level,chronos2_q50,chronos2_q90,trig_cont,trig_bin,trig_bin_on,q10,q20,q30,q40,q50,q60,q70,q80,q90
2021-01-31,7681.200,0,0.000,0.000,,0.281,0.000,0.500,7105.469,9336.117,7105.469,7105.469,0,5194.695,5832.291,6307.082,6718.416,7105.469,7516.006,7931.109,8475.170,9336.117
2021-02-07,8532.700,0,0.000,0.000,,-0.047,0.000,0.500,6175.187,8299.489,6175.187,6175.187,0,4566.272,5081.612,5478.380,5835.312,6175.187,6548.647,6940.172,7464.227,8299.489
2021-02-14,9072.900,0,0.000,0.000,,0.130,0.000,0.500,6918.898,8954.395,6918.898,6918.898,0,5147.194,5752.985,6192.882,6568.564,6918.898,7296.666,7678.644,8176.532,8954.395
2021-02-21,9219.700,0,42.750,0.000,,0.240,0.000,0.500,8681.033,11125.782,8681.033,8681.033,0,6368.153,7205.705,7783.933,8254.439,8681.033,9126.555,9584.296,10188.490,11125.782
2021-02-28,9338.100,0,222.800,21.375,10.423,0.027,0.000,0.500,8704.795,10863.090,8704.795,8704.795,0,6609.481,7375.185,7900.028,8324.480,8704.795,9098.898,9501.877,10034.715,10863.090
2021-03-07,9471.900,0,177.460,132.775,1.337,0.023,0.000,0.500,8928.330,11163.079,8928.330,8928.330,0,6815.999,7595.871,8123.994,8548.088,8928.330,9324.304,9737.504,10293.738,11163.079
2021-03-14,9438.700,0,135.000,200.130,0.675,0.048,0.208,0.583,9599.508,11815.694,9931.322,9599.508,0,7442.527,8239.312,8780.437,9212.549,9599.508,9998.274,10407.880,10955.155,11815.694
2021-03-21,9455.200,0,180.000,156.230,1.152,-0.026,0.000,0.500,9237.622,11490.594,9237.622,9237.622,0,7072.554,7873.771,8418.576,8851.155,9237.622,9639.275,10053.220,10610.698,11490.594
2021-03-28,9437.800,0,176.150,157.500,1.118,0.006,0.000,0.500,9332.676,11552.311,9332.676,9332.676,0,7263.457,8027.563,8542.496,8956.101,9332.676,9726.327,10134.576,10687.729,11552.311
2021-04-04,9139.700,0,212.900,178.075,1.196,0.031,0.000,0.500,9589.545,11609.439,9589.545,9589.545,0,7711.497,8406.259,8868.852,9244.868,9589.545,9946.073,10318.961,10823.180,11609.439
2021-04-11,8418.600,0,168.600,194.525,0.867,-0.027,0.000,0.500,9256.721,11188.603,9256.721,9256.721,0,7492.213,8157.665,8596.885,8945.674,9256.721,9580.498,9933.004,10417.934,11188.603
2021-04-18,7212.400,0,89.980,190.750,0.472,-0.003,0.000,0.500,8880.260,10566.353,8880.260,8880.260,0,7243.730,7861.689,8269.893,8592.235,8880.260,9177.547,9495.092,9911.759,10566.353
2021-04-25,6233.300,0,45.000,129.290,0.348,-0.009,0.000,0.500,8508.751,9992.402,8508.751,8508.751,0,6995.848,7571.134,7947.516,8244.151,8508.751,8781.924,9070.163,9434.899,9992.402
2021-05-02,5462.000,0,0.000,67.490,0.000,-0.101,0.000,0.500,7235.039,8841.792,7235.039,7235.039,0,5727.302,6263.836,6633.292,6944.136,7235.039,7545.462,7859.126,8247.021,8841.792
2021-05-09,5399.200,0,0.000,22.500,0.000,-0.254,0.000,0.500,5042.145,6746.679,5042.145,5042.145,0,3783.858,4184.483,4487.622,4769.530,5042.145,5332.844,5637.504,6057.736,6746.679
2021-05-16,5862.100,0,0.000,0.000,,-0.379,0.000,0.500,3513.657,4991.121,3513.657,3513.657,0,2853.836,3061.383,3216.839,3361.958,3513.657,3698.672,3934.015,4309.283,4991.121
2021-05-23,5772.100,0,0.000,0.000,,0.172,0.000,0.500,4695.289,6862.774,4695.289,4695.289,0,3450.669,3790.067,4094.596,4393.788,4695.289,5022.001,5395.308,5942.712,6862.774
2021-05-30,5696.900,0,0.000,0.000,,0.010,0.000,0.500,4953.309,7042.907,4953.309,4953.309,0,3637.298,4011.042,4335.544,4645.361,4953.309,5279.573,5640.373,6159.597,7042.907
2021-06-06,5312.700,1,0.000,0.000,,0.150,0.000,0.500,6175.371,8649.436,6175.371,6175.371,0,4414.683,4976.178,5410.114,5801.349,6175.371,6577.293,7017.781,7626.501,8649.436
2021-06-13,4934.300,1,0.000,0.000,,0.023,0.000,0.500,6588.213,9183.370,6588.213,6588.213,0,4719.637,5330.139,5790.270,6198.979,6588.213,7011.680,7473.740,8108.101,9183.370
2021-06-20,4790.200,1,0.000,0.000,,-0.241,0.000,0.500,5375.353,7817.854,5375.353,5375.353,0,3809.826,4285.268,4667.539,5022.262,5375.353,5763.749,6199.155,6802.644,7817.854
2021-06-27,4673.100,1,0.000,0.000,,0.009,0.000,0.500,6018.883,8728.420,6018.883,6018.883,0,4267.076,4825.804,5253.475,5636.385,6018.883,6443.715,6920.213,7589.647,8728.420
2021-07-04,5659.200,1,0.000,0.000,,-0.070,0.000,0.500,6065.642,9149.166,6065.642,6065.642,0,4227.938,4788.178,5239.607,5650.332,6065.642,6536.754,7071.590,7836.128,9149.166
2021-07-11,6864.900,1,0.000,0.000,,0.002,0.000,0.500,6273.509,9527.973,6273.509,6273.509,0,4346.711,4919.849,5394.646,5832.584,6273.509,6770.008,7333.733,8140.995,9527.973
2021-07-18,7957.400,1,0.000,0.000,,-0.098,0.000,0.500,5661.523,9130.459,5661.523,5661.523,0,3888.206,4361.153,4794.029,5218.512,5661.523,6162.246,6756.022,7615.042,9130.459
2021-07-25,8871.800,1,0.000,0.000,,0.053,0.000,0.500,5853.786,9489.534,5853.786,5853.786,0,4037.964,4524.236,4962.701,5396.419,5853.786,6369.826,6980.379,7874.179,9489.534
2021-08-01,9079.600,1,0.000,0.000,,0.650,0.000,0.500,11363.721,17421.533,11363.721,11363.721,0,7436.300,8689.078,9639.534,10494.561,11363.721,12330.508,13418.811,14958.784,17421.533
2021-08-08,8982.100,1,0.000,0.000,,0.171,0.000,0.500,12322.545,18126.719,12322.545,12322.545,0,8393.238,9694.762,10666.814,11502.295,12322.545,13228.672,14260.613,15731.373,18126.719
2021-08-15,9827.800,1,0.000,0.000,,-0.181,0.000,0.500,9543.604,14626.125,9543.604,9543.604,0,6427.260,7403.325,8158.788,8847.963,9543.604,10330.240,11217.129,12489.543,14626.125
2021-08-22,11278.300,1,0.000,0.000,,-0.064,0.000,0.500,8676.763,13012.687,8676.763,8676.763,0,6021.430,6847.164,7494.583,8082.676,8676.763,9352.608,10121.307,11205.461,13012.687
2021-08-29,11726.200,1,0.000,0.000,,0.157,0.000,0.500,10341.887,15397.219,10341.887,10341.887,0,7146.570,8193.619,8975.324,9653.625,10341.887,11124.352,12010.207,13277.904,15397.219
2021-09-05,11349.400,1,0.000,0.000,,0.027,0.000,0.500,9717.839,13741.639,9717.839,9717.839,0,6937.966,7867.100,8553.323,9138.570,9717.839,10362.528,11080.677,12086.219,13741.639
2021-09-12,9457.500,1,0.000,0.000,,0.221,0.000,0.500,11063.489,16497.816,11063.489,11063.489,0,7387.098,8566.182,9480.629,10271.062,11063.489,11949.889,12940.768,14332.168,16497.816
2021-09-19,6521.900,1,0.000,0.000,,0.140,0.000,0.500,11317.745,17226.289,11317.745,11317.745,0,6928.926,8293.183,9392.371,10361.903,11317.745,12365.568,13475.658,14976.424,17226.289
2021-09-26,6077.200,1,0.000,0.000,,-0.286,0.000,0.500,8128.347,12177.220,8128.347,8128.347,0,4827.168,5824.317,6639.466,7397.608,8128.347,8877.950,9667.103,10686.230,12177.220
2021-10-03,5617.200,0,0.000,0.000,,-0.212,0.000,0.500,6664.124,9669.891,6664.124,6664.124,0,4243.956,4927.970,5508.006,6080.988,6664.124,7274.262,7897.027,8643.927,9669.891
2021-10-10,6467.500,0,0.000,0.000,,-0.407,0.000,0.500,4487.756,7131.812,4487.756,4487.756,0,3104.687,3426.408,3739.829,4091.066,4487.756,4948.927,5469.284,6152.744,7131.812
2021-10-17,8282.900,0,0.000,0.000,,-0.308,0.000,0.500,3652.452,5716.009,3652.452,3652.452,0,2810.225,3016.284,3210.199,3417.818,3652.452,3937.319,4298.280,4845.526,5716.009
2021-10-24,9198.500,0,0.000,0.000,,0.371,0.000,0.500,5414.747,7971.263,5414.747,5414.747,0,3633.479,4122.248,4541.946,4966.900,5414.747,5912.562,6429.057,7063.846,7971.263
2021-10-31,9883.800,0,0.000,0.000,,0.101,0.000,0.500,6415.220,8622.896,6415.220,6415.220,0,4520.333,5081.983,5546.333,5985.328,6415.220,6863.641,7308.599,7845.691,8622.896
2021-11-07,9803.800,0,121.900,0.000,,0.313,0.000,0.500,8348.563,10700.841,8348.563,8348.563,0,5912.883,6742.031,7356.297,7873.636,8348.563,8818.478,9282.341,9853.137,10700.841
2021-11-14,8911.300,0,753.870,60.950,12.369,0.231,0.000,0.500,9843.793,12652.026,9843.793,9843.793,0,6943.920,7970.551,8717.028,9311.430,9843.793,10369.021,10897.404,11581.604,12652.026
2021-11-21,8421.600,0,960.900,437.885,2.194,-0.165,0.000,0.500,8170.766,10430.883,8170.766,8170.766,0,5881.306,6659.865,7235.341,7723.852,8170.766,8618.833,9063.020,9609.496,10430.883
2021-11-28,7946.200,0,739.350,857.385,0.862,-0.029,0.000,0.500,8382.991,10297.293,8382.991,8382.991,0,6170.513,6987.795,7559.737,8001.000,8382.991,8761.211,9136.070,9600.533,10297.293
2021-12-05,7762.700,0,176.710,850.125,0.208,-0.062,0.000,0.500,7965.812,9711.344,7965.812,7965.812,0,5817.655,6602.990,7163.818,7595.057,7965.812,8326.836,8677.369,9097.601,9711.344
2021-12-12,7772.900,0,0.000,458.030,0.000,-0.116,0.000,0.500,7119.038,8842.144,7119.038,7119.038,0,5162.992,5799.205,6302.094,6733.816,7119.038,7483.940,7838.377,8251.418,8842.144
2021-12-19,7788.300,0,0.000,88.355,0.000,-0.012,0.000,0.500,7584.961,9179.783,7584.961,7584.961,0,5652.468,6358.897,6855.026,7244.639,7584.961,7925.854,8250.492,8631.204,9179.783
2021-12-26,7845.400,0,0.000,0.000,,-0.038,0.000,0.500,7292.628,8911.464,7292.628,7292.628,0,5319.229,5997.852,6506.866,6925.441,7292.628,7642.720,7977.201,8363.329,8911.464
2022-01-02,7719.600,0,247.050,0.000,,0.087,0.000,0.500,8145.117,9735.529,8145.117,8145.117,0,6128.447,6883.535,7413.995,7811.576,8145.117,8472.925,8791.251,9174.199,9735.529
2022-01-09,7743.200,0,175.750,123.525,1.423,-0.036,0.000,0.500,7891.655,9431.031,7891.655,7891.655,0,5905.414,6651.271,7177.409,7567.819,7891.655,8212.759,8522.292,8891.648,9431.031
2022-01-16,7890.400,0,468.370,211.400,2.216,-0.005,0.000,0.500,7847.439,9182.801,7847.439,7847.439,0,5917.562,6651.983,7178.178,7552.971,7847.439,8123.732,8389.207,8708.074,9182.801
2022-01-23,8130.400,0,328.350,322.060,1.020,-0.018,0.000,0.500,7478.245,8807.769,7478.245,7478.245,0,5612.641,6302.705,6808.852,7179.772,7478.245,7751.417,8018.079,8335.758,8807.769
2022-01-30,8453.100,0,181.900,398.360,0.457,-0.011,0.000,0.500,7445.560,8743.494,7445.560,7445.560,0,5590.138,6266.955,6771.367,7145.017,7445.560,7709.864,7971.989,8284.379,8743.494
2022-02-06,8528.900,0,132.500,255.125,0.519,0.103,0.818,0.827,8452.767,10003.787,9577.317,8452.767,0,6805.509,7434.612,7845.582,8169.468,8452.767,8741.265,9037.603,9419.582,10003.787
2022-02-13,8634.300,0,179.000,157.200,1.139,-0.012,0.000,0.500,8452.388,9970.802,8452.388,8452.388,0,6824.377,7452.296,7859.254,8176.520,8452.388,8734.094,9023.338,9396.383,9970.802
2022-02-20,8788.000,0,311.090,155.750,1.997,0.021,0.000,0.500,8620.514,10074.242,8620.514,8620.514,0,7024.148,7637.671,8040.926,8352.893,8620.514,8892.475,9171.753,9529.385,10074.242
2022-02-27,8987.600,0,88.000,245.045,0.359,0.022,0.180,0.572,8753.785,10020.511,8925.672,8753.785,0,7311.566,7872.997,8235.577,8515.172,8753.785,8992.157,9235.496,9545.234,10020.511
2022-03-06,9355.600,0,45.000,199.545,0.226,0.010,0.065,0.526,8684.078,9918.195,8743.627,8684.078,0,7319.585,7842.560,8185.956,8455.012,8684.078,8912.931,9150.025,9451.898,9918.195
2022-03-13,9750.300,0,0.000,66.500,0.000,-0.005,0.000,0.500,8694.937,9819.019,8694.937,8694.937,0,7484.333,7959.958,8261.026,8494.932,8694.937,8895.523,9109.205,9384.888,9819.019
2022-03-20,10055.500,0,0.000,22.500,0.000,0.044,0.033,0.513,9028.679,10075.682,9052.846,9028.679,0,7853.209,8327.497,8619.161,8841.240,9028.679,9211.223,9408.663,9665.809,10075.682
2022-03-27,10358.000,0,0.000,0.000,,0.040,0.000,0.500,9303.748,10442.875,9303.748,9303.748,0,8017.280,8526.919,8845.402,9092.352,9303.748,9507.048,9724.667,10005.168,10442.875
2022-04-03,10411.200,0,90.000,0.000,,0.077,0.000,0.500,9803.224,11210.230,9803.224,9803.224,0,8340.367,8904.753,9263.552,9548.277,9803.224,10050.538,10322.416,10674.444,11210.230
2022-04-10,10340.400,0,404.500,45.000,8.989,0.007,0.000,0.500,9749.545,11188.361,9749.545,9749.545,0,8233.244,8816.755,9188.574,9482.719,9749.545,10010.295,10293.319,10654.006,11188.361
2022-04-17,10045.600,0,397.500,247.250,1.608,0.002,0.000,0.500,9698.831,11154.979,9698.831,9698.831,0,8128.381,8740.354,9125.722,9426.413,9698.831,9966.914,10255.445,10618.854,11154.979
2022-04-24,9455.500,0,312.100,401.000,0.778,0.034,0.152,0.561,9926.538,11544.807,10110.134,9926.538,0,8190.929,8861.398,9288.756,9621.792,9926.538,10228.164,10549.344,10949.615,11544.807
2022-05-01,8726.200,0,270.420,354.800,0.762,-0.023,0.000,0.500,9489.801,11121.446,9489.801,9489.801,0,7687.121,8397.254,8843.865,9182.108,9489.801,9801.061,10127.549,10529.357,11121.446
2022-05-08,8529.500,0,90.000,291.260,0.309,-0.043,0.000,0.500,8891.658,10304.861,8891.658,8891.658,0,7214.321,7911.841,8321.369,8621.278,8891.658,9162.613,9440.660,9782.293,10304.861
2022-05-15,8257.200,0,0.000,180.210,0.000,-0.090,0.000,0.500,8013.865,9353.004,8013.865,8013.865,0,6397.341,7037.754,7440.656,7746.083,8013.865,8277.750,8544.720,8865.822,9353.004
2022-05-22,8235.500,0,0.000,45.000,0.000,-0.097,0.000,0.500,7312.554,8611.091,7312.554,7312.554,0,5754.467,6353.709,6740.021,7043.050,7312.554,7580.288,7844.413,8152.810,8611.091
2022-05-29,8695.200,0,0.000,0.000,,-0.098,0.000,0.500,6706.207,8044.933,6706.207,6706.207,0,5201.673,5753.290,6121.270,6428.800,6706.207,6974.951,7236.672,7555.186,8044.933
2022-06-05,8617.200,1,0.000,0.000,,0.201,0.000,0.500,8449.660,10297.396,8449.660,8449.660,0,6468.499,7216.422,7701.542,8092.050,8449.660,8814.594,9184.959,9631.274,10297.396
2022-06-12,9120.400,1,0.000,0.000,,-0.144,0.000,0.500,7714.454,9468.807,7714.454,7714.454,0,5710.893,6464.196,6963.061,7363.182,7714.454,8062.836,8408.287,8830.716,9468.807
2022-06-19,10425.700,1,0.000,0.000,,0.029,0.000,0.500,8182.503,10097.365,8182.503,8182.503,0,6122.210,6893.914,7405.046,7814.659,8182.503,8552.568,8921.570,9382.895,10097.365
2022-06-26,12852.500,1,0.000,0.000,,0.133,0.000,0.500,9467.875,11798.356,9467.875,9467.875,0,7284.648,8103.470,8634.477,9060.758,9467.875,9891.428,10331.481,10905.761,11798.356
2022-07-03,14547.100,1,0.000,0.000,,-0.059,0.000,0.500,9212.653,11769.357,9212.653,9212.653,0,7115.253,7906.519,8409.344,8816.876,9212.653,9637.515,10097.248,10732.920,11769.357
2022-07-10,15702.600,1,0.000,0.000,,0.123,0.000,0.500,10304.005,13388.400,10304.005,10304.005,0,8132.658,8939.232,9460.467,9886.181,10304.005,10772.866,11316.043,12102.260,13388.400
2022-07-17,15672.900,1,344.400,0.000,,0.288,0.000,0.500,13761.283,18718.297,13761.283,13761.283,0,10177.916,11389.007,12263.735,13012.963,13761.283,14575.260,15466.225,16717.984,18718.297
2022-07-24,14180.900,1,731.610,172.200,4.249,0.348,0.000,0.500,18543.367,25006.854,18543.367,18543.367,0,13417.682,15115.017,16385.102,17461.447,18543.367,19650.779,20816.484,22435.912,25006.854
2022-07-31,14038.700,1,622.100,538.005,1.156,-0.192,0.000,0.500,15662.455,21794.406,15662.455,15662.455,0,10916.274,12507.441,13695.177,14693.635,15662.455,16684.367,17814.357,19366.291,21794.406
2022-08-07,15504.500,1,501.440,676.855,0.741,-0.075,0.000,0.500,15165.406,20850.363,15165.406,15165.406,0,10750.875,12261.528,13363.575,14279.844,15165.406,16110.146,17161.172,18608.598,20850.363
2022-08-14,17245.000,1,596.950,561.770,1.063,-0.089,0.000,0.500,13395.785,18628.891,13395.785,13395.785,0,9517.082,10820.240,11789.095,12607.708,13395.785,14249.037,15200.744,16521.561,18628.891
2022-08-21,20388.300,1,100.000,549.195,0.182,0.007,0.066,0.527,13363.290,18104.641,13566.550,18104.641,1,9799.715,11031.341,11918.849,12654.333,13363.290,14127.424,14987.816,16188.001,18104.641
2022-08-28,23428.300,1,600.700,348.475,1.724,0.129,0.000,0.500,15365.811,20442.447,15365.811,15365.811,0,11359.766,12754.217,13748.291,14569.016,15365.811,16177.260,17037.271,18283.836,20442.447
2022-09-04,23094.500,1,1157.725,350.350,3.304,0.292,0.000,0.500,18836.922,24995.641,18836.922,18836.922,0,13454.825,15322.209,16667.207,17761.461,18836.922,19892.199,20924.227,22419.783,24995.641
2022-09-11,22203.600,1,956.335,879.213,1.088,0.022,0.000,0.500,17693.426,24362.496,17693.426,17693.426,0,11754.182,13760.750,15303.211,16538.113,17693.426,18834.529,19964.684,21610.551,24362.496
2022-09-18,18531.600,1,400.400,1057.030,0.379,0.244,1.000,0.900,18062.344,26213.898,26213.898,26213.898,1,11195.771,13450.567,15201.926,16635.793,18062.344,19560.186,21077.627,23169.619,26213.898
2022-09-25,13949.200,1,818.160,678.368,1.206,-0.010,0.000,0.500,15167.339,21593.574,15167.339,15167.339,0,9302.820,11218.436,12700.379,13947.228,15167.339,16404.789,17669.141,19325.844,21593.574
2022-10-02,11106.500,0,570.040,609.280,0.936,-0.321,0.000,0.500,10339.152,15050.408,10339.152,10339.152,0,6142.835,7510.542,8548.337,9459.863,10339.152,11228.482,12167.999,13361.514,15050.408
2022-10-09,8183.500,0,210.000,694.100,0.303,-0.097,0.000,0.500,12354.398,16520.990,12354.398,12354.398,0,8073.528,9565.858,10644.875,11525.213,12354.398,13172.227,13999.785,15040.439,16520.990
2022-10-16,6917.800,0,370.000,390.020,0.949,-0.453,0.000,0.500,8313.902,11202.505,8313.902,8313.902,0,5427.748,6350.367,7069.729,7710.069,8313.902,8922.311,9520.697,10220.631,11202.505
2022-10-23,6334.200,0,1480.000,290.000,5.103,-0.318,0.000,0.500,6792.527,9468.944,6792.527,6792.527,0,4500.394,5190.254,5745.596,6271.230,6792.527,7342.915,7888.487,8537.038,9468.944
2022-10-30,5685.200,0,490.000,925.000,0.530,-0.039,0.000,0.500,7183.348,9461.271,7183.348,7183.348,0,4782.931,5550.072,6160.817,6696.587,7183.348,7672.182,8142.559,8686.140,9461.271
2022-11-06,5387.000,0,230.000,985.000,0.234,-0.220,0.000,0.500,5596.618,7874.085,5596.618,5596.618,0,3822.751,4314.594,4741.979,5165.240,5596.618,6062.601,6529.081,7083.473,7874.085
2022-11-13,4948.600,0,0.000,360.000,0.000,-0.037,0.000,0.500,5650.975,7702.835,5650.975,5650.975,0,4015.746,4494.688,4892.767,5273.457,5650.975,6057.971,6468.001,6965.778,7702.835
2022-11-20,4574.600,0,0.000,115.000,0.000,-0.057,0.000,0.500,5445.228,7352.275,5445.228,5445.228,0,3942.987,4381.566,4747.371,5096.992,5445.228,5820.848,6198.927,6660.446,7352.275
2022-11-27,4577.200,0,0.000,0.000,,-0.112,0.000,0.500,5219.815,7104.038,5219.815,5219.815,0,3791.777,4205.055,4550.624,4883.043,5219.815,5583.652,5955.447,6412.000,7104.038
2022-12-04,4504.500,0,0.000,0.000,,-0.011,0.000,0.500,5122.891,7092.939,5122.891,5122.891,0,3764.707,4140.023,4467.552,4789.965,5122.891,5489.064,5871.013,6352.372,7092.939
2022-12-11,4517.300,0,0.000,0.000,,-0.171,0.000,0.500,4340.452,6324.495,4340.452,4340.452,0,3245.559,3532.457,3792.261,4055.155,4340.452,4664.397,5033.260,5534.950,6324.495
2022-12-18,4475.500,0,0.000,0.000,,-0.021,0.000,0.500,4275.853,6235.062,4275.853,4275.853,0,3156.156,3442.173,3703.690,3975.103,4275.853,4611.788,4988.118,5481.376,6235.062
2022-12-25,4194.900,0,0.000,0.000,,0.210,0.000,0.500,5400.290,7400.931,5400.290,5400.290,0,3753.100,4233.244,4635.065,5017.530,5400.290,5806.524,6209.237,6695.119,7400.931
2023-01-01,4304.700,0,0.000,0.000,,-0.093,0.000,0.500,4732.898,6429.389,4732.898,4732.898,0,3549.545,3898.525,4180.396,4450.799,4732.898,5040.890,5368.388,5788.062,6429.389
2023-01-08,4592.500,0,0.000,0.000,,-0.096,0.000,0.500,4089.246,5698.501,4089.246,4089.246,0,3179.639,3438.008,3650.728,3861.499,4089.246,4339.887,4627.475,5031.393,5698.501
2023-01-15,4933.900,0,0.000,0.000,,-0.052,0.000,0.500,4207.545,5761.286,4207.545,4207.545,0,3295.734,3569.511,3785.931,3992.143,4207.545,4444.477,4716.764,5104.146,5761.286
2023-01-22,5503.400,0,0.000,0.000,,0.009,0.000,0.500,4146.782,5658.415,4146.782,4146.782,0,3326.278,3570.087,3762.889,3949.989,4146.782,4368.093,4628.891,5007.920,5658.415
2023-01-29,5619.000,0,0.000,0.000,,0.312,0.000,0.500,6000.920,8192.731,6000.920,6000.920,0,4345.247,4849.711,5254.556,5630.421,6000.920,6398.351,6812.904,7349.508,8192.731
2023-02-05,5979.300,0,0.000,0.000,,-0.051,0.000,0.500,5524.797,7513.055,5524.797,5524.797,0,4170.056,4571.397,4898.531,5210.916,5524.797,5871.945,6241.464,6728.623,7513.055
2023-02-12,6537.700,0,0.000,0.000,,0.002,0.000,0.500,5385.009,7317.850,5385.009,5385.009,0,4164.422,4523.969,4816.212,5098.852,5385.009,5706.819,6057.929,6533.456,7317.850
2023-02-19,6746.800,0,0.000,0.000,,0.156,0.000,0.500,6722.776,8906.305,6722.776,6722.776,0,4962.391,5519.985,5951.568,6344.150,6722.776,7122.951,7533.947,8064.961,8906.305
2023-02-26,6946.800,0,0.000,0.000,,-0.021,0.000,0.500,6026.201,7903.920,6026.201,6026.201,0,4640.566,5082.316,5418.142,5727.524,6026.201,6352.782,6698.841,7156.505,7903.920
2023-03-05,6980.600,0,0.000,0.000,,0.117,0.000,0.500,7156.786,9055.270,7156.786,7156.786,0,5521.182,6062.260,6464.403,6819.301,7156.786,7513.417,7873.182,8332.266,9055.270
2023-03-12,7513.400,0,0.000,0.000,,0.105,0.000,0.500,7823.245,9677.865,7823.245,7823.245,0,6196.898,6767.121,7168.743,7507.533,7823.245,8159.811,8506.039,8960.295,9677.865
2023-03-19,7906.700,0,0.000,0.000,,-0.070,0.000,0.500,6864.503,8654.947,6864.503,6864.503,0,5335.680,5846.281,6222.518,6552.077,6864.503,7201.290,7545.199,7981.570,8654.947
2023-03-26,8226.100,0,0.000,0.000,,-0.027,0.000,0.500,6623.725,8386.630,6623.725,6623.725,0,5134.257,5632.558,5999.566,6320.203,6623.725,6950.931,7287.590,7717.181,8386.630
2023-04-02,8798.200,0,18.040,0.000,,0.012,0.000,0.500,6619.296,8286.235,6619.296,6619.296,0,5107.652,5622.679,5995.765,6317.292,6619.296,6940.288,7266.457,7672.673,8286.235
2023-04-09,9122.600,0,0.000,9.020,0.000,0.339,0.030,0.512,8791.001,11414.487,8849.795,8791.001,0,6324.018,7186.180,7800.176,8313.271,8791.001,9279.867,9784.726,10429.950,11414.487
2023-04-16,8957.800,0,0.000,9.020,0.000,-0.119,0.000,0.500,7527.377,9446.071,7527.377,7527.377,0,5587.952,6276.889,6761.381,7160.901,7527.377,7907.097,8287.919,8756.901,9446.071
2023-04-23,9429.200,0,0.000,0.000,,-0.059,0.000,0.500,7296.681,9147.499,7296.681,7296.681,0,5441.951,6101.941,6560.642,6943.126,7296.681,7664.576,8033.271,8483.399,9147.499
2023-04-30,8761.800,0,0.000,0.000,,0.125,0.000,0.500,8142.310,10378.248,8142.310,8142.310,0,5951.849,6734.125,7278.370,7727.347,8142.310,8571.890,9009.894,9556.382,10378.248
2023-05-07,8112.800,0,159.720,0.000,,0.165,0.000,0.500,9143.686,11902.280,9143.686,9143.686,0,6525.665,7438.622,8088.182,8633.430,9143.686,9669.846,10212.252,10887.092,11902.280
2023-05-14,8410.900,0,136.680,79.860,1.711,-0.314,0.000,0.500,6778.266,8889.156,6778.266,6778.266,0,4806.065,5483.866,5965.618,6386.383,6778.266,7171.726,7574.416,8094.729,8889.156
2023-05-21,7928.800,0,167.040,148.200,1.127,0.230,0.000,0.500,9118.713,12138.702,9118.713,9118.713,0,6483.724,7397.305,8046.761,8597.192,9118.713,9671.673,10251.578,10992.095,12138.702
2023-05-28,8252.400,0,22.740,151.860,0.150,-0.430,0.000,0.500,6306.879,8659.115,6306.879,6306.879,0,4534.871,5095.562,5523.167,5918.235,6306.879,6709.950,7143.036,7728.089,8659.115
2023-06-04,8173.500,1,0.000,94.890,0.000,0.237,0.316,0.627,8049.734,10985.571,8683.504,8049.734,0,5795.923,6560.820,7111.090,7591.537,8049.734,8542.260,9074.855,9793.732,10985.571
2023-06-11,7330.400,1,0.000,11.370,0.000,0.105,0.038,0.515,9147.807,12172.773,9227.195,9147.807,0,6629.451,7512.032,8128.664,8654.629,9147.807,9671.477,10231.572,10972.702,12172.773
2023-06-18,7423.400,1,49.700,0.000,,-0.138,0.000,0.500,8695.709,12049.285,8695.709,8695.709,0,6304.125,7121.873,7701.688,8206.893,8695.709,9232.059,9828.278,10655.047,12049.285
2023-06-25,7298.700,1,119.280,24.850,4.800,-0.039,0.000,0.500,8826.636,12206.617,8826.636,8826.636,0,6567.293,7348.106,7891.123,8362.367,8826.636,9343.600,9930.521,10769.676,12206.617
2023-07-02,7863.800,1,221.900,84.490,2.626,0.034,0.000,0.500,9709.223,13150.442,9709.223,9709.223,0,7339.027,8169.021,8738.398,9225.980,9709.223,10241.380,10844.539,11707.729,13150.442
2023-07-09,10247.400,1,99.460,170.590,0.583,-0.387,0.000,0.500,7464.791,11398.626,7464.791,7464.791,0,5120.569,5836.016,6401.255,6925.592,7464.791,8071.141,8752.231,9729.719,11398.626
2023-07-16,11623.600,1,234.040,160.680,1.457,0.397,0.000,0.500,10334.166,15471.619,10334.166,10334.166,0,7395.192,8352.397,9059.586,9695.395,10334.166,11070.467,11949.533,13259.255,15471.619
2023-07-23,12947.700,1,26.460,166.750,0.159,-0.146,0.000,0.500,9551.080,14617.230,9551.080,9551.080,0,6800.521,7664.025,8324.306,8930.341,9551.080,10271.263,11123.965,12395.291,14617.230
2023-07-30,14087.300,1,35.280,130.250,0.271,0.369,0.434,0.674,12753.029,18854.102,14532.357,12753.029,0,8920.855,10146.406,11069.453,11896.934,12753.029,13718.446,14823.303,16386.801,18854.102
2023-08-06,12595.000,1,639.750,30.870,20.724,0.491,0.000,0.500,18051.318,25140.316,18051.318,18051.318,0,12543.023,14341.180,15721.746,16901.301,18051.318,19233.459,20510.307,22311.080,25140.316
2023-08-13,12135.700,1,1505.940,337.515,4.462,-0.223,0.000,0.500,15207.133,22132.477,15207.133,15207.133,0,10399.562,11952.347,13151.918,14194.196,15207.133,16310.374,17589.080,19408.926,22132.477
2023-08-20,12651.100,1,1190.700,1072.845,1.110,-0.069,0.000,0.500,13470.899,19998.332,13470.899,13470.899,0,9306.488,10646.214,11672.171,12573.140,13470.899,14479.686,15650.672,17335.205,19998.332
2023-08-27,12227.100,1,894.600,1348.320,0.663,0.188,0.673,0.769,15685.783,22376.189,19158.671,15685.783,0,10672.704,12306.099,13557.908,14632.676,15685.783,16790.121,17980.715,19682.812,22376.189
2023-09-03,13351.300,1,44.100,1042.650,0.042,-0.389,0.000,0.500,10274.568,16048.399,10274.568,10274.568,0,6811.675,7898.883,8738.369,9495.826,10274.568,11161.426,12161.711,13595.354,16048.399
2023-09-10,13461.400,1,0.000,469.350,0.000,0.176,1.000,0.900,10890.420,16943.559,16943.559,16943.559,1,6897.492,8156.680,9143.278,10019.793,10890.420,11851.201,12915.670,14419.230,16943.559
2023-09-17,13274.100,1,0.000,22.050,0.000,0.194,0.073,0.529,10829.500,16279.920,11106.987,10829.500,0,6770.562,8032.958,9036.717,9934.988,10829.500,11773.333,12766.977,14114.949,16279.920
2023-09-24,12458.300,1,0.000,0.000,,-0.095,0.000,0.500,8683.507,12862.068,8683.507,8683.507,0,5417.231,6430.565,7229.590,7965.181,8683.507,9435.999,10241.199,11287.730,12862.068
2023-10-01,11153.400,0,0.000,0.000,,0.115,0.000,0.500,9688.201,13580.230,9688.201,9688.201,0,6195.730,7325.878,8197.893,8964.711,9688.201,10414.955,11162.241,12123.020,13580.230
2023-10-08,10051.200,0,0.000,0.000,,-0.197,0.000,0.500,9017.897,11762.393,9017.897,9017.897,0,6096.366,7090.363,7837.653,8465.015,9017.897,9556.081,10100.279,10771.485,11762.393
2023-10-15,8177.500,0,44.100,0.000,,0.137,0.000,0.500,10431.367,13546.497,10431.367,10431.367,0,7291.932,8400.560,9194.879,9843.885,10431.367,11008.288,11594.152,12354.044,13546.497
2023-10-22,7421.800,0,263.480,22.050,11.949,-0.314,0.000,0.500,8800.900,11151.572,8800.900,8800.900,0,6321.480,7181.255,7814.919,8338.512,8800.900,9258.459,9719.381,10289.169,11151.572
2023-10-29,6696.700,0,239.610,153.790,1.558,-0.157,0.000,0.500,8144.521,10446.324,8144.521,8144.521,0,5741.792,6543.550,7166.312,7687.296,8144.521,8600.729,9056.396,9613.319,10446.324
2023-11-05,6335.800,0,0.000,251.545,0.000,-0.162,0.000,0.500,7155.977,9425.592,7155.977,7155.977,0,5018.139,5690.088,6238.587,6720.755,7155.977,7606.351,8054.429,8601.760,9425.592
2023-11-12,6117.600,0,0.000,119.805,0.000,-0.114,0.000,0.500,6646.332,8851.227,6646.332,6646.332,0,4670.867,5292.081,5793.891,6238.508,6646.332,7077.533,7511.657,8046.717,8851.227
2023-11-19,6025.700,0,0.000,0.000,,0.070,0.000,0.500,7226.721,9064.832,7226.721,7226.721,0,5111.570,5787.289,6359.218,6832.114,7226.721,7609.107,7978.158,8415.938,9064.832
2023-11-26,6270.800,0,0.000,0.000,,-0.184,0.000,0.500,5955.083,7999.009,5955.083,5955.083,0,4125.817,4657.368,5134.505,5564.134,5955.083,6354.127,6758.094,7253.562,7999.009
2023-12-03,6358.800,0,0.000,0.000,,-0.011,0.000,0.500,5958.216,8051.135,5958.216,5958.216,0,4102.464,4630.825,5114.082,5554.671,5958.216,6360.867,6774.408,7284.308,8051.135
2023-12-10,6426.300,0,0.000,0.000,,-0.013,0.000,0.500,5798.733,7872.029,5798.733,5798.733,0,4158.503,4651.617,5067.408,5443.017,5798.733,6184.480,6579.947,7086.669,7872.029
2023-12-17,6175.800,0,0.000,0.000,,0.176,0.000,0.500,7473.816,9382.865,7473.816,7473.816,0,5506.857,6183.715,6686.149,7104.092,7473.816,7846.621,8217.214,8679.754,9382.865
2023-12-24,5982.600,0,295.848,0.000,,0.008,0.000,0.500,7601.409,9445.451,7601.409,7601.409,0,5696.887,6347.590,6836.298,7242.759,7601.409,7964.187,8323.480,8770.430,9445.451
2023-12-31,6086.300,0,325.752,147.924,2.202,-0.110,0.000,0.500,6580.954,8522.963,6580.954,6580.954,0,4855.743,5392.503,5834.578,6224.124,6580.954,6956.269,7332.795,7804.066,8522.963
2024-01-07,6295.000,0,378.672,310.800,1.218,-0.073,0.000,0.500,5856.755,7874.147,5856.755,5856.755,0,4423.531,4853.623,5204.044,5532.750,5856.755,6221.554,6600.369,7097.706,7874.147
2024-01-14,6415.700,0,319.608,352.212,0.907,0.037,0.068,0.527,6319.853,8186.859,6413.941,6319.853,0,4889.081,5332.680,5683.812,6007.301,6319.853,6665.667,7018.576,7474.882,8186.859
2024-01-21,6964.400,0,264.600,349.140,0.758,0.033,0.159,0.564,6721.998,8461.888,6930.325,6721.998,0,5248.136,5721.548,6090.337,6418.571,6721.998,7049.183,7378.279,7800.144,8461.888
2024-01-28,7571.700,0,465.696,292.104,1.594,0.062,0.000,0.500,7220.074,8821.366,7220.074,7220.074,0,5756.674,6249.898,6615.635,6932.777,7220.074,7525.831,7828.437,8214.908,8821.366
2024-02-04,8278.100,0,788.760,365.148,2.160,0.028,0.000,0.500,7274.083,8686.947,7274.083,7274.083,0,5944.528,6397.158,6728.398,7014.717,7274.083,7550.446,7819.994,8158.552,8686.947
2024-02-11,9315.200,0,488.916,627.228,0.779,-0.058,0.000,0.500,6928.351,8359.896,6928.351,6928.351,0,5635.345,6076.506,6398.734,6677.438,6928.351,7197.608,7466.012,7811.672,8359.896
2024-02-18,9922.100,0,434.448,638.838,0.680,0.303,0.640,0.756,8713.455,10401.324,9588.467,8713.455,0,6985.189,7612.149,8046.804,8400.631,8713.455,9031.631,9355.545,9771.832,10401.324
2024-02-25,10601.400,0,304.248,461.682,0.659,0.025,0.172,0.569,8825.608,10483.680,9036.237,8825.608,0,7168.901,7774.112,8188.964,8526.609,8825.608,9132.117,9448.377,9857.830,10483.680
2024-03-03,11107.900,0,168.864,369.348,0.457,0.079,0.787,0.815,9466.826,11108.406,10582.024,11108.406,1,7790.902,8415.188,8835.361,9171.261,9466.826,9767.194,10081.770,10489.424,11108.406
2024-03-10,11740.900,0,202.776,236.556,0.857,0.107,0.225,0.590,10106.549,11801.791,10383.436,10106.549,0,8335.814,8998.030,9442.522,9795.314,10106.549,10413.928,10736.244,11155.086,11801.791
2024-03-17,12930.000,0,265.728,185.820,1.430,0.043,0.000,0.500,10483.546,12285.085,10483.546,10483.546,0,8733.928,9379.937,9814.344,10164.836,10483.546,10803.174,11146.342,11595.478,12285.085
2024-03-24,14063.200,0,575.340,234.252,2.456,0.034,0.000,0.500,10821.065,12742.387,10821.065,10821.065,0,8991.365,9659.464,10113.687,10482.008,10821.065,11160.385,11527.484,12007.441,12742.387
2024-03-31,14782.200,0,539.640,420.534,1.283,0.029,0.000,0.500,11142.251,13176.807,11142.251,11142.251,0,9283.152,9953.315,10414.154,10790.094,11142.251,11500.524,11897.414,12412.352,13176.807
2024-04-07,15004.500,0,783.216,557.490,1.405,0.111,0.000,0.500,11887.321,14642.685,11887.321,11887.321,0,9443.599,10297.885,10907.578,11408.304,11887.321,12384.576,12934.717,13637.597,14642.685
2024-04-14,14256.000,0,886.608,661.428,1.340,0.188,0.000,0.500,13925.842,17702.396,13925.842,13925.842,0,10578.867,11719.188,12556.926,13251.886,13925.842,14608.193,15349.370,16314.990,17702.396
2024-04-21,13234.700,0,564.828,834.912,0.677,0.008,0.051,0.520,14567.639,18695.234,14719.730,14567.639,0,10992.512,12198.152,13090.224,13837.210,14567.639,15311.564,16122.482,17178.895,18695.234
2024-04-28,11145.500,0,508.660,725.718,0.701,-0.085,0.000,0.500,12910.438,16407.539,12910.438,12910.438,0,9668.508,10789.418,11612.066,12282.436,12910.438,13556.192,14251.443,15135.211,16407.539
2024-05-05,9371.300,0,407.770,536.744,0.760,-0.045,0.000,0.500,12167.834,15452.621,12167.834,12167.834,0,9022.085,10096.724,10890.130,11547.883,12167.834,12799.793,13460.120,14277.451,15452.621
2024-05-12,7840.800,0,228.380,458.215,0.498,-0.089,0.000,0.500,10747.238,13536.736,10747.238,10747.238,0,8109.912,9024.323,9673.319,10221.330,10747.238,11289.949,11848.303,12531.834,13536.736
2024-05-19,6613.700,0,188.860,318.075,0.594,-0.082,0.000,0.500,10122.596,12844.795,10122.596,10122.596,0,7707.222,8550.948,9138.697,9638.174,10122.596,10636.070,11171.694,11839.851,12844.795
2024-05-26,6698.200,0,178.920,208.620,0.858,-0.640,0.000,0.500,5549.697,8245.774,5549.697,5549.697,0,3969.427,4415.046,4796.875,5169.315,5549.697,5968.684,6455.612,7136.268,8245.774
2024-06-02,6900.500,1,24.060,183.890,0.131,0.096,0.588,0.735,6861.960,9994.965,8195.674,6861.960,0,4900.438,5471.081,5952.210,6408.565,6861.960,7363.679,7922.364,8695.414,9994.965
2024-06-09,7486.500,1,0.000,101.490,0.000,-0.030,0.000,0.500,6855.188,10117.023,6855.188,6855.188,0,4851.461,5425.025,5916.828,6385.145,6855.188,7381.332,7970.203,8776.950,10117.023
2024-06-16,8266.800,1,0.000,12.030,0.000,0.033,0.013,0.505,7383.151,10813.101,7412.685,7383.151,0,5254.602,5855.519,6374.767,6873.481,7383.151,7949.159,8572.197,9416.962,10813.101
2024-06-23,9373.200,1,0.000,0.000,,-0.048,0.000,0.500,7397.247,10934.711,7397.247,7397.247,0,5286.104,5884.199,6394.096,6885.543,7397.247,7970.721,8605.073,9478.131,10934.711
2024-06-30,10365.400,1,0.000,0.000,,0.154,0.000,0.500,9229.930,13357.934,9229.930,9229.930,0,6521.279,7374.968,8024.013,8621.499,9229.930,9908.613,10662.326,11697.225,13357.934
2024-07-07,11146.900,1,298.640,0.000,,0.162,0.000,0.500,10607.004,15258.922,10607.004,10607.004,0,7629.547,8605.438,9323.734,9962.012,10607.004,11336.565,12179.416,13377.013,15258.922
2024-07-14,12683.500,1,729.670,149.320,4.887,0.108,0.000,0.500,11853.004,16501.469,11853.004,11853.004,0,8714.727,9760.779,10515.229,11178.580,11853.004,12607.022,13460.266,14660.175,16501.469
2024-07-21,14446.300,1,933.520,514.155,1.816,0.086,0.000,0.500,13027.218,17880.393,13027.218,13027.218,0,9584.264,10728.050,11562.787,12287.871,13027.218,13848.270,14744.752,15976.653,17880.393
2024-07-28,15898.700,1,954.550,831.595,1.148,0.064,0.000,0.500,13500.807,18496.746,13500.807,13500.807,0,9809.807,11042.844,11946.552,12721.432,13500.807,14358.705,15293.357,16556.398,18496.746
2024-08-04,17542.900,1,796.460,944.035,0.844,0.059,0.183,0.573,14363.379,19459.844,14998.844,14363.379,0,10387.337,11754.717,12742.869,13563.164,14363.379,15231.388,16185.472,17482.086,19459.844
2024-08-11,19168.800,1,1129.520,875.505,1.290,0.252,0.000,0.500,17579.484,23584.633,17579.484,17579.484,0,12422.223,14171.124,15476.082,16552.781,17579.484,18623.689,19726.531,21259.846,23584.633
2024-08-18,21210.200,1,1485.100,962.990,1.542,0.118,0.000,0.500,18992.623,24368.609,18992.623,18992.623,0,13994.309,15778.215,17025.223,18014.971,18992.623,19980.199,20984.334,22353.131,24368.609
2024-08-25,23152.000,1,1236.340,1307.310,0.946,-0.032,0.000,0.500,17754.195,22709.809,17754.195,17754.195,0,13203.409,14817.447,15945.402,16855.807,17754.195,18666.654,19598.049,20867.195,22709.809
2024-09-01,24882.100,1,689.470,1360.720,0.507,0.109,0.987,0.895,19175.242,24526.195,24423.735,24526.195,1,13970.381,15782.545,17069.582,18120.266,19175.242,20219.926,21249.535,22613.188,24526.195
2024-09-08,25911.400,1,185.960,962.905,0.193,0.168,1.000,0.900,20407.531,27179.004,27179.004,27179.004,1,13458.786,15792.119,17583.270,19022.092,20407.531,21727.566,22991.723,24731.510,27179.004
2024-09-15,24829.600,1,0.000,437.715,0.000,0.120,1.000,0.900,20456.572,28541.771,28541.771,28541.771,1,13321.133,15657.547,17477.562,18954.973,20456.572,21998.594,23557.588,25667.281,28541.771
2024-09-22,23519.900,1,0.000,92.980,0.000,0.146,0.310,0.624,19212.145,27987.453,21337.830,19212.145,0,11748.839,14119.203,15981.890,17564.619,19212.145,20927.150,22640.217,24909.172,27987.453
2024-09-29,20878.700,1,0.000,0.000,,-0.216,0.000,0.500,14550.445,21052.236,14550.445,14550.445,0,9309.454,11002.552,12291.717,13411.572,14550.445,15744.808,17011.822,18694.152,21052.236
2024-10-06,16711.300,0,0.000,0.000,,0.093,0.000,0.500,16546.727,23265.316,16546.727,16546.727,0,10288.895,12325.923,13893.810,15222.356,16546.727,17902.512,19268.934,21004.562,23265.316
2024-10-13,13163.800,0,213.000,0.000,,-0.143,0.000,0.500,14871.064,19784.799,14871.064,14871.064,0,9732.571,11480.059,12778.762,13845.355,14871.064,15894.399,16910.242,18165.920,19784.799
2024-10-20,9891.600,0,302.830,106.500,2.843,-0.092,0.000,0.500,15113.416,19270.959,15113.416,15113.416,0,10129.717,11888.071,13163.279,14172.090,15113.416,16011.761,16876.145,17927.258,19270.959
2024-10-27,8445.600,0,178.920,257.915,0.694,-0.423,0.000,0.500,9687.737,13015.002,9687.737,9687.737,0,6490.254,7502.999,8299.288,9012.182,9687.737,10371.389,11056.516,11877.342,13015.002
2024-11-03,8584.300,0,0.000,240.875,0.000,-0.363,0.000,0.500,7629.978,10573.006,7629.978,7629.978,0,5123.125,5863.295,6475.576,7058.855,7629.978,8234.031,8836.514,9557.021,10573.006
2024-11-10,8732.300,0,0.000,89.460,0.000,-0.110,0.000,0.500,7140.545,9905.379,7140.545,7140.545,0,5044.968,5667.791,6169.805,6653.921,7140.545,7675.516,8223.385,8903.775,9905.379
2024-11-17,9038.700,0,0.000,0.000,,-0.046,0.000,0.500,7282.338,9930.537,7282.338,7282.338,0,5237.592,5868.612,6361.172,6823.410,7282.338,7785.758,8305.048,8955.333,9930.537
2024-11-24,9858.500,0,0.000,0.000,,-0.018,0.000,0.500,7388.578,9966.180,7388.578,7388.578,0,5425.520,6042.294,6517.010,6955.912,7388.578,7864.153,8360.594,8995.902,9966.180
2024-12-01,10173.100,0,0.000,0.000,,0.217,0.000,0.500,9464.254,12337.482,9464.254,9464.254,0,6983.867,7811.006,8422.373,8956.076,9464.254,9997.723,10552.010,11264.131,12337.482
2024-12-08,11505.300,0,0.000,0.000,,-0.089,0.000,0.500,8523.953,11067.858,8523.953,8523.953,0,6448.602,7119.934,7627.083,8083.703,8523.953,8993.396,9481.460,10107.819,11067.858
2024-12-15,13067.600,0,0.000,0.000,,0.034,0.000,0.500,8990.031,11306.516,8990.031,8990.031,0,7019.266,7699.016,8178.287,8592.758,8990.031,9413.783,9856.135,10427.939,11306.516
2024-12-22,13893.200,0,0.000,0.000,,0.184,0.000,0.500,10625.979,13101.555,10625.979,10625.979,0,8371.805,9176.799,9734.586,10196.329,10625.979,11074.412,11551.002,12169.642,13101.555
2024-12-29,14366.400,0,0.000,0.000,,0.007,0.000,0.500,10749.041,12969.825,10749.041,10749.041,0,8713.336,9451.303,9954.429,10367.051,10749.041,11148.207,11574.817,12129.420,12969.825
2025-01-05,14121.300,0,109.340,0.000,,0.329,0.000,0.500,14122.348,17609.850,14122.348,14122.348,0,11101.105,12167.293,12914.470,13528.594,14122.348,14731.180,15408.533,16303.480,17609.850
2025-01-12,14023.400,0,561.960,54.670,10.279,-0.039,0.000,0.500,13225.590,16155.713,13225.590,13225.590,0,10582.887,11529.104,12187.167,12722.604,13225.590,13744.070,14320.350,15069.795,16155.713
2025-01-19,14144.100,0,155.260,335.650,0.463,-0.052,0.000,0.500,13349.363,16148.764,13349.363,13349.363,0,10842.978,11753.739,12371.721,12872.431,13349.363,13842.412,14396.188,15119.363,16148.764
2025-01-26,14434.900,0,198.800,358.610,0.554,-0.093,0.000,0.500,12161.996,14709.706,12161.996,12161.996,0,9732.869,10619.461,11227.681,11714.482,12161.996,12625.439,13130.047,13776.219,14709.706
2025-02-02,14709.400,0,0.000,177.030,0.000,0.107,0.590,0.736,14059.006,16794.562,15307.164,14059.006,0,11706.916,12589.708,13156.116,13612.920,14059.006,14517.926,15048.871,15765.556,16794.562
2025-02-09,14873.200,0,0.000,99.400,0.000,0.016,0.052,0.521,14251.492,16845.312,14341.730,14251.492,0,11945.166,12834.804,13388.791,13824.862,14251.492,14685.722,15192.142,15876.058,16845.312
2025-02-16,14559.000,0,0.000,0.000,,0.007,0.000,0.500,14142.689,16573.051,14142.689,14142.689,0,11902.163,12770.711,13311.846,13734.139,14142.689,14555.340,15038.363,15681.031,16573.051
2025-02-23,14482.200,0,0.000,0.000,,-0.057,0.000,0.500,13341.544,15773.822,13341.544,13341.544,0,11066.940,11923.549,12478.754,12921.487,13341.544,13768.371,14253.994,14887.178,15773.822
2025-03-02,13618.800,0,0.000,0.000,,0.108,0.000,0.500,14978.267,17686.191,14978.267,14978.267,0,12513.068,13461.704,14058.727,14523.387,14978.267,15442.411,15980.030,16698.016,17686.191
2025-03-09,13247.400,0,236.320,0.000,,-0.013,0.000,0.500,14806.789,17670.090,14806.789,14806.789,0,12183.342,13165.486,13802.394,14308.865,14806.789,15317.641,15895.387,16646.789,17670.090
2025-03-16,12544.100,0,411.450,118.160,3.482,-0.121,0.000,0.500,12771.933,15621.979,12771.933,12771.933,0,10025.142,10999.461,11689.221,12249.626,12771.933,13307.766,13881.377,14602.984,15621.979
2025-03-23,11597.600,0,459.620,323.885,1.419,0.001,0.000,0.500,12984.904,15775.458,12984.904,12984.904,0,10341.932,11289.081,11952.754,12488.020,12984.904,13494.525,14052.875,14764.371,15775.458
2025-03-30,10677.800,0,469.140,435.535,1.077,-0.110,0.000,0.500,11203.484,13885.337,11203.484,11203.484,0,8795.819,9638.246,10230.211,10727.269,11203.484,11703.881,12238.037,12911.064,13885.337
2025-04-06,9314.300,0,443.200,464.380,0.954,0.110,0.091,0.536,12767.818,15668.221,12964.507,12767.818,0,9970.339,10969.930,11673.526,12242.024,12767.818,13306.878,13891.925,14628.477,15668.221
2025-04-13,8379.400,0,317.910,456.170,0.697,-0.237,0.000,0.500,9424.106,12335.928,9424.106,9424.106,0,7050.241,7829.512,8405.611,8918.806,9424.106,9967.153,10540.300,11257.228,12335.928
2025-04-20,7442.000,0,86.100,380.555,0.226,-0.087,0.000,0.500,9019.340,11647.314,9019.340,9019.340,0,6854.833,7585.597,8112.272,8572.177,9019.340,9501.062,10012.630,10660.196,11647.314
2025-04-27,6716.200,0,102.480,202.005,0.507,-0.143,0.000,0.500,7635.186,9863.022,7635.186,7635.186,0,5856.518,6452.506,6881.522,7261.757,7635.186,8033.594,8458.896,9011.260,9863.022
2025-05-04,6089.500,0,328.020,94.290,3.479,-0.050,0.000,0.500,7659.208,9822.635,7659.208,7659.208,0,5878.626,6482.542,6913.375,7290.557,7659.208,8050.041,8461.385,8995.463,9822.635
2025-05-11,5989.800,0,288.260,215.250,1.339,-0.149,0.000,0.500,6751.369,8864.291,6751.369,6751.369,0,5164.200,5662.451,6046.732,6399.368,6751.369,7120.853,7519.242,8042.626,8864.291
2025-05-18,6126.800,0,79.520,308.140,0.258,-0.179,0.000,0.500,5859.702,7941.904,5859.702,5859.702,0,4494.202,4910.615,5246.149,5554.339,5859.702,6187.780,6567.271,7090.375,7941.904
2025-05-25,6571.300,0,0.000,183.890,0.000,-0.071,0.000,0.500,6052.718,8120.880,6052.718,6052.718,0,4658.625,5095.642,5438.273,5748.833,6052.718,6376.385,6751.742,7268.547,8120.880
2025-06-01,7070.100,1,0.000,39.760,0.000,0.032,0.043,0.517,6187.751,8467.104,6248.736,6187.751,0,4659.787,5143.879,5518.560,5856.971,6187.751,6542.582,6958.384,7528.738,8467.104
2025-06-08,7190.300,1,99.160,0.000,,0.159,0.000,0.500,7795.328,10782.301,7795.328,7795.328,0,5660.304,6345.668,6870.842,7338.257,7795.328,8290.971,8836.231,9574.043,10782.301
2025-06-15,7989.100,1,0.000,49.580,0.000,-0.018,0.000,0.500,8165.373,11263.801,8165.373,8165.373,0,5985.979,6685.055,7219.280,7696.436,8165.373,8677.977,9242.045,10007.150,11263.801
2025-06-22,9305.800,1,0.000,49.580,0.000,0.112,0.165,0.566,9267.948,12968.552,9673.411,9267.948,0,6738.173,7567.969,8176.422,8719.055,9267.948,9881.294,10562.386,11488.642,12968.552
2025-06-29,9826.800,1,0.000,0.000,,0.038,0.000,0.500,9820.631,13947.227,9820.631,9820.631,0,7128.587,8001.146,8644.445,9226.107,9820.631,10490.993,11244.295,12285.654,13947.227
2025-07-06,11253.800,1,9.940,0.000,,-0.088,0.000,0.500,9208.416,13493.948,9208.416,9208.416,0,6675.741,7478.698,8078.944,8629.122,9208.416,9873.337,10630.764,11712.172,13493.948
2025-07-13,12704.500,1,240.950,4.970,48.481,0.335,0.000,0.500,12002.370,17697.906,12002.370,12002.370,0,8466.835,9613.453,10462.960,11224.036,12002.370,12892.375,13921.871,15397.713,17697.906
2025-07-20,12531.100,1,773.870,125.445,6.169,0.275,0.000,0.500,15076.952,20450.898,15076.952,15076.952,0,10970.473,12400.613,13407.496,14244.562,15076.952,15989.129,16981.242,18355.445,20450.898
2025-07-27,13133.900,1,849.200,507.410,1.674,-0.278,0.000,0.500,11975.854,17531.711,11975.854,11975.854,0,8297.474,9484.069,10372.201,11166.664,11975.854,12882.934,13907.408,15329.771,17531.711
2025-08-03,13039.500,1,529.024,811.535,0.652,0.282,0.696,0.778,15188.438,21351.842,18630.492,15188.438,0,10598.793,12144.234,13279.717,14238.566,15188.438,16224.379,17386.799,18971.213,21351.842
2025-08-10,13138.400,1,1132.476,689.112,1.643,0.176,0.000,0.500,16904.832,23208.160,16904.832,16904.832,0,12057.951,13723.856,14940.457,15939.773,16904.832,17946.465,19124.738,20760.771,23208.160
2025-08-17,13350.100,1,905.628,830.750,1.090,-0.247,0.000,0.500,13656.885,19943.594,13656.885,13656.885,0,9605.126,10907.788,11891.768,12759.977,13656.885,14671.004,15820.287,17432.727,19943.594
2025-08-24,13620.700,1,688.744,1019.052,0.676,0.009,0.058,0.523,13793.893,20316.121,14031.038,13793.893,0,9763.744,11053.828,12037.498,12901.600,13793.893,14807.792,15981.297,17661.613,20316.121
2025-08-31,13343.800,1,771.574,797.186,0.968,0.040,0.025,0.510,13665.763,20089.586,13763.690,13665.763,0,9656.864,10956.091,11957.644,12812.521,13665.763,14629.110,15772.619,17439.238,20089.586
2025-09-07,12418.400,1,922.828,730.159,1.264,0.227,0.000,0.500,15254.024,22706.463,15254.024,15254.024,0,10192.381,11821.229,13096.470,14172.857,15254.024,16434.525,17764.555,19683.148,22706.463
2025-09-14,11945.000,1,719.592,847.201,0.849,-0.233,0.000,0.500,11705.195,17684.090,11705.195,11705.195,0,7881.702,9068.949,10002.152,10848.085,11705.195,12650.049,13729.218,15245.039,17684.090
2025-09-21,10168.900,1,7.888,821.210,0.010,0.038,0.381,0.653,11541.601,16870.234,12954.451,16870.234,1,7678.343,8907.815,9859.305,10703.793,11541.601,12436.271,13422.904,14767.504,16870.234
2025-09-28,8563.800,1,119.232,363.740,0.328,-0.133,0.000,0.500,10039.760,14149.178,10039.760,10039.760,0,6750.291,7796.544,8610.095,9339.636,10039.760,10770.075,11563.521,12599.411,14149.178
2025-10-05,7738.100,0,150.272,63.560,2.364,-0.037,0.000,0.500,10487.767,14472.009,10487.767,10487.767,0,7154.762,8241.088,9068.007,9795.825,10487.767,11197.547,11963.622,12963.752,14472.009
2025-10-12,7862.900,0,222.656,134.752,1.652,-0.137,0.000,0.500,8592.818,11794.355,8592.818,8592.818,0,5962.645,6766.775,7410.893,8009.186,8592.818,9210.545,9848.891,10639.199,11794.355
2025-10-19,8899.100,0,39.488,186.464,0.212,-0.291,0.000,0.500,6710.030,9436.446,6710.030,6710.030,0,4857.479,5417.513,5864.780,6286.604,6710.030,7184.094,7693.147,8373.373,9436.446
2025-10-26,10139.500,0,0.000,131.072,0.000,-0.128,0.000,0.500,6118.964,8603.875,6118.964,6118.964,0,4562.591,5022.878,5398.271,5756.841,6118.964,6525.949,6972.740,7598.755,8603.875
2025-11-02,10696.900,0,0.000,19.744,0.000,0.353,0.066,0.526,8377.505,11526.869,8531.232,8377.505,0,5913.978,6667.654,7272.316,7833.199,8377.505,8961.455,9569.306,10344.109,11526.869
2025-11-09,10978.700,0,45.920,0.000,,0.044,0.000,0.500,9120.748,12056.305,9120.748,9120.748,0,6673.092,7442.105,8047.729,8596.696,9120.748,9671.237,10237.837,10957.715,12056.305
2025-11-16,10588.400,0,415.620,22.960,18.102,0.180,0.000,0.500,11027.227,14312.333,11027.227,11027.227,0,7981.863,9034.549,9797.106,10436.393,11027.227,11632.490,12265.709,13079.965,14312.333
2025-11-23,10175.200,0,318.104,230.770,1.378,-0.038,0.000,0.500,11263.498,14207.797,11263.498,11263.498,0,8439.787,9423.002,10134.273,10724.500,11263.498,11811.098,12381.965,13109.532,14207.797
2025-11-30,9686.700,0,695.320,366.862,1.895,0.046,0.000,0.500,11554.826,14511.538,11554.826,11554.826,0,8760.935,9738.313,10443.500,11025.105,11554.826,12095.732,12666.742,13401.457,14511.538
2025-12-07,9395.500,0,337.960,506.712,0.667,-0.081,0.000,0.500,10604.023,13222.835,10604.023,10604.023,0,8204.544,9044.416,9646.502,10146.262,10604.023,11079.393,11581.103,12229.273,13222.835
2025-12-14,9350.600,0,0.000,516.640,0.000,-0.108,0.000,0.500,9621.948,12244.337,9621.948,9621.948,0,7286.355,8091.079,8671.357,9163.502,9621.948,10105.434,10607.338,11252.543,12244.337
2025-12-21,9218.400,0,118.430,168.980,0.701,0.027,0.092,0.537,10089.489,12376.837,10252.843,10089.489,0,7722.991,8573.092,9170.359,9655.359,10089.489,10531.760,10985.326,11549.160,12376.837
2025-12-28,9538.000,0,0.000,59.215,0.000,-0.004,0.000,0.500,9968.904,12168.045,9968.904,9968.904,0,7590.560,8457.537,9058.607,9541.800,9968.904,10399.431,10836.659,11376.273,12168.045
2026-01-04,9669.200,0,,,,-0.040,0.000,0.500,9504.724,11508.699,9504.724,9504.724,0,7362.032,8138.143,8678.147,9115.988,9504.724,9898.199,10294.309,10781.574,11508.699
2026-01-11,9644.000,0,,,,0.005,0.000,0.500,9483.033,11169.752,9483.033,9483.033,0,7454.345,8211.794,8731.102,9136.970,9483.033,9823.488,10160.127,10566.941,11169.752
2026-01-18,9551.700,0,,,,-0.012,0.000,0.500,9202.968,10693.203,9202.968,9202.968,0,7413.644,8079.341,8538.128,8897.514,9202.968,9505.879,9806.098,10165.626,10693.203
2026-01-25,9170.700,0,,,,0.164,0.000,0.500,10831.709,12769.070,10831.709,10831.709,0,8760.623,9539.604,10060.023,10469.506,10831.709,11195.751,11576.992,12059.068,12769.070
2026-02-01,9095.000,0,,,,-0.083,0.000,0.500,9751.825,11498.889,9751.825,9751.825,0,7885.208,8577.649,9045.584,9418.756,9751.825,10091.628,10438.051,10866.988,11498.889
2026-02-08,8906.200,0,,,,-0.073,0.000,0.500,9070.084,10903.330,9070.084,9070.084,0,7238.226,7898.306,8352.458,8726.530,9070.084,9425.920,9786.248,10234.255,10903.330
2026-02-15,8792.000,0,,,,-0.051,0.000,0.500,8567.256,10389.258,8567.256,8567.256,0,6843.000,7446.386,7871.747,8231.875,8567.256,8919.805,9275.092,9717.870,10389.258
2026-02-22,8500.700,0,,,,0.049,0.000,0.500,9026.236,10990.123,9026.236,9026.236,0,7213.670,7855.753,8302.896,8677.340,9026.236,9393.650,9773.223,10256.027,10990.123
2026-03-01,7948.100,0,,,,0.054,0.000,0.500,9812.292,11735.633,9812.292,9812.292,0,7993.174,8658.765,9110.292,9477.075,9812.292,10163.243,10532.500,11009.320,11735.633
2026-03-08,7923.400,0,,,,-0.140,0.000,0.500,8357.860,10304.018,8357.860,8357.860,0,6690.626,7263.140,7673.090,8026.052,8357.860,8715.432,9084.275,9557.871,10304.018
2026-03-15,7580.800,0,,,,-0.007,0.000,0.500,8232.309,9928.544,8232.309,8232.309,0,6773.027,7289.284,7649.018,7952.570,8232.309,8534.312,8848.912,9260.675,9928.544
2026-03-22,7525.500,0,,,,-0.059,0.000,0.500,7696.550,9383.611,7696.550,7696.550,0,6301.103,6790.491,7133.840,7425.279,7696.550,7992.119,8302.827,8715.588,9383.611
2026-03-29,7371.400,0,,,,-0.047,0.000,0.500,7328.543,8828.434,7328.543,7328.543,0,6048.470,6494.317,6807.275,7075.144,7328.543,7598.219,7878.276,8247.269,8828.434
2026-04-05,7269.100,0,,,,0.092,0.000,0.500,8258.341,10183.165,8258.341,8258.341,0,6676.347,7237.787,7629.749,7955.244,8258.341,8585.149,8937.732,9418.094,10183.165
2026-04-12,6907.500,0,,,,-0.161,0.000,0.500,7133.723,8957.183,7133.723,7133.723,0,5633.732,6133.207,6502.703,6825.760,7133.723,7456.732,7796.972,8251.150,8957.183
2026-04-19,6204.400,0,,,,0.089,0.000,0.500,7606.994,9510.474,7606.994,7606.994,0,6024.597,6561.906,6949.875,7286.523,7606.994,7942.011,8294.372,8767.188,9510.474
2026-04-26,5807.300,0,,,,-0.103,0.000,0.500,6937.005,8677.941,6937.005,6937.005,0,5488.059,5970.260,6324.927,6637.580,6937.005,7245.588,7568.867,8000.946,8677.941
2026-05-03,5289.500,0,,,,0.094,0.000,0.500,7438.983,9274.975,7438.983,7438.983,0,5708.280,6312.287,6740.558,7102.946,7438.983,7779.578,8129.079,8582.174,9274.975
