act_t,drop_t,up_t,n_sev>0.2,n_sev>0.5,MAPE%,err_2024_08%,err_2025_08%
150,0.30,0.05,27,22,15.92,-1.43,4.86
150,0.30,0.10,25,15,15.77,-1.43,3.64
150,0.30,0.20,17,12,15.50,-13.65,3.02
150,0.50,0.05,26,17,15.66,-1.84,3.88
150,0.50,0.10,20,15,15.57,-1.84,3.15
150,0.50,0.20,15,11,15.33,-13.81,2.78
150,0.70,0.05,26,13,15.57,-10.11,3.46
150,0.70,0.10,20,12,15.49,-10.11,2.94
150,0.70,0.20,15,7,15.25,-16.54,2.67
300,0.30,0.05,25,18,15.65,-1.43,4.86
300,0.30,0.10,22,12,15.54,-1.43,3.64
300,0.30,0.20,15,8,15.38,-13.65,3.02
300,0.50,0.05,23,13,15.42,-1.84,3.88
300,0.50,0.10,18,12,15.34,-1.84,3.15
300,0.50,0.20,15,8,15.21,-13.81,2.78
300,0.70,0.05,22,10,15.34,-10.11,3.46
300,0.70,0.10,16,9,15.28,-10.11,2.94
300,0.70,0.20,15,4,15.13,-16.54,2.67
600,0.30,0.05,19,11,15.44,-1.43,4.86
600,0.30,0.10,15,8,15.36,-1.43,3.64
600,0.30,0.20,11,7,15.34,-13.65,3.02
600,0.50,0.05,18,10,15.24,-1.84,3.88
600,0.50,0.10,14,8,15.19,-1.84,3.15
600,0.50,0.20,11,7,15.18,-13.81,2.78
600,0.70,0.05,15,6,15.18,-10.11,3.46
600,0.70,0.10,14,5,15.13,-10.11,2.94
600,0.70,0.20,9,3,15.10,-16.54,2.67
