subset,model,n,MAE,MAPE%,bias
W_all_2021_2025,price_only_ridge,261,1725.81,16.05,-986.86
W_all_2021_2025,chronos2,261,1572.30,15.56,-469.27
W_all_2021_2025,wx_hgb,261,1619.93,15.22,-890.63
W_all_2021_2025,an_sparse_all,261,1659.19,16.59,-330.94
W_all_2021_2025,G_K,261,1590.37,15.85,-502.24
W_all_2021_2025,G_S,261,1628.07,16.20,-582.89
W_all_2021_2025,G_both,261,1598.76,16.03,-493.85
W_summer_2021_2025,price_only_ridge,87,2605.64,19.74,-1308.95
W_summer_2021_2025,chronos2,87,2248.52,17.70,-843.15
W_summer_2021_2025,wx_hgb,87,2260.58,16.55,-967.34
W_summer_2021_2025,an_sparse_all,87,2321.16,19.44,-150.14
W_summer_2021_2025,G_K,87,2114.71,17.24,-664.03
W_summer_2021_2025,G_S,87,2227.81,18.27,-905.97
W_summer_2021_2025,G_both,87,2139.89,17.77,-638.85
W_summer_2021_2026,price_only_ridge,101,2512.13,20.35,-1125.42
W_summer_2021_2026,chronos2,101,2166.60,18.24,-727.15
W_summer_2021_2026,wx_hgb,101,2083.83,16.16,-778.84
W_summer_2021_2026,an_sparse_all,101,2212.87,19.46,-68.57
W_summer_2021_2026,G_K,101,2035.04,17.56,-511.23
W_summer_2021_2026,G_S,101,2186.67,19.09,-778.30
W_summer_2021_2026,G_both,101,2056.73,18.02,-489.54
