origin,actual,summer,price_only_ridge,wx_hgb_summer,chronos2,an_sparse_all,an_sparse_summer,krei_issue,S1_prod_yoy,S1_area_yoy,S1,S2_stock,G_K,G_S,G_both,G_soft,G_K_hgb,G_S_hgb,G_both_hgb,G_soft_hgb,gate_both_calm
2016-01-31,7855.7,0,7661.1,7632.9,5140.7,6735.9,6800.3,,,,,,6735.9,6735.9,6735.9,6735.9,6735.9,6735.9,6735.9,6735.9,0
2016-02-29,10474.4,0,8738.8,8642.1,8037.3,8099.9,8199.2,,,,,,8099.9,8099.9,8099.9,8099.9,8099.9,8099.9,8099.9,8099.9,0
2016-03-31,15020.4,0,10208.9,8811.5,10530.7,8512.2,8653.4,,,,,,8512.2,8512.2,8512.2,8512.2,8512.2,8512.2,8512.2,8512.2,0
2016-04-30,10669.5,0,11720.1,12141.8,11280.8,11811.5,12208.8,,,,,,11811.5,11811.5,11811.5,11811.5,11811.5,11811.5,11811.5,11811.5,0
2016-05-31,5306.8,0,5671.1,6467.1,6820.8,6910.1,7065.7,,,,,,6910.1,6910.1,6910.1,6910.1,6910.1,6910.1,6910.1,6910.1,0
2016-06-30,6772.3,1,4786.3,4516.5,5426.2,4878.6,4945.7,,,,,,4878.6,4878.6,4878.6,4878.6,4878.6,4878.6,4878.6,4878.6,0
2016-07-31,13983.3,1,8589.4,7542.6,8449.2,10393.3,8947.6,,,,,,10393.3,10393.3,10393.3,10393.3,10393.3,10393.3,10393.3,10393.3,0
2016-08-31,18617.3,1,17033.7,16546.4,19286.9,14205.3,10579.5,,,,,,14205.3,14205.3,14205.3,14205.3,14205.3,14205.3,14205.3,14205.3,0
2016-09-30,8461.2,1,15483.5,15221.2,16171.6,10265.0,7962.0,,,,,,10265.0,10265.0,10265.0,10265.0,10265.0,10265.0,10265.0,10265.0,0
2016-10-31,7965.5,0,5432.1,6024.7,7186.0,6326.8,6406.2,,,,,,6326.8,6326.8,6326.8,6326.8,6326.8,6326.8,6326.8,6326.8,0
2016-11-30,8676.9,0,7416.0,9030.5,9726.3,6455.5,6539.2,,,,,,6455.5,6455.5,6455.5,6455.5,6455.5,6455.5,6455.5,6455.5,0
2016-12-31,8909.1,0,8967.9,10399.7,10844.2,8554.1,8694.2,,,,,,8554.1,8554.1,8554.1,8554.1,8554.1,8554.1,8554.1,8554.1,0
2017-01-31,9163.3,0,8140.9,8524.1,9096.5,8583.8,8683.3,,,,,3472.9,8583.8,8583.8,8583.8,8583.8,8583.8,8583.8,8583.8,8583.8,0
2017-02-28,7947.6,0,8474.8,9773.6,9495.2,8398.9,8455.8,,,,,5957.8,8398.9,8398.9,8398.9,8398.9,8398.9,8398.9,8398.9,8398.9,0
2017-03-31,6248.7,0,5787.0,7232.9,5957.3,6509.2,6524.7,,,,,3890.6,6509.2,6509.2,6509.2,6509.2,6509.2,6509.2,6509.2,6509.2,0
2017-04-30,3757.0,0,5685.0,6715.2,4882.8,6538.2,6564.5,,,,,2498.1,6538.2,6538.2,6538.2,6538.2,6538.2,6538.2,6538.2,6538.2,0
2017-05-31,3472.5,0,2864.4,3741.3,3715.5,3284.6,3270.0,,,,,1123.3,3284.6,3284.6,3284.6,3284.6,3284.6,3284.6,3284.6,3284.6,0
2017-06-30,8249.9,1,4127.3,4999.2,5307.9,3605.2,3869.6,,,,,257.0,3605.2,3605.2,3605.2,3729.2,3605.2,3605.2,3605.2,3912.2,0
2017-07-31,13592.7,1,11628.7,11436.6,8858.0,14516.4,14464.5,,,,,-174.0,14516.4,14516.4,14516.4,13733.4,14516.4,14516.4,14516.4,13676.3,0
2017-08-31,14296.5,1,12503.3,19802.1,8631.6,14418.3,11399.6,,,,,503.9,14418.3,14418.3,14418.3,13913.7,14418.3,14418.3,14418.3,15608.6,0
2017-09-30,6399.0,1,9014.7,8271.6,8658.5,7002.2,5278.4,,,,,1166.7,7002.2,7002.2,7002.2,7458.7,7002.2,7002.2,7002.2,7300.0,0
2017-10-31,4920.8,0,3297.0,4381.4,4551.4,4154.0,4141.4,,,,,503.9,4154.0,4154.0,4154.0,4154.0,4154.0,4154.0,4154.0,4154.0,0
2017-11-30,5355.8,0,4668.5,5222.0,5030.0,4628.3,4626.7,,,,,503.9,4628.3,4628.3,4628.3,4628.3,4628.3,4628.3,4628.3,4628.3,0
2017-12-31,5477.4,0,5073.9,5129.1,5951.0,4831.6,4826.0,,,,,1054.6,4831.6,4831.6,4831.6,4831.6,4831.6,4831.6,4831.6,4831.6,0
2018-01-31,8145.4,0,7544.0,7286.7,7926.2,7366.5,7374.9,,,,,1307.3,7366.5,7366.5,7366.5,7366.5,7366.5,7366.5,7366.5,7366.5,0
2018-02-28,8001.0,0,7392.6,8202.0,12159.4,7237.1,7263.4,,,,,1873.3,7237.1,7237.1,7237.1,7237.1,7237.1,7237.1,7237.1,7237.1,0
2018-03-31,7113.5,0,6927.9,7816.1,11968.8,8104.0,8154.9,,,,,1182.7,8104.0,8104.0,8104.0,8104.0,8104.0,8104.0,8104.0,8104.0,0
2018-04-30,4732.3,0,5439.7,4882.6,6511.7,5848.7,5869.9,,,,,514.3,5848.7,5848.7,5848.7,5848.7,5848.7,5848.7,5848.7,5848.7,0
2018-05-31,4098.7,0,4623.0,3552.0,4400.8,4810.8,4816.0,,,,,5.0,4810.8,4810.8,4810.8,4810.8,4810.8,4810.8,4810.8,4810.8,0
2018-06-30,8013.0,1,6141.3,7664.6,5926.3,6193.9,6038.0,,,,,3359.8,6193.9,6141.3,6193.9,6154.4,6193.9,7664.6,6193.9,7267.1,0
2018-07-31,15436.7,1,12712.5,10847.2,12332.3,14483.6,14567.4,,,,,1430.8,14483.6,14483.6,14483.6,14018.9,14483.6,14483.6,14483.6,13473.7,0
2018-08-31,9673.1,1,10286.7,14194.9,17775.5,12493.1,16378.8,,,,,-5.7,12493.1,12493.1,12493.1,11900.7,12493.1,12493.1,12493.1,12898.4,0
2018-09-30,5723.7,1,4397.8,6435.3,6634.0,3271.0,3387.2,,,,,23.0,3271.0,3271.0,3271.0,3522.2,3271.0,3271.0,3271.0,3873.9,0
2018-10-31,5063.8,0,5557.8,5534.0,6096.2,7746.0,7812.6,,,,,23.0,7746.0,7746.0,7746.0,7746.0,7746.0,7746.0,7746.0,7746.0,0
2018-11-30,3663.0,0,4279.2,4359.1,6572.5,4217.9,4226.1,,,,,23.0,4217.9,4217.9,4217.9,4217.9,4217.9,4217.9,4217.9,4217.9,0
2018-12-31,2851.4,0,3764.8,3437.1,4028.9,3467.2,3453.3,,,,,1434.7,3467.2,3467.2,3467.2,3467.2,3467.2,3467.2,3467.2,3467.2,0
2019-01-31,2787.6,0,3713.4,3026.7,3129.0,3460.0,3443.1,,,,,4018.0,3460.0,3460.0,3460.0,3460.0,3460.0,3460.0,3460.0,3460.0,0
2019-02-28,2484.4,0,2932.8,2704.4,3044.7,2775.6,2751.1,,,,,4018.0,2775.6,2775.6,2775.6,2775.6,2775.6,2775.6,2775.6,2775.6,0
2019-03-31,2578.7,0,2811.9,2707.4,2580.2,2901.5,2877.7,,,,,4018.0,2901.5,2901.5,2901.5,2901.5,2901.5,2901.5,2901.5,2901.5,0
2019-04-30,3298.8,0,2758.0,2824.6,2673.4,2418.4,2397.6,,,,,4018.0,2418.4,2418.4,2418.4,2418.4,2418.4,2418.4,2418.4,2418.4,0
2019-05-31,5580.5,0,4623.6,5753.5,3382.0,4167.0,4164.2,,,,,4018.0,4167.0,4167.0,4167.0,4167.0,4167.0,4167.0,4167.0,4167.0,0
2019-06-30,5866.2,1,7793.4,5931.3,7046.8,8080.8,8127.0,,,,,8385.8,8080.8,7793.4,8080.8,7864.3,8080.8,5931.3,8080.8,6408.1,0
2019-07-31,6879.9,1,7379.8,6367.4,6444.4,7822.8,7694.0,,,,,7458.0,7822.8,7379.8,7822.8,7488.1,7822.8,6367.4,7822.8,6703.7,0
2019-08-31,14852.8,1,7439.5,6708.9,6599.7,7698.0,7735.9,,,,,7251.3,7698.0,7439.5,7698.0,7503.3,7698.0,6708.9,7698.0,6943.6,0
2019-09-30,13417.5,1,12652.3,9861.0,9498.3,9123.2,8670.4,,,,,5068.4,9123.2,12652.3,9123.2,11659.1,9123.2,9861.0,9123.2,9671.1,0
2019-10-31,8917.2,0,7032.1,7884.2,7868.9,10070.8,10191.5,,,,,2393.8,10070.8,10070.8,10070.8,10070.8,10070.8,10070.8,10070.8,10070.8,0
2019-11-30,8605.3,0,6978.6,6405.4,6913.0,6991.1,7042.7,,,,,4857.6,6991.1,6991.1,6991.1,6991.1,6991.1,6991.1,6991.1,6991.1,0
2019-12-31,8857.1,0,8430.6,9532.0,8550.0,8029.4,8097.0,,,,,2369.0,8029.4,8029.4,8029.4,8029.4,8029.4,8029.4,8029.4,8029.4,0
2020-01-31,9023.0,0,9078.2,7996.2,9471.8,9134.8,9201.0,,,,,690.3,9134.8,9134.8,9134.8,9134.8,9134.8,9134.8,9134.8,9134.8,0
2020-02-29,8383.1,0,9107.6,8347.9,10069.2,8377.0,8415.1,,,,,582.0,8377.0,8377.0,8377.0,8377.0,8377.0,8377.0,8377.0,8377.0,0
2020-03-31,8811.0,0,7582.0,7801.7,8544.5,7681.7,7705.6,,,,,560.5,7681.7,7681.7,7681.7,7681.7,7681.7,7681.7,7681.7,7681.7,0
2020-04-30,10216.5,0,10574.2,10211.2,8686.7,9343.9,9404.3,,,,,238.0,9343.9,9343.9,9343.9,9343.9,9343.9,9343.9,9343.9,9343.9,0
2020-05-31,7476.9,0,8954.1,8716.2,9303.3,8771.1,8841.8,,,,,195.0,8771.1,8771.1,8771.1,8771.1,8771.1,8771.1,8771.1,8771.1,0
2020-06-30,9966.5,1,8721.1,8562.5,7808.5,9362.8,9387.4,,,,,185.0,9362.8,9362.8,9362.8,9198.1,9362.8,9362.8,9362.8,9156.0,0
2020-07-31,16335.5,1,12146.6,10898.0,13314.4,14115.2,11158.7,,,,,2262.6,14115.2,12146.6,14115.2,12611.4,14115.2,10898.0,14115.2,11626.0,0
2020-08-31,23605.7,1,15547.1,17393.6,15405.4,18844.7,18687.2,,,,,1337.5,18844.7,18844.7,18844.7,17959.9,18844.7,18844.7,18844.7,18471.0,0
2020-09-30,10322.0,1,16049.8,16019.6,15283.7,13794.1,11974.3,,,,,309.0,13794.1,13794.1,13794.1,14326.4,13794.1,13794.1,13794.1,14319.7,0
2020-10-31,6120.8,0,4305.2,7401.9,6878.9,6043.7,6056.6,,,,,124.0,6043.7,6043.7,6043.7,6043.7,6043.7,6043.7,6043.7,6043.7,0
2020-11-30,3748.8,0,4555.1,5982.7,6113.4,4791.6,4792.3,,,,,110.6,4791.6,4791.6,4791.6,4791.6,4791.6,4791.6,4791.6,4791.6,0
2020-12-31,4669.1,0,3759.5,3477.3,3416.2,3466.1,3449.7,,,,,741.5,3466.1,3466.1,3466.1,3466.1,3466.1,3466.1,3466.1,3466.1,0
2021-01-31,7681.2,0,7350.6,6939.0,5158.8,6863.1,6857.0,,,,,1757.9,6863.1,6863.1,6863.1,6863.1,6863.1,6863.1,6863.1,6863.1,0
2021-02-28,9338.1,0,8731.2,9074.4,7563.4,8032.2,8052.3,,,,,2679.4,8032.2,8032.2,8032.2,8032.2,8032.2,8032.2,8032.2,8032.2,0
2021-03-31,9437.9,0,8175.4,8712.2,8139.8,9059.2,9086.7,,,,,1987.2,9059.2,9059.2,9059.2,9059.2,9059.2,9059.2,9059.2,9059.2,0
2021-04-30,5534.3,0,7349.6,6775.3,7439.1,7114.3,7139.6,,,,,1384.2,7114.3,7114.3,7114.3,7114.3,7114.3,7114.3,7114.3,7114.3,0
2021-05-31,5640.8,0,5723.2,4646.4,4833.2,5735.2,5746.3,,,,,1199.8,5735.2,5735.2,5735.2,5735.2,5735.2,5735.2,5735.2,5735.2,0
2021-06-30,5004.8,1,5668.8,5681.8,7664.5,7110.3,6734.7,2021-06,5.8,-0.9,5.8,2188.5,5668.8,5668.8,5668.8,5668.8,5681.8,5681.8,5681.8,5681.8,1
2021-07-31,9079.6,1,11417.2,8713.8,8208.9,13396.6,14181.5,2021-07,7.3,-0.6,7.3,6233.1,11417.2,11417.2,11417.2,11417.2,8713.8,8713.8,8713.8,8713.8,1
2021-08-31,11752.8,1,8726.8,12010.0,11145.6,10141.9,10691.3,2021-08,8.9,-2.9,8.9,10047.0,8726.8,8726.8,8726.8,8726.8,12010.0,12010.0,12010.0,12010.0,1
2021-09-30,5704.1,1,6034.6,5958.9,8159.2,4451.2,5019.5,2021-09,6.5,-4.1,6.5,10047.0,6034.6,6034.6,6034.6,6034.6,5958.9,5958.9,5958.9,5958.9,1
2021-10-31,9883.8,0,5633.3,5513.1,5108.7,7065.7,7074.1,,,,,9855.6,7065.7,7065.7,7065.7,7065.7,7065.7,7065.7,7065.7,7065.7,0
2021-11-30,7860.2,0,7216.7,8426.4,9522.4,7683.4,7712.8,,,,,5619.1,7683.4,7683.4,7683.4,7683.4,7683.4,7683.4,7683.4,7683.4,0
2021-12-31,7696.0,0,7598.4,7943.9,7576.7,7580.6,7603.0,,,,,5519.4,7580.6,7580.6,7580.6,7580.6,7580.6,7580.6,7580.6,7580.6,0
2022-01-31,8436.7,0,7828.3,8164.4,8302.9,7057.7,7067.9,,,,,4035.1,7057.7,7057.7,7057.7,7057.7,7057.7,7057.7,7057.7,7057.7,0
2022-02-28,9055.8,0,7951.6,8694.0,9104.2,7417.1,7431.8,,,,,3263.4,7417.1,7417.1,7417.1,7417.1,7417.1,7417.1,7417.1,7417.1,0
2022-03-31,10423.0,0,8004.3,8292.3,9311.4,9105.7,9141.3,,,,,2519.7,9105.7,9105.7,9105.7,9105.7,9105.7,9105.7,9105.7,9105.7,0
2022-04-30,8726.2,0,7701.2,6984.8,9003.0,7670.9,7704.0,,,,,1800.0,7670.9,7670.9,7670.9,7670.9,7670.9,7670.9,7670.9,7670.9,0
2022-05-31,8629.9,0,7028.3,7131.8,7271.7,7302.5,7328.2,,,,,1648.0,7302.5,7302.5,7302.5,7302.5,7302.5,7302.5,7302.5,7302.5,0
2022-06-30,14225.3,1,9152.9,11086.0,10190.5,12556.8,11932.8,2022-06,-7.8,-8.8,-7.8,1869.3,12556.8,12556.8,12556.8,12556.8,12556.8,12556.8,12556.8,12556.8,0
2022-07-31,14038.7,1,15579.7,19479.5,17483.9,17670.6,17719.5,2022-07,-8.6,-6.9,-8.6,1538.7,17670.6,17670.6,17670.6,17670.6,17670.6,17670.6,17670.6,17670.6,0
2022-08-31,23601.1,1,15845.9,17572.2,16092.3,19887.9,19917.7,2022-08,-8.3,-4.2,-8.3,789.8,19887.9,19887.9,19887.9,19887.9,19887.9,19887.9,19887.9,19887.9,0
2022-09-30,11514.7,1,13156.5,12623.4,13707.9,9220.1,9347.8,2022-09,-10.4,-3.4,-10.4,236.6,9220.1,9220.1,9220.1,9220.1,9220.1,9220.1,9220.1,9220.1,0
2022-10-31,5608.5,0,6380.2,6991.1,8114.5,8065.6,8080.5,,,,,105.5,8065.6,8065.6,8065.6,8065.6,8065.6,8065.6,8065.6,8065.6,0
2022-11-30,4633.7,0,4884.8,4570.9,5211.4,5147.6,5140.4,,,,,180.0,5147.6,5147.6,5147.6,5147.6,5147.6,5147.6,5147.6,5147.6,0
2022-12-31,4304.7,0,4912.0,5013.1,4965.6,4494.2,4491.6,,,,,7077.4,4494.2,4494.2,4494.2,4494.2,4494.2,4494.2,4494.2,4494.2,0
2023-01-31,5613.5,0,6605.1,5774.1,5556.1,6544.8,6539.6,,,,,10133.0,6544.8,6544.8,6544.8,6544.8,6544.8,6544.8,6544.8,6544.8,0
2023-02-28,7006.8,0,6209.6,6838.5,6467.8,6118.7,6113.9,,,,,10087.0,6118.7,6118.7,6118.7,6118.7,6118.7,6118.7,6118.7,6118.7,0
2023-03-31,8751.0,0,5778.1,6832.1,6548.5,6888.6,6885.4,,,,,9983.4,6888.6,6888.6,6888.6,6888.6,6888.6,6888.6,6888.6,6888.6,0
2023-04-30,8761.8,0,7322.9,7630.5,7216.6,7407.1,7419.9,,,,,9251.8,7407.1,7407.1,7407.1,7407.1,7407.1,7407.1,7407.1,7407.1,0
2023-05-31,8291.9,0,7032.0,6457.1,7606.9,7746.2,7764.1,,,,,7194.0,7746.2,7746.2,7746.2,7746.2,7746.2,7746.2,7746.2,7746.2,0
2023-06-30,7676.1,1,9632.8,10244.6,8472.5,11991.2,12069.9,2023-06,3.8,-5.7,3.8,8256.3,9632.8,9632.8,9632.8,9632.8,10244.6,10244.6,10244.6,10244.6,1
2023-07-31,13920.3,1,13048.7,11674.3,9809.7,13122.7,14048.5,2023-07,5.1,-5.2,5.1,7891.3,13048.7,13048.7,13048.7,13048.7,11674.3,11674.3,11674.3,11674.3,1
2023-08-31,13079.8,1,10898.6,12682.8,14370.9,14623.8,17128.8,2023-08,8.6,-2.6,8.6,4975.2,10898.6,10898.6,10898.6,10898.6,12682.8,12682.8,12682.8,12682.8,1
2023-09-30,11153.4,1,10677.9,8628.1,8450.8,8805.5,9736.3,2023-09,9.4,-2.3,9.4,5002.0,10677.9,10677.9,10677.9,10677.9,8628.1,8628.1,8628.1,8628.1,1
2023-10-31,6531.0,0,5813.3,5883.4,9486.3,7032.4,7037.5,,,,,4365.8,7032.4,7032.4,7032.4,7032.4,7032.4,7032.4,7032.4,7032.4,0
2023-11-30,6390.4,0,4798.6,4991.1,5954.4,4375.5,4374.9,,,,,4337.0,4375.5,4375.5,4375.5,4375.5,4375.5,4375.5,4375.5,4375.5,0
2023-12-31,6086.3,0,6440.0,5822.1,7086.2,6068.9,6080.5,,,,,6171.0,6068.9,6068.9,6068.9,6068.9,6068.9,6068.9,6068.9,6068.9,0
2024-01-31,7868.7,0,7680.2,6527.2,7486.2,7127.1,7132.3,,,,,5441.5,7127.1,7127.1,7127.1,7127.1,7127.1,7127.1,7127.1,7127.1,0
2024-02-29,10944.3,0,9539.7,8512.2,9230.1,9375.7,9403.2,,,,,5852.6,9375.7,9375.7,9375.7,9375.7,9375.7,9375.7,9375.7,9375.7,0
2024-03-31,14782.2,0,9622.7,11795.5,11676.8,11352.1,11393.9,,,,,5008.5,11352.1,11352.1,11352.1,11352.1,11352.1,11352.1,11352.1,11352.1,0
2024-04-30,10590.4,0,10116.2,11331.0,11312.7,11312.4,11355.0,,,,,2922.3,11312.4,11312.4,11312.4,11312.4,11312.4,11312.4,11312.4,11312.4,0
2024-05-31,6768.1,0,6268.4,6591.8,7825.8,6906.6,6908.4,,,,,3876.2,6906.6,6906.6,6906.6,6906.6,6906.6,6906.6,6906.6,6906.6,0
2024-06-30,10365.4,1,8445.2,9915.6,8626.1,9593.3,10233.8,2024-06,-2.9,-5.5,-2.9,1891.9,9593.3,9593.3,9593.3,9593.3,9593.3,9593.3,9593.3,9593.3,0
2024-07-31,16715.7,1,11816.8,14929.2,14754.2,12305.3,13624.5,2024-07,-4.3,-7.4,-4.3,2565.3,12305.3,11816.8,12305.3,12058.6,12305.3,14929.2,12305.3,13553.9,0
2024-08-31,24714.3,1,15566.5,16418.4,20385.6,22362.2,23293.4,2024-08,-7.2,-6.2,-7.2,762.5,22362.2,22362.2,22362.2,22362.2,22362.2,22362.2,22362.2,22362.2,0
2024-09-30,20324.0,1,14891.0,15566.8,14081.8,12488.7,14557.2,2024-09,-6.6,-5.3,-6.6,329.0,12488.7,12488.7,12488.7,12488.7,12488.7,12488.7,12488.7,12488.7,0
2024-10-31,8651.5,0,6984.6,9010.5,12520.8,9297.8,9312.2,,,,,339.0,9297.8,9297.8,9297.8,9297.8,9297.8,9297.8,9297.8,9297.8,0
2024-11-30,10173.1,0,8895.8,8313.5,7231.1,8963.1,8973.8,,,,,339.0,8963.1,8963.1,8963.1,8963.1,8963.1,8963.1,8963.1,8963.1,0
2024-12-31,14273.8,0,11398.4,11559.5,10781.4,11151.5,11196.6,,,,,1892.4,11151.5,11151.5,11151.5,11151.5,11151.5,11151.5,11151.5,11151.5,0
2025-01-31,14712.7,0,12914.1,13060.6,13178.3,13925.4,13978.7,,,,,3123.8,13925.4,13925.4,13925.4,13925.4,13925.4,13925.4,13925.4,13925.4,0
2025-02-28,13829.7,0,14073.6,13657.2,12749.4,14125.0,14171.3,,,,,2334.4,14125.0,14125.0,14125.0,14125.0,14125.0,14125.0,14125.0,14125.0,0
2025-03-31,10443.0,0,10191.9,9311.6,11042.4,13133.2,13154.3,,,,,1478.7,13133.2,13133.2,13133.2,13133.2,13133.2,13133.2,13133.2,13133.2,0
2025-04-30,6332.7,0,6934.7,6128.3,7580.6,6989.1,6978.6,,,,,1222.6,6989.1,6989.1,6989.1,6989.1,6989.1,6989.1,6989.1,6989.1,0
2025-05-31,7070.1,0,6257.3,5634.8,6314.6,5587.2,5580.3,,,,,4285.5,5587.2,5587.2,5587.2,5587.2,5587.2,5587.2,5587.2,5587.2,0
2025-06-30,9983.0,1,9466.6,9377.1,8861.2,10358.6,10503.6,2025-06,6.0,-8.8,6.0,7278.7,9466.6,9466.6,9466.6,9466.6,9377.1,9377.1,9377.1,9377.1,1
2025-07-31,13303.7,1,11947.1,13219.1,13426.6,12482.1,13777.9,2025-07,11.9,-1.3,11.9,9953.1,11947.1,11947.1,11947.1,11947.1,13219.1,13219.1,13219.1,13219.1,1
2025-08-31,13343.8,1,12154.5,15367.6,11669.3,16162.6,17054.7,2025-08,8.8,-1.3,8.8,7490.1,12154.5,12154.5,12154.5,12154.5,15367.6,15367.6,15367.6,15367.6,1
2025-09-30,8560.2,1,9505.3,8557.7,8859.0,7364.5,8768.1,2025-09,11.0,-1.3,11.0,4156.2,9505.3,9505.3,9505.3,9505.3,8557.7,8557.7,8557.7,8557.7,1
2025-10-31,10851.0,0,7920.7,9742.8,7175.7,9496.9,9504.3,,,,,2473.4,9496.9,9496.9,9496.9,9496.9,9496.9,9496.9,9496.9,9496.9,0
2025-11-30,9686.7,0,9824.5,9736.7,9375.1,9649.3,9671.2,,,,,1846.0,9649.3,9649.3,9649.3,9649.3,9649.3,9649.3,9649.3,9649.3,0
2025-12-31,9586.8,0,8760.9,9789.5,8789.2,9232.4,9250.5,,,,,3402.1,9232.4,9232.4,9232.4,9232.4,9232.4,9232.4,9232.4,9232.4,0
2026-01-31,9095.0,0,9845.5,10329.4,10207.0,10410.1,10427.3,,,,,5709.2,10410.1,10410.1,10410.1,10410.1,10410.1,10410.1,10410.1,10410.1,0
2026-02-28,7948.1,0,9092.6,8266.3,10069.6,10162.6,10158.3,,,,,4548.3,10162.6,10162.6,10162.6,10162.6,10162.6,10162.6,10162.6,10162.6,0
2026-03-31,7103.9,0,7375.2,7943.5,8775.8,8773.3,8763.4,,,,,3263.0,8773.3,8773.3,8773.3,8773.3,8773.3,8773.3,8773.3,8773.3,0
2026-04-30,5688.2,0,5986.0,5942.2,6965.8,5559.4,5548.6,,,,,3635.0,5559.4,5559.4,5559.4,5559.4,5559.4,5559.4,5559.4,5559.4,0
2026-05-31,5694.2,0,6256.3,5250.1,6111.4,6076.1,6069.1,,,,,8316.0,6076.1,6076.1,6076.1,6076.1,6076.1,6076.1,6076.1,6076.1,0
2026-06-30,5978.0,1,6121.3,6179.7,7954.1,6501.7,6912.7,2026-06,-8.3,-6.6,-8.3,12846.0,6501.7,6121.3,6501.7,6308.6,6501.7,6179.7,6501.7,6338.7,0
2026-07-31,10235.0,1,13619.2,9979.4,9289.2,12139.8,12890.5,2026-07,-3.5,-4.4,-3.5,15218.2,12139.8,13619.2,12139.8,12858.2,12139.8,9979.4,12139.8,11006.7,0
2026-08-31,12843.0,1,10127.6,14294.6,14065.7,12130.7,11866.7,2026-08,-0.9,-6.0,-0.9,12014.0,12130.7,10127.6,12130.7,11084.0,12130.7,14294.6,12130.7,13168.3,0
