origin,actual,summer,price_only_ridge,an_sparse_all,S1,S4,G_K,G_D,G_K_or_D,G_K_and_D,price_only_ridge%,an_sparse_all%,G_K%,G_D%,G_K_or_D%,G_K_and_D%
2021-08-31,11752.8,1,8726.8,10141.9,8.9,0.2,8726.8,8726.8,8726.8,8726.8,-25.7,-13.7,-25.7,-25.7,-25.7,-25.7
2021-09-30,5704.1,1,6034.6,4451.2,6.5,0.4,6034.6,6034.6,6034.6,6034.6,5.8,-22.0,5.8,5.8,5.8,5.8
2022-08-31,23601.1,1,15845.9,19887.9,-8.3,0.6,19887.9,19887.9,19887.9,19887.9,-32.9,-15.7,-15.7,-15.7,-15.7,-15.7
2022-09-30,11514.7,1,13156.5,9220.1,-10.4,0.8,9220.1,9220.1,9220.1,9220.1,14.3,-19.9,-19.9,-19.9,-19.9,-19.9
2023-08-31,13079.8,1,10898.6,14623.8,8.6,0.4,10898.6,14623.8,14623.8,10898.6,-16.7,11.8,-16.7,11.8,11.8,-16.7
2023-09-30,11153.4,1,10677.9,8805.5,9.4,0.6,10677.9,8805.5,8805.5,10677.9,-4.3,-21.1,-4.3,-21.1,-21.1,-4.3
2024-08-31,24714.3,1,15566.5,22362.2,-7.2,0.4,22362.2,22362.2,22362.2,22362.2,-37.0,-9.5,-9.5,-9.5,-9.5,-9.5
2024-09-30,20324.0,1,14891.0,12488.7,-6.6,0.6,12488.7,12488.7,12488.7,12488.7,-26.7,-38.6,-38.6,-38.6,-38.6,-38.6
2025-08-31,13343.8,1,12154.5,16162.6,8.8,0.3,12154.5,12154.5,12154.5,12154.5,-8.9,21.1,-8.9,-8.9,-8.9,-8.9
2025-09-30,8560.2,1,9505.3,7364.5,11.0,0.5,9505.3,7364.5,7364.5,9505.3,11.0,-14.0,11.0,-14.0,-14.0,11.0
2026-08-31,12843.0,1,10127.6,12130.7,-0.9,0.3,12130.7,10127.6,12130.7,10127.6,-21.1,-5.5,-5.5,-21.1,-5.5,-21.1
