origin,actual,S1,S4
2016-01-31,7855.700,,
2016-02-29,10474.400,,
2016-03-31,15020.400,,
2016-04-30,10669.500,,
2016-05-31,5306.800,,
2016-06-30,6772.300,,
2016-07-31,13983.300,,
2016-08-31,18617.300,,
2016-09-30,8461.200,,
2016-10-31,7965.500,,
2016-11-30,8676.900,,
2016-12-31,8909.100,,
2017-01-31,9163.300,,
2017-02-28,7947.600,,
2017-03-31,6248.700,,
2017-04-30,3757.000,,
2017-05-31,3472.500,,
2017-06-30,8249.900,,
2017-07-31,13592.700,,
2017-08-31,14296.500,,
2017-09-30,6399.000,,
2017-10-31,4920.800,,
2017-11-30,5355.800,,
2017-12-31,5477.400,,
2018-01-31,8145.400,,
2018-02-28,8001.000,,
2018-03-31,7113.500,,
2018-04-30,4732.300,,
2018-05-31,4098.700,,
2018-06-30,8013.000,,
2018-07-31,15436.700,,
2018-08-31,9673.100,,
2018-09-30,5723.700,,
2018-10-31,5063.800,,
2018-11-30,3663.000,,
2018-12-31,2851.400,,
2019-01-31,2787.600,,
2019-02-28,2484.400,,
2019-03-31,2578.700,,
2019-04-30,3298.800,,
2019-05-31,5580.500,,
2019-06-30,5866.200,,
2019-07-31,6879.900,,
2019-08-31,14852.800,,
2019-09-30,13417.500,,
2019-10-31,8917.200,,
2019-11-30,8605.300,,
2019-12-31,8857.100,,
2020-01-31,9023.000,,
2020-02-29,8383.100,,
2020-03-31,8811.000,,
2020-04-30,10216.500,,
2020-05-31,7476.900,,
2020-06-30,9966.500,,
2020-07-31,16335.500,,
2020-08-31,23605.700,,
2020-09-30,10322.000,,
2020-10-31,6120.800,,
2020-11-30,3748.800,,
2020-12-31,4669.100,,
2021-01-31,7681.200,,
2021-02-28,9338.100,,
2021-03-31,9437.900,,
2021-04-30,5534.300,,
2021-05-31,5640.800,,
2021-06-30,5004.800,5.800,
2021-07-31,9079.600,7.300,
2021-08-31,11752.800,8.900,0.245
2021-09-30,5704.100,6.500,0.379
2021-10-31,9883.800,,
2021-11-30,7860.200,,
2021-12-31,7696.000,,
2022-01-31,8436.700,,
2022-02-28,9055.800,,
2022-03-31,10423.000,,
2022-04-30,8726.200,,
2022-05-31,8629.900,,
2022-06-30,14225.300,-7.800,
2022-07-31,14038.700,-8.600,
2022-08-31,23601.100,-8.300,0.567
2022-09-30,11514.700,-10.400,0.808
2022-10-31,5608.500,,
2022-11-30,4633.700,,
2022-12-31,4304.700,,
2023-01-31,5613.500,,
2023-02-28,7006.800,,
2023-03-31,8751.000,,
2023-04-30,8761.800,,
2023-05-31,8291.900,,
2023-06-30,7676.100,3.800,
2023-07-31,13920.300,5.100,
2023-08-31,13079.800,8.600,0.405
2023-09-30,11153.400,9.400,0.591
2023-10-31,6531.000,,
2023-11-30,6390.400,,
2023-12-31,6086.300,,
2024-01-31,7868.700,,
2024-02-29,10944.300,,
2024-03-31,14782.200,,
2024-04-30,10590.400,,
2024-05-31,6768.100,,
2024-06-30,10365.400,-2.900,
2024-07-31,16715.700,-4.300,
2024-08-31,24714.300,-7.200,0.433
2024-09-30,20324.000,-6.600,0.555
2024-10-31,8651.500,,
2024-11-30,10173.100,,
2024-12-31,14273.800,,
2025-01-31,14712.700,,
2025-02-28,13829.700,,
2025-03-31,10443.000,,
2025-04-30,6332.700,,
2025-05-31,7070.100,,
2025-06-30,9983.000,6.000,
2025-07-31,13303.700,11.900,
2025-08-31,13343.800,8.800,0.338
2025-09-30,8560.200,11.000,0.467
2025-10-31,10851.000,,
2025-11-30,9686.700,,
2025-12-31,9586.800,,
2026-01-31,9095.000,,
2026-02-28,7948.100,,
2026-03-31,7103.900,,
2026-04-30,5688.200,,
2026-05-31,5694.200,,
2026-06-30,5978.000,-8.300,
2026-07-31,10235.000,-3.500,
2026-08-31,12843.000,-0.900,0.329
