origin,actual,S1,S4,price_only_ridge%,an_sparse_all%,G_K%,G_D%,G_K_or_D%,G_K_and_D%
2023-08-06,12595.0,8.6,,50.13,62.35,50.13,62.35,50.13,50.13
2023-08-13,12135.7,8.6,,14.77,27.03,14.77,27.03,14.77,14.77
2023-08-20,12651.1,8.6,0.33,-2.23,21.6,-2.23,-2.23,-2.23,-2.23
2023-08-27,12227.1,8.6,0.38,16.76,60.77,16.76,16.76,16.76,16.76
2023-09-03,13351.3,8.6,0.41,-32.1,-8.31,-32.1,-8.31,-8.31,-32.1
2023-09-10,13461.4,9.4,0.45,-23.22,-12.47,-23.22,-12.47,-12.47,-23.22
2023-09-17,13274.1,9.4,0.49,-13.61,-21.12,-13.61,-21.12,-21.12,-13.61
2023-09-24,12458.3,9.4,0.55,-22.05,-32.36,-22.05,-32.36,-32.36,-22.05
2024-08-04,17542.9,-4.3,,-27.86,-25.19,-25.19,-25.19,-25.19,-25.19
2024-08-11,19168.8,-7.2,,-19.27,-4.89,-4.89,-4.89,-4.89,-4.89
2024-08-18,21210.2,-7.2,0.33,-24.34,5.18,5.18,-24.34,5.18,-24.34
2024-08-25,23152.0,-7.2,0.39,-37.99,-14.11,-14.11,-37.99,-14.11,-37.99
2024-09-01,24882.1,-7.2,0.43,-36.57,-8.68,-8.68,-8.68,-8.68,-8.68
2024-09-08,25911.4,-6.6,0.47,-31.18,-13.09,-13.09,-13.09,-13.09,-13.09
2024-09-15,24829.6,-6.6,0.51,-22.72,-27.82,-27.82,-27.82,-27.82,-27.82
2024-09-22,23519.9,-6.6,0.52,-9.58,-16.87,-16.87,-16.87,-16.87,-16.87
2024-09-29,20878.7,-6.6,0.55,-21.96,-33.7,-33.7,-33.7,-33.7,-33.7
2025-08-03,13039.5,11.9,,8.05,14.24,8.05,14.24,8.05,8.05
2025-08-10,13138.4,8.8,,23.74,39.97,23.74,39.97,23.74,23.74
2025-08-17,13350.1,8.8,0.25,-8.0,10.31,-8.0,-8.0,-8.0,-8.0
2025-08-24,13620.7,8.8,0.3,-11.2,9.67,-11.2,-11.2,-11.2,-11.2
2025-08-31,13343.8,8.8,0.34,-8.91,21.12,-8.91,-8.91,-8.91,-8.91
2025-09-07,12418.4,11.0,0.37,17.61,30.4,17.61,17.61,17.61,17.61
2025-09-14,11945.0,11.0,0.39,-9.07,-23.21,-9.07,-9.07,-9.07,-9.07
2025-09-21,10168.9,11.0,0.41,11.81,-7.68,11.81,-7.68,-7.68,11.81
2025-09-28,8563.8,11.0,0.45,15.08,-9.31,15.08,-9.31,-9.31,15.08
2026-08-02,10379.3,-3.5,,28.6,14.27,14.27,14.27,14.27,14.27
2026-08-09,10672.5,-0.9,,7.3,6.82,6.82,6.82,6.82,6.82
2026-08-16,11027.6,-0.9,0.23,10.79,31.69,31.69,10.79,31.69,10.79
2026-08-23,11940.9,-0.9,0.3,-16.08,3.38,3.38,-16.08,3.38,-16.08
2026-08-30,12876.8,-0.9,0.32,-22.72,-4.97,-4.97,-22.72,-4.97,-22.72
2026-09-06,13164.7,-3.2,0.35,-22.87,-20.21,-20.21,-22.87,-20.21,-22.87
