origin,krei_issue,S1_prod_yoy,S1_area_yoy,S1,S2_stock
2016-01-31,,,,,
2016-02-29,,,,,
2016-03-31,,,,,
2016-04-30,,,,,
2016-05-31,,,,,
2016-06-30,,,,,
2016-07-31,,,,,
2016-08-31,,,,,
2016-09-30,,,,,
2016-10-31,,,,,
2016-11-30,,,,,
2016-12-31,,,,,
2017-01-31,,,,,3472.8701401273884
2017-02-28,,,,,5957.846993630574
2017-03-31,,,,,3890.648152866242
2017-04-30,,,,,2498.1410362780402
2017-05-31,,,,,1123.3113810608088
2017-06-30,,,,,257.0473184508069
2017-07-31,,,,,-173.98566359447108
2017-08-31,,,,,503.8829999999994
2017-09-30,,,,,1166.7308701825564
2017-10-31,,,,,503.8829999999994
2017-11-30,,,,,503.8829999999994
2017-12-31,,,,,1054.6076376811593
2018-01-31,,,,,1307.2576082000046
2018-02-28,,,,,1873.3255813953488
2018-03-31,,,,,1182.6744186046508
2018-04-30,,,,,514.302325581395
2018-05-31,,,,,5.0
2018-06-30,,,,,3359.8387096774204
2018-07-31,,,,,1430.823529411764
2018-08-31,,,,,-5.735384615384646
2018-09-30,,,,,23.0
2018-10-31,,,,,23.0
2018-11-30,,,,,23.0
2018-12-31,,,,,1434.666666666667
2019-01-31,,,,,4018.0
2019-02-28,,,,,4018.0
2019-03-31,,,,,4018.0
2019-04-30,,,,,4018.0
2019-05-31,,,,,4018.0
2019-06-30,,,,,8385.818181818182
2019-07-31,,,,,7458.0
2019-08-31,,,,,7251.344262295082
2019-09-30,,,,,5068.409097622212
2019-10-31,,,,,2393.847826086956
2019-11-30,,,,,4857.578618225134
2019-12-31,,,,,2368.9726027397264
2020-01-31,,,,,690.3013698630139
2020-02-29,,,,,582.0
2020-03-31,,,,,560.5
2020-04-30,,,,,238.0
2020-05-31,,,,,195.0
2020-06-30,,,,,185.0
2020-07-31,,,,,2262.6315789473683
2020-08-31,,,,,1337.5
2020-09-30,,,,,309.0
2020-10-31,,,,,124.0
2020-11-30,,,,,110.56756756756756
2020-12-31,,,,,741.5245901639346
2021-01-31,,,,,1757.9180327868853
2021-02-28,,,,,2679.3793103448274
2021-03-31,,,,,1987.2241379310344
2021-04-30,,,,,1384.2051282051282
2021-05-31,,,,,1199.7948717948718
2021-06-30,2021-06,5.8,-0.9,5.8,2188.4666666666667
2021-07-31,2021-07,7.3,-0.6,7.3,6233.10148771768
2021-08-31,2021-08,8.9,-2.9,8.9,10047.0
2021-09-30,2021-09,6.5,-4.1,6.5,10047.0
2021-10-31,,,,,9855.566694987258
2021-11-30,,,,,5619.115747296432
2021-12-31,,,,,5519.35118429511
2022-01-31,,,,,4035.1238095238095
2022-02-28,,,,,3263.390476190476
2022-03-31,,,,,2519.685714285715
2022-04-30,,,,,1799.971428571429
2022-05-31,,,,,1648.0
2022-06-30,2022-06,-7.8,-8.8,-7.8,1869.2962962962956
2022-07-31,2022-07,-8.6,-6.9,-8.6,1538.6666666666679
2022-08-31,2022-08,-8.3,-4.2,-8.3,789.799929115718
2022-09-30,2022-09,-10.4,-3.4,-10.4,236.55555555555554
2022-10-31,,,,,105.4838709677424
2022-11-30,,,,,180.0
2022-12-31,,,,,7077.444444444445
2023-01-31,,,,,10133.0
2023-02-28,,,,,10087.0
2023-03-31,,,,,9983.388401253918
2023-04-30,,,,,9251.755172413794
2023-05-31,,,,,7194.0
2023-06-30,2023-06,3.8,-5.7,3.8,8256.333333333336
2023-07-31,2023-07,5.1,-5.2,5.1,7891.262626262627
2023-08-31,2023-08,8.6,-2.6,8.6,4975.181818181818
2023-09-30,2023-09,9.4,-2.3,9.4,5002.0
2023-10-31,,,,,4365.75
2023-11-30,,,,,4337.0
2023-12-31,,,,,6170.976958525345
2024-01-31,,,,,5441.548387096775
2024-02-29,,,,,5852.563049853373
2024-03-31,,,,,5008.5
2024-04-30,,,,,2922.2624261383407
2024-05-31,,,,,3876.1543274243995
2024-06-30,2024-06,-2.9,-5.5,-2.9,1891.8884254431705
2024-07-31,2024-07,-4.3,-7.4,-4.3,2565.280326729231
2024-08-31,2024-08,-7.2,-6.2,-7.2,762.4817518248165
2024-09-30,2024-09,-6.6,-5.3,-6.6,329.0
2024-10-31,,,,,339.0
2024-11-30,,,,,339.0
2024-12-31,,,,,1892.363636363636
2025-01-31,,,,,3123.779816513761
2025-02-28,,,,,2334.440366972478
2025-03-31,,,,,1478.7431192660551
2025-04-30,,,,,1222.6277511961716
2025-05-31,,,,,4285.537799043062
2025-06-30,2025-06,6.0,-8.8,6.0,7278.676555023922
2025-07-31,2025-07,11.9,-1.3,11.9,9953.133971291867
2025-08-31,2025-08,8.8,-1.3,8.8,7490.117897422991
2025-09-30,2025-09,11.0,-1.3,11.0,4156.245698374134
2025-10-31,,,,,2473.3817356388063
2025-11-30,,,,,1845.9560117302044
2025-12-31,,,,,3402.1111111111095
2026-01-31,,,,,5709.158730158731
2026-02-28,,,,,4548.269841269841
2026-03-31,,,,,3263.0
2026-04-30,,,,,3635.0
2026-05-31,,,,,8316.0
2026-06-30,2026-06,-8.3,-6.6,-8.3,12846.0
2026-07-31,2026-07,-3.5,-4.4,-3.5,15218.248648648647
2026-08-31,2026-08,-0.9,-6.0,-0.9,12014.0
