year,season,lot_row,purchase_period,purchase_t,p_start,p_end,p_note,listed_t,listed_period,l_start,l_end,l_note,direct_t,direct_period,d_start,d_end,d_note,auction_t,auction_period,a_start,a_end,a_note,disposal_t,disposal_period,w_start,w_end,w_note,disposal_method,other_t
2017,월동,6,'17.1.4.~'17.2.27.,9504.0,2017-01-04,2017-02-27,ok,2468.0,17.1.18.~3.22.,2017-01-18,2017-03-22,ok,6172.753,17.1.11.~6.16.,2017-01-11,2017-06-16,ok,445.364,17.4.20.~5.12.,2017-04-20,2017-05-12,ok,0.0,,,,none,,409.0
2017,봄,7,'17.5.29.~'17.8.29,6360.0,2017-05-29,2017-08-29,ok,3655.0,17.6.8.~8.30.,2017-06-08,2017-08-30,ok,2619.0,17.5.29.~7.28.,2017-05-29,2017-07-28,ok,0.0,,,,none,0.0,0,,,none,0,86.0
2017,여름,8,'17.9.4.~.17.10.2.,2944.0,2017-09-04,2017-10-02,ok,2944.0,17.9.7.~10.10.,2017-09-07,2017-10-10,ok,0.0,0,,,none,0.0,,,,none,0.0,0,,,none,0,0.0
2018,월동,9,'17.12.22.~'18.2.28.,3800.0,2017-12-22,2018-02-28,ok,921.0,18.1.11.~2.13.,2018-01-11,2018-02-13,ok,2874.0,18.1.11.~5.19.,2018-01-11,2018-05-19,ok,0.0,,,,none,0.0,0,,,none,0,5.0
2018,봄,10,'18.6.5.~'18.7.5.,4000.0,2018-06-05,2018-07-05,ok,3682.0,18.7.11.~8.13.,2018-07-11,2018-08-13,ok,300.0,18.7.18.~7.24.,2018-07-18,2018-07-24,ok,0.0,,,,none,0.0,0,,,none,0,18.0
2018,여름,11,'18.8.28.~'18.9.22,1933.0,2018-08-28,2018-09-22,ok,107.0,18.8.28.,2018-08-28,2018-08-28,single,1826.0,18.8.29.~9.22.,2018-08-29,2018-09-22,ok,0.0,,,,none,0.0,0,,,none,0,0.0
2018,가을,12,'18.12.8.~'18.12.18.,1000.0,2018-12-08,2018-12-18,ok,0.0,,,,none,0.0,0,,,none,0.0,,,,none,628.0,'19.6.27.~7.18.,2019-06-27,2019-07-18,ok,퇴비화,372.0
2019,월동,13,'18.12.27.~'19.1.31.,3000.0,2018-12-27,2019-01-31,ok,0.0,,,,none,540.0,19.7.9.~8.7.,2019-07-09,2019-08-07,ok,0.0,,,,none,2460.0,'19.8.30.~10.29.,2019-08-30,2019-10-29,ok,퇴비화,0.0
2019,봄,14,'19.6.3.~'19.6.29.,4500.0,2019-06-03,2019-06-29,ok,592.0,19.9.19.~10.6.,2019-09-19,2019-10-06,ok,2378.0,19.9.22.~10.28.,2019-09-22,2019-10-28,ok,0.0,,,,none,1520.0,'19.12.02.~12.24.,2019-12-02,2019-12-24,ok,퇴비화,10.0
2019,가을,15,'19.10.27.~'19.12.11.,4525.0,2019-10-27,2019-12-11,ok,3953.0,19.11.22.~20.2.2.,2019-11-22,2020-02-02,ok,387.0,20.3.30.~5.4.,2020-03-30,2020-05-04,ok,0.0,,,,none,0.0,0,,,none,0,185.0
2020,봄,16,'20.7.7.~'20.8.13.,3158.0,2020-07-07,2020-08-13,ok,2674.0,20.8.8.~9.8.,2020-08-08,2020-09-08,ok,360.0,20.9.17.~9.24.,2020-09-17,2020-09-24,ok,0.0,,,,none,71.0,20.11.24.~12.30,2020-11-24,2020-12-30,ok,퇴비화,54.0
2020,여름,17,'20.9.18~'20.10.30.,1056.0,2020-09-18,2020-10-30,ok,1056.0,20.9.18.~10.30.,2020-09-18,2020-10-30,ok,0.0,0,,,none,0.0,,,,none,0.0,0,,,none,0,0.0
2020,가을,18,20.12.11.~'21.2.9.,2000.0,2020-12-11,2021-02-09,ok,1295.0,21.2.21.~4.19.,2021-02-21,2021-04-19,ok,0.0,0,,,none,0.0,,,,none,696.0,'21.4.27.~8.21,2021-04-27,2021-08-21,ok,퇴비화,9.0
2021,월동,19,21.'2.21~2.28.,805.0,2021-02-21,2021-02-28,ok,155.0,21.4.4.~4.11.,2021-04-04,2021-04-11,ok,0.0,0,,,none,0.0,,,,none,614.0,'21.7.10.~8.1.,2021-07-10,2021-08-01,ok,퇴비화,36.0
2021,봄,20,'21.6.24.~7.23.,5002.0,2021-06-24,2021-07-23,ok,0.0,,,,none,0.0,0,,,none,0.0,,,,none,4249.0,'21.10.4.~1.18.,2021-10-04,2022-01-18,ok,퇴비화,753.0
2021,여름,21,'21.7.26.~8.23.,5000.0,2021-07-26,2021-08-23,ok,0.0,,,,none,0.0,0,,,none,0.0,,,,none,4537.0,'21.11.1.~11.26.,2021-11-01,2021-11-26,ok,퇴비화,463.0
2021,가을,22,'21.10.22~12.4.,4050.0,2021-10-22,2021-12-04,ok,3955.0,21.11.5.~22.1.24.,2021-11-05,2022-01-24,ok,64.0,22.2.3.~2.4,2022-02-03,2022-02-04,ok,0.0,,,,none,0.0,0,,,none,0,31.0
2021,월동,23,'21.12.16.~'22.1.5.,3000.0,2021-12-16,2022-01-05,ok,2519.0,22.1.19.~5.3.,2022-01-19,2022-05-03,ok,80.0,22.5.23.~5.26.,2022-05-23,2022-05-26,ok,0.0,,,,none,354.0,22.7.7~7.29.,2022-07-07,2022-07-29,ok,퇴비화,47.0
2022,봄,24,22.6.17.~9.5.,5637.0,2022-06-17,2022-09-05,ok,5013.0,22.7.13.~9.7.,2022-07-13,2022-09-07,ok,357.0,22.8.16.~9.17.,2022-08-16,2022-09-17,ok,0.0,,,,none,183.0,22.8.30.~10.22.,2022-08-30,2022-10-22,ok,퇴비화,84.0
2022,봄,25,22.9.6.~9.21,1367.0,2022-09-06,2022-09-21,ok,1367.0,22.9.6.~9.21.,2022-09-06,2022-09-21,ok,0.0,0,,,none,0.0,,,,none,0.0,0,,,none,0,0.0
2022,봄,26,22.9.22.~9.28,500.0,2022-09-22,2022-09-28,ok,500.0,22.9.22.~9.28.,2022-09-22,2022-09-28,ok,0.0,0,,,none,0.0,,,,none,0.0,0,,,none,0,0.0
2022,봄,27,22.9.21~10.20.,1000.0,2022-09-21,2022-10-20,ok,1000.0,22.9.21.~10.20.,2022-09-21,2022-10-20,ok,0.0,0,,,none,0.0,,,,none,0.0,0,,,none,0,0.0
2022,고랭지,28,22.10.16~11.16.,3150.0,2022-10-16,2022-11-16,ok,3101.0,22.10.16.~11.15.,2022-10-16,2022-11-15,ok,0.0,0,,,none,0.0,,,,none,46.0,23.2.15.~2.16.,2023-02-15,2023-02-16,ok,퇴비화,3.0
2022,월동,29,22.12.7~23.1.11,10000.0,2022-12-07,2023-01-11,ok,504.0,23.3.29 / 23.5.3~5.22,2023-03-29,2023-05-22,ok,883.0,23.3.27~4.13 / 5.10~5.23,2023-03-27,2023-05-23,ok,0.0,,,,none,7028.0,23.5.23~7.3,2023-05-23,2023-07-03,ok,퇴비화,1585.0
2023,봄,30,23.6.5~7.10,7851.0,2023-06-05,2023-07-10,ok,5252.0,23.6.18~8.28,2023-06-18,2023-08-28,ok,1860.0,23.7.20~9.23,2023-07-20,2023-09-23,ok,0.0,,,,none,0.0,0,,,none,0,527.0
2023,봄,31,,2000.0,2023-06-05,2023-07-10,inherited,0.0,,,,none,0.0,,,,none,0.0,,,,none,0.0,,,,none,,0.0
2023,여름,32,23.9.6~9.26,675.0,2023-09-06,2023-09-26,ok,547.0,23.10.15~10.27,2023-10-15,2023-10-27,ok,115.0,23.10.26~11.2,2023-10-26,2023-11-02,ok,0.0,,,,none,0.0,0,,,none,0,13.0
2024,월동,33,23.12.9~24.1.5,4920.0,2023-12-09,2024-01-05,ok,4824.0,`23.12.20~`24.3.21,2023-12-20,2024-03-21,ok,13.0,24.2.18/3.21,2024-02-18,2024-03-21,ok,0.0,,,,none,0.0,0,,,none,0,83.0
2024,월동,34,24.2.7~2.23,1920.0,2024-02-07,2024-02-23,ok,1890.0,24.3.20~5.3,2024-03-20,2024-05-03,ok,0.0,0,,,none,0.0,,,,none,0.0,0,,,none,0,30.0
2024,월동,35,24.3.6~3.19,960.0,2024-03-06,2024-03-19,ok,945.0,24.3.29~4.11,2024-03-29,2024-04-11,ok,0.0,0,,,none,0.0,,,,none,0.0,0,,,none,0,15.0
2024,월동,36,24.4.9~5.10,960.0,2024-04-09,2024-05-10,ok,945.0,24.4.12~4.29,2024-04-12,2024-04-29,ok,0.0,0,,,none,0.0,,,,none,0.0,0,,,none,0,15.0
2024,봄,37,24.4.23~8.5,10000.0,2024-04-23,2024-08-05,ok,9601.0,24.4.23~9.6,2024-04-23,2024-09-06,ok,213.0,24.7.30~8.2,2024-07-30,2024-08-02,ok,0.0,,,,none,0.0,0,,,none,0,186.0
2024,여름,38,24.10.8~10.22,705.0,2024-10-08,2024-10-22,ok,695.0,24.10.9~10.23,2024-10-09,2024-10-23,ok,0.0,0,,,none,0.0,,,,none,0.0,0,,,none,0,10.0
2025,월동,39,24.12.22~25.1.12,3600.0,2024-12-22,2025-01-12,ok,2956.0,25.1.5~4.23,2025-01-05,2025-04-23,ok,60.0,25.4.29~5.2,2025-04-29,2025-05-02,ok,0.0,,,,none,0.0,0,,,none,0,44.0
2025,봄,40,25.4.25~7.28,13251.0,2025-04-25,2025-07-28,ok,8300.0,25.4.25~11.19,2025-04-25,2025-11-19,ok,4115.0,25.8.1~9.30,2025-08-01,2025-09-30,ok,0.0,,,,none,0.0,0,,,none,0,836.0
2025,여름,41,25.8.3~11.7,5463.0,2025-08-03,2025-11-07,ok,2909.0,25.8.3~11.19,2025-08-03,2025-11-19,ok,2368.0,25.9.11~10.27,2025-09-11,2025-10-27,ok,0.0,,,,none,0.0,0,,,none,0,186.0
2025,가을,42,25.11.16~12.16,1998.0,2025-11-16,2025-12-16,ok,1379.0,25.11.16~12.18,2025-11-16,2025-12-18,ok,600.0,25.11.28~12.15,2025-11-28,2025-12-15,ok,0.0,,,,none,0.0,0,,,none,0,19.4
2026,월동,43,25.12.15~26.1.19,5000.0,2025-12-15,2026-01-19,ok,166.0,26.1.12~1.22,2026-01-12,2026-01-22,ok,2612.0,26.1.28~3.31,2026-01-28,2026-03-31,ok,0.0,,,,none,2114.0,26.7.23~8.6,2026-07-23,2026-08-06,ok,퇴비화,108.0
2026,봄,44,26.4.23~7.29,14798.0,2026-04-23,2026-07-29,ok,40.0,26.7.10,2026-07-10,2026-07-10,single,2871.0,26.7.23~,2026-07-23,2026-08-28,single,0.0,,,,none,0.0,0,,,none,0,1.0
