year,season,area_ha,area_vs_normal%,area_yoy%,prod_t,prod_vs_normal%,prod_yoy%,price_fcst,price_fcst_vs_normal%,price_fcst_yoy%,price_actual,price_actual_vs_normal%,price_actual_yoy%
2021,봄,3440.0,27.92859799181853,16.61016949152543,317796.0,31.5720253431832,16.30186165832879,5250.0,20.0,-19.23076923076923,5584.846153846154,0.7136384576908794,-36.02287572340288
2021,여름,4824.0,3.40836012861736,3.319768687085034,388963.0,-2.31404626585664,14.60649989687379,9250.0,-13.28125,-25.25252525252525,7985.008566433567,-27.60869406256535,-46.15258937468622
2021,가을,11893.0,-7.863340563991327,-9.455652835934526,1104744.0,-14.19468520663549,-14.36106300610387,7750.0,27.3972602739726,34.78260869565217,8858.504985754986,44.60497950505493,82.04660227771308
2021,겨울,3690.0,-3.411569671058379,-5.019305019305021,280952.0,-5.350252667040978,4.887627865302768,9000.0,13.68421052631579,0.0,9798.105413105413,26.26307328486515,5.001319716162556
2022,봄,3249.0,15.07674144037781,-5.552325581395346,277458.0,7.79938120911583,-12.69304837065287,7500.0,60.7142857142857,42.85714285714286,8701.98076923077,81.09957794119589,55.81415368510942
2022,여름,5363.0,13.6389320525498,11.17330016583749,396459.0,-6.680397326052157,1.927175592537078,14875.0,54.54545454545454,60.81081081081081,15772.16835826211,55.03919504041015,97.52224718409548
2022,가을,13617.0,6.546516783599787,14.49592197090725,1339772.0,6.875270225066554,21.27443099939896,5750.0,-7.999999999999996,-25.80645161290322,5060.570512820513,-19.36419549158547,-42.87331190806781
2022,겨울,3635.0,-4.851234621760758,-1.490514905149054,316777.0,7.509344398790874,12.75128847632336,7500.0,-8.163265306122447,-16.66666666666666,7846.501481481482,-8.092143677517704,-19.91817651822333
2023,봄,3742.0,25.20633504349767,15.1738996614343,302974.0,13.14724470907209,9.196346834475854,7500.0,40.625,0.0,8455.74358974359,35.16836571863442,-2.829668164262633
2023,여름,5242.0,7.800932273101169,-2.256199888122323,376861.0,2.495800292461015,-4.943260211018041,12500.0,20.00000000000002,-15.96638655462185,11377.55769230769,-1.313782644191686,-27.86307225570755
2023,가을,13832.0,8.228789024803728,1.578908717044869,1294329.0,3.739247336246132,-3.391845776744107,6500.0,1.298701298701288,13.04347826086956,6409.48,2.599136806887414,26.65528488857418
2023,겨울,3650.0,-3.370984821743739,0.4126547455295837,282297.0,-8.029503849248886,-10.88462861887068,11250.0,36.36363636363635,50.0,12851.95846153846,48.72607284472726,63.79221353453324
2024,봄,3874.0,20.57267351384999,3.527525387493324,337694.0,18.67191920185831,11.45972921768865,8500.0,32.46753246753246,13.33333333333333,8543.857777777777,12.70306194668811,1.042063150319095
2024,여름,4964.0,1.065490329148289,-5.303319343761926,322161.0,-15.25974025974026,-14.51463536953943,13750.0,20.87912087912087,10.00000000000001,17881.4752007252,47.89394291980344,57.16444323384773
2024,가을,12796.0,-0.6650278173114144,-7.48987854251012,1180999.0,-4.180731034299978,-8.75588818607943,7750.0,16.24999999999999,19.23076923076923,9576.865384615383,41.63648219780487,49.41719741095041
2024,겨울,3501.0,-6.432071269487749,-4.08219178082192,215877.0,-26.40774249851708,-23.52841156654162,15500.0,77.14285714285714,37.77777777777778,12013.51538461538,29.29023795585759,-6.523854550512698
2025,봄,3966.0,14.06384814495254,2.374806401652041,330451.0,10.36763494346649,-2.144841187584023,7000.0,-2.325581395348841,-17.64705882352942,6472.059999999999,-24.45531214113191,-24.24897314145887
2025,여름,3697.0,-26.20758483033933,-25.52377115229654,233000.0,-36.75432993067407,-27.67591359599704,13500.0,4.854368932038833,-1.818181818181819,11990.09621212121,-14.31296244488681,-32.94682861716609
2025,가을,13403.0,1.671386669363817,4.743669896842762,1117000.0,-11.00381639856267,-5.419056239675058,8750.0,31.25,12.90322580645162,10631.11217948718,56.88933992725864,11.00826577937888
2025,겨울,3696.0,1.029612756264231,5.569837189374471,240698.0,-13.11681139297011,11.49775103415371,9000.0,-7.692307692307687,-41.93548387096774,7616.16,-26.63373415650337,-36.60340244993299
2026,봄,4195.0,13.8295947901592,5.774079677256672,358037.0,12.91918492127486,8.347985026524363,5500.0,-25.0,-21.42857142857143,5701.51923076923,-27.12677034453164,-11.90564934859641
2026,여름,,,,,,,,,,,,
2026,가을,,,,,,,,,,,,
2026,겨울,,,,,,,,,,,,
