year,purchased,listed,direct,auction,disposed,n_lots,stock_est,aug_price,sep_price,sep_vs_aug%,sep_yoy%,at_gov_cum_aug31,err_an_sparse_all%,err_price_only%,krei_summer_area_yoy%,krei_summer_prod_yoy%,krei_summer_price_fcst,krei_summer_price_fcst_yoy%,krei_summer_price_actual,krei_summer_price_actual_yoy%
2017,15864,6123,8792,445,0,2,504,13938,14269,2.4,-23.3,,0.9,-12.5,,,,,,
2018,11041,7654,3393,0,0,4,-6,15075,9453,-37.3,-33.8,,29.2,6.3,,,,,,
2019,8500,0,540,0,709,3,7251,7050,14853,110.7,57.1,,-48.2,-49.9,,,,,,
2020,7683,5958,387,0,0,2,1338,16315,23633,44.9,59.1,,-20.2,-34.1,,,,,,
2021,13863,2506,0,0,1310,5,10047,9012,11462,27.2,-51.5,9793.0,-13.7,-25.7,3.319768687085034,14.60649989687379,9250.0,-25.25252525252525,7985.008566433567,-46.15258937468622
2022,12339,10871,317,0,361,3,790,14637,23136,58.1,101.9,10392.0,-15.7,-32.9,11.17330016583749,1.927175592537078,14875.0,60.81081081081081,15772.16835826211,97.52224718409548
2023,25868,11724,2095,0,7074,7,4975,13401,13080,-2.4,-43.5,18042.0,11.8,-16.7,-2.256199888122323,-4.943260211018041,12500.0,-15.96638655462185,11377.55769230769,-27.86307225570755
2024,19435,18332,341,0,0,6,762,17084,24637,44.2,88.4,14089.0,-9.5,-37.0,-5.303319343761926,-14.51463536953943,13750.0,10.00000000000001,17881.4752007252,57.16444323384773
2025,19189,9548,2151,0,0,4,7490,13216,13106,-0.8,-46.8,15954.0,21.1,-8.9,-25.52377115229654,-27.67591359599704,13500.0,-1.818181818181819,11990.09621212121,-32.94682861716609
2026,21796,1585,6083,0,2114,3,12014,10479,12760,21.8,-2.6,,-5.5,-21.1,,,,,,
