origin,actual,summer,lp28,all_ridge,all_hgb,all_lgbm,all_anom_ridge,all_anom_sparse,chronos2_cov,chronos2_cov_q90
2016-01-31,7855.7,0,8.6,6042.9,6190.9,6317.9,6734.5,7001.9,4830.0,8063.0
2016-02-29,10474.4,0,9.0,10788.2,8914.0,9208.8,8897.9,8607.7,7723.9,11637.0
2016-03-31,15020.4,0,9.3,10254.8,9713.1,9214.3,8714.9,8054.1,9195.7,14488.5
2016-04-30,10669.5,0,9.6,11922.2,10894.2,11435.2,14835.4,11719.1,12736.4,19496.0
2016-05-31,5306.8,0,9.2,5767.0,7806.4,7903.6,9559.0,8703.3,7973.1,11748.0
2016-06-30,6772.3,1,8.6,2905.8,5382.4,5908.5,6572.4,5557.4,5123.0,9020.9
2016-07-31,13983.3,1,8.8,10817.2,9054.0,8712.0,13457.5,11758.0,8214.5,13039.7
2016-08-31,18617.3,1,9.6,26793.4,15401.3,15078.2,12393.1,15225.3,16396.8,23813.8
2016-09-30,8461.2,1,9.8,25192.4,15898.5,14150.9,12141.2,10270.9,16139.7,22430.2
2016-10-31,7965.5,0,8.9,8205.3,5255.0,5391.0,8724.7,6672.6,5546.6,9176.9
2016-11-30,8676.9,0,9.0,6206.9,7806.1,8021.5,5692.9,6610.6,8192.4,12804.2
2016-12-31,8909.1,0,9.1,6587.5,10099.5,9990.5,6665.3,7886.6,8966.2,12947.1
2017-01-31,9163.3,0,9.1,7462.6,9481.4,9078.6,7530.0,9423.9,8249.8,11491.0
2017-02-28,7947.6,0,9.1,8499.4,8917.5,8231.9,9539.7,9774.2,8780.0,12875.6
2017-03-31,6248.7,0,8.9,6782.6,6624.9,6773.6,7770.8,7147.2,6684.7,9989.4
2017-04-30,3757.0,0,8.7,5822.1,7313.3,7134.6,7196.2,6452.0,5563.1,8499.0
2017-05-31,3472.5,0,8.2,3080.4,3538.3,3637.5,3401.7,3594.8,3658.6,5786.9
2017-06-30,8249.9,1,8.1,4068.9,4339.9,4232.8,4072.9,4190.9,4588.6,7592.9
2017-07-31,13592.7,1,9.0,13782.3,12030.6,11491.1,15356.1,15790.7,12034.6,18439.7
2017-08-31,14296.5,1,9.6,16684.5,16618.6,18485.9,21648.8,16443.2,12651.0,18852.0
2017-09-30,6399.0,1,9.5,8435.6,7547.2,8196.4,9278.0,8208.7,9349.5,14194.1
2017-10-31,4920.8,0,8.4,3664.9,4279.6,3890.9,4117.1,3517.4,4511.1,7034.9
2017-11-30,5355.8,0,8.5,4319.3,5266.9,5143.6,4053.2,5128.1,5211.1,8398.1
2017-12-31,5477.4,0,8.6,5707.9,6543.9,6521.6,5246.7,5923.7,6142.3,9378.6
2018-01-31,8145.4,0,8.7,5924.9,6809.3,6992.7,7059.8,7231.0,7161.1,10394.7
2018-02-28,8001.0,0,9.0,9019.0,8048.6,8136.3,7253.5,7582.9,10721.3,15133.0
2018-03-31,7113.5,0,9.0,7558.1,7753.0,8369.5,7835.2,7648.2,8525.0,13181.7
2018-04-30,4732.3,0,8.9,4465.0,5900.6,5439.6,5948.3,6136.0,5186.1,8003.3
2018-05-31,4098.7,0,8.4,3375.0,3501.3,3393.0,5729.0,6016.3,4213.0,6329.3
2018-06-30,8013.0,1,8.3,7127.8,7560.4,6695.1,7583.7,6557.3,6339.6,10212.1
2018-07-31,15436.7,1,9.0,16110.5,11719.0,12166.5,15554.2,14577.8,13032.6,20102.5
2018-08-31,9673.1,1,9.6,12388.1,13142.3,12665.9,13755.7,12512.7,20470.5,30980.8
2018-09-30,5723.7,1,9.1,3634.1,4716.5,4626.0,3328.6,4113.1,5906.7,9621.7
2018-10-31,5063.8,0,8.6,6096.2,6253.4,6493.4,8906.3,9005.4,4957.3,7213.9
2018-11-30,3663.0,0,8.5,3748.4,4197.3,4446.3,4114.5,4418.1,5881.6,8815.1
2018-12-31,2851.4,0,8.2,3929.6,3952.3,3826.6,3227.3,3399.6,4343.7,7117.6
2019-01-31,2787.6,0,7.9,3395.4,3199.7,3216.7,3506.6,3537.0,3534.4,5765.5
2019-02-28,2484.4,0,7.9,2909.2,2136.9,2471.5,2820.5,2882.3,2966.8,4859.3
2019-03-31,2578.7,0,7.8,2787.8,2356.1,2335.7,2961.4,3150.4,2410.9,3957.9
2019-04-30,3298.8,0,7.9,2818.8,2574.5,2589.1,2667.8,2598.3,2188.9,3776.2
2019-05-31,5580.5,0,8.1,3823.0,5552.5,5524.8,3293.4,4129.3,2725.9,4858.0
2019-06-30,5866.2,1,8.6,7767.9,7004.4,6771.5,8050.5,8408.8,7242.0,12073.3
2019-07-31,6879.9,1,8.7,6508.6,7314.5,7639.3,9028.4,8257.9,8031.3,14010.1
2019-08-31,14852.8,1,8.9,9214.6,6135.3,6982.0,8866.6,7689.4,7442.3,12457.4
2019-09-30,13417.5,1,9.6,11729.8,10128.1,9285.0,9101.1,8757.6,8175.8,14299.8
2019-10-31,8917.2,0,9.4,7487.7,7518.2,7401.7,10021.0,10698.7,8601.2,13474.0
2019-11-30,8605.3,0,9.1,6063.1,6717.1,6745.7,6644.4,7235.6,7117.5,11032.2
2019-12-31,8857.1,0,9.1,9679.2,9677.1,9586.8,7968.9,8230.4,8501.6,12389.2
2020-01-31,9023.0,0,9.1,10344.7,8161.3,8994.3,8954.7,8557.5,9033.8,13263.6
2020-02-29,8383.1,0,9.1,8843.7,8063.7,8434.8,8518.8,8666.5,9214.8,13054.7
2020-03-31,8811.0,0,9.0,9044.9,7798.8,7835.1,8426.5,7880.3,7866.1,11947.6
2020-04-30,10216.5,0,9.1,11478.0,9466.4,8560.7,11351.4,9965.1,7690.8,11101.4
2020-05-31,7476.9,0,9.2,8229.3,8070.3,7749.4,11215.2,8993.3,8850.4,12108.2
2020-06-30,9966.5,1,8.9,8223.9,10317.1,9317.7,8152.2,8728.6,8603.2,12702.1
2020-07-31,16335.5,1,9.3,10542.0,8949.8,9240.1,15508.0,14121.6,13089.0,18342.3
2020-08-31,23605.7,1,9.7,14151.4,16491.9,17962.7,16942.1,18774.8,14907.7,20242.5
2020-09-30,10322.0,1,10.1,17325.4,14404.4,13605.5,13711.6,14246.7,14958.6,22648.5
2020-10-31,6120.8,0,9.1,6879.7,7477.8,6713.8,6900.8,6922.4,7511.7,11328.5
2020-11-30,3748.8,0,8.7,4880.7,6087.7,5705.2,5145.4,4732.6,6083.6,9281.8
2020-12-31,4669.1,0,8.2,3178.0,3462.9,3496.6,3228.5,3628.9,4057.7,7272.1
2021-01-31,7681.2,0,8.4,6995.5,6607.1,6100.5,6922.4,6894.6,5859.2,9288.8
2021-02-28,9338.1,0,8.9,6765.6,10114.0,9849.3,5654.9,14142.5,8368.4,12544.3
2021-03-31,9437.9,0,9.1,10915.6,9235.7,9037.6,11227.8,9297.3,8914.8,13283.0
2021-04-30,5534.3,0,9.1,11068.0,6839.4,6865.2,9464.9,7630.8,6956.0,11082.4
2021-05-31,5640.8,0,8.6,4922.0,4403.4,5030.7,7150.3,6531.7,4055.1,6850.7
2021-06-30,5004.8,1,8.6,5300.7,5487.7,5157.6,10414.6,10097.6,8078.4,12559.7
2021-07-31,9079.6,1,8.6,15416.3,8459.6,8475.1,10200.6,10213.6,9450.8,17155.4
2021-08-31,11752.8,1,9.1,4902.4,11235.1,10248.6,5691.0,10920.7,10192.3,16284.8
2021-09-30,5704.1,1,9.3,5567.5,5577.8,5498.7,4305.5,4752.1,7473.0,11449.5
2021-10-31,9883.8,0,8.6,5094.2,5523.5,5585.5,6961.6,7289.8,4885.5,7358.2
2021-11-30,7860.2,0,9.2,7940.5,7606.3,7955.8,7406.7,7758.1,8937.1,12686.0
2021-12-31,7696.0,0,9.0,8605.7,8394.0,8370.1,6859.2,7458.7,7527.9,10684.4
2022-01-31,8436.7,0,8.9,6752.6,8104.3,7867.3,6477.1,7130.8,7587.2,10726.0
2022-02-28,9055.8,0,9.0,8208.8,8472.6,8289.2,8302.5,7830.5,8415.1,11599.2
2022-03-31,10423.0,0,9.1,7428.6,7960.3,8165.4,9762.9,8754.4,8633.9,12317.9
2022-04-30,8726.2,0,9.2,6737.0,7310.4,7372.0,8138.1,7474.2,8135.8,11383.6
2022-05-31,8629.9,0,9.1,8175.5,7152.2,7017.3,8236.6,7644.5,6974.3,9634.8
2022-06-30,14225.3,1,9.1,12972.7,11043.4,10828.2,12646.2,12627.3,10106.1,13515.1
2022-07-31,14038.7,1,9.5,15384.2,18102.6,19276.2,18022.7,18882.2,18333.9,23240.5
2022-08-31,23601.1,1,9.6,8773.3,14966.7,15725.0,8926.9,10177.8,15103.2,21570.4
2022-09-30,11514.7,1,10.0,22719.6,10293.2,10311.4,12297.7,9706.5,14484.2,21442.1
2022-10-31,5608.5,0,9.2,7956.7,7553.8,6984.8,7432.2,8499.2,8406.6,11820.2
2022-11-30,4633.7,0,8.6,4618.7,4736.7,4710.0,4658.0,5032.1,5424.7,7761.6
2022-12-31,4304.7,0,8.4,6114.5,5122.8,5220.5,4567.7,4820.5,5322.3,8052.3
2023-01-31,5613.5,0,8.4,5565.1,5953.3,5785.0,5168.6,6250.3,5888.1,8730.3
2023-02-28,7006.8,0,8.6,5602.7,7194.8,6933.8,5145.6,5936.8,6496.4,9620.7
2023-03-31,8751.0,0,8.8,6143.2,7011.3,6910.7,6706.2,6725.0,7095.1,10464.1
2023-04-30,8761.8,0,9.1,8164.9,7580.2,7622.4,7710.5,7964.8,6578.5,9410.1
2023-05-31,8291.9,0,9.0,7039.1,6707.6,7146.7,9653.9,8213.5,7027.2,9781.4
2023-06-30,7676.1,1,9.0,9722.9,10993.4,10402.1,10651.0,10883.2,9667.0,12919.1
2023-07-31,13920.3,1,8.9,9060.3,11673.2,12690.7,10703.3,12082.8,11941.9,16716.1
2023-08-31,13079.8,1,9.4,19626.2,11051.4,13080.6,18465.1,15226.8,15556.3,21644.7
2023-09-30,11153.4,1,9.5,9448.3,7746.1,8260.9,8372.3,9125.5,8155.3,11771.3
2023-10-31,6531.0,0,9.2,8025.6,6523.0,6843.3,6971.7,7785.3,8420.9,11372.0
2023-11-30,6390.4,0,8.7,5491.9,5097.4,5057.2,5076.1,4583.9,5749.3,7884.9
2023-12-31,6086.3,0,8.7,5738.7,5929.8,5630.0,6087.2,5822.4,6721.2,9206.0
2024-01-31,7868.7,0,8.7,6897.4,6489.1,6480.6,7212.7,7223.7,7139.5,9497.1
2024-02-29,10944.3,0,9.0,9672.1,8722.2,8549.2,9527.5,9045.6,8366.8,11243.7
2024-03-31,14782.2,0,9.3,11699.5,12062.5,11988.1,12999.9,11733.6,10349.3,13878.6
2024-04-30,10590.4,0,9.6,11430.3,11780.4,11494.4,12165.7,11040.5,10446.2,14262.1
2024-05-31,6768.1,0,9.1,5884.9,7260.9,6828.9,6957.9,6885.8,8012.1,10722.0
2024-06-30,10365.4,1,8.8,9512.7,9291.0,9394.2,9839.3,9118.3,9217.1,13011.5
2024-07-31,16715.7,1,9.3,11427.5,14930.0,16987.9,11106.7,12495.4,15665.7,20600.3
2024-08-31,24714.3,1,9.8,16198.6,18035.7,17104.3,23703.6,21686.1,20484.1,25802.0
2024-09-30,20324.0,1,10.1,20363.3,13189.2,12533.5,14652.7,12790.4,13456.1,18247.2
2024-10-31,8651.5,0,9.7,8498.8,9125.4,9317.7,10638.2,10341.5,11084.3,15170.6
2024-11-30,10173.1,0,9.0,8205.9,8318.7,7939.7,9529.3,9338.3,7196.9,9674.0
2024-12-31,14273.8,0,9.3,9247.6,11499.3,11784.6,10549.1,11420.5,10003.9,13400.9
2025-01-31,14712.7,0,9.6,13822.0,11939.9,12465.3,14028.8,14627.2,13247.8,17140.2
2025-02-28,13829.7,0,9.6,15268.6,13927.0,13897.6,15009.9,14899.3,13418.5,17119.0
2025-03-31,10443.0,0,9.5,11478.6,9222.4,8738.3,14147.9,13324.2,13213.2,17041.0
2025-04-30,6332.7,0,9.2,6828.1,6105.9,6302.4,6954.9,6871.2,7824.8,10683.2
2025-05-31,7070.1,0,8.7,5651.3,5460.0,5541.8,6002.1,5860.2,5515.0,7370.0
2025-06-30,9983.0,1,8.8,10105.9,9548.8,9865.3,9871.9,9636.1,9486.3,13454.6
2025-07-31,13303.7,1,9.3,16113.2,13702.3,13054.2,12774.0,12346.6,15368.9,20782.2
2025-08-31,13343.8,1,9.5,17868.2,15299.3,14675.7,17959.5,16876.1,16193.9,22056.7
2025-09-30,8560.2,1,9.4,8315.7,8098.9,8319.1,8168.1,7504.3,9514.5,13029.8
2025-10-31,10851.0,0,9.0,7921.5,9109.0,8219.3,9881.5,9701.1,7034.4,9420.2
2025-11-30,9686.7,0,9.3,9317.8,9840.6,9983.9,9653.6,9653.0,9556.4,12286.0
2025-12-31,9586.8,0,9.1,7742.2,9317.6,8653.5,8080.3,9479.2,9489.6,11847.2
2026-01-31,9095.0,0,9.2,8800.3,10144.6,9706.1,10801.3,11242.2,10570.0,13426.3
2026-02-28,7948.1,0,9.1,9374.5,8563.5,8471.8,9878.9,10092.2,9844.7,12913.9
2026-03-31,7103.9,0,9.0,7385.0,8151.7,7851.5,8442.1,8781.7,8152.0,11193.2
2026-04-30,5688.2,0,8.9,5627.6,5905.6,6203.2,5813.2,5587.0,6174.5,8353.1
