origin,actual,summer,normal_fwd,an_sparse_all,an_ridge_all,an_ridge_summer,an_sparse_summer,an_huber_summer
2016-01-31,7855.7,0,5490.2,6735.9,7345.5,7345.5,6800.3,6709.4
2016-02-07,9040.7,0,5769.6,6182.2,6726.9,6726.9,6231.1,6212.6
2016-02-14,9483.9,0,6017.3,8278.8,8332.2,8332.2,8372.9,8198.2
2016-02-21,10012.0,0,6041.9,7779.7,7866.0,7866.0,7879.3,7777.7
2016-02-28,10381.8,0,6071.0,8250.2,8032.4,8032.4,8360.9,8239.6
2016-03-06,10824.3,0,5988.3,9117.7,8505.5,8505.5,9252.6,9087.3
2016-03-13,11588.3,0,5837.8,8322.6,8404.4,8404.4,8433.3,8418.5
2016-03-20,12933.6,0,5745.7,8354.5,8482.8,8482.8,8471.9,8430.8
2016-03-27,14433.0,0,5545.6,7891.9,7876.9,7876.9,8000.7,7940.2
2016-04-03,15124.1,0,5102.2,9002.1,9066.6,9066.6,9163.0,9062.7
2016-04-10,14572.8,0,4731.7,9413.9,9695.0,9695.0,9628.7,9481.8
2016-04-17,13274.1,0,4511.3,10744.5,10785.2,10785.2,11030.5,10804.2
2016-04-24,12219.6,0,4288.2,11015.7,11061.9,11061.9,11353.7,11045.4
2016-05-01,10669.5,0,4135.1,11795.1,12982.9,12982.9,12189.9,11902.8
2016-05-08,9393.9,0,3967.6,8697.6,9478.0,9478.0,8955.8,8759.5
2016-05-15,8057.6,0,3810.5,7699.3,7725.5,7725.5,7877.6,7771.5
2016-05-22,6229.1,0,3723.1,8917.9,9146.9,9146.9,9114.8,9132.4
2016-05-29,5390.5,0,3977.1,7703.5,8392.7,8392.7,7894.3,7788.4
2016-06-05,5175.8,1,4366.5,6366.2,6462.2,6344.1,5631.6,5655.4
2016-06-12,5434.0,1,4703.0,5565.1,5141.8,5758.0,5390.6,5351.3
2016-06-19,6003.9,1,5184.9,5754.5,5402.7,6327.9,5624.9,5550.9
2016-06-26,6281.9,1,5529.9,5746.3,5359.1,6127.2,5558.6,5495.0
2016-07-03,7018.8,1,5792.8,5346.2,5813.8,6800.4,5304.3,5334.8
2016-07-10,7894.7,1,6326.0,7487.2,9764.9,9688.4,7037.6,7201.3
2016-07-17,9013.8,1,6882.8,8646.1,12712.1,10953.9,7692.0,8041.0
2016-07-24,11235.7,1,7356.7,7603.0,11265.3,10005.8,7146.2,7507.6
2016-07-31,13983.3,1,7919.2,10393.3,13057.1,11248.1,8947.6,9330.3
2016-08-07,16382.0,1,8004.9,9240.3,8559.4,9486.6,7564.3,8207.9
2016-08-14,18436.7,1,7912.9,9281.7,8319.1,10125.3,7907.5,8564.6
2016-08-21,19532.8,1,7625.0,11169.7,9004.7,10566.8,9174.6,9967.1
2016-08-28,19010.8,1,7110.2,12413.9,9878.1,10105.5,9938.7,10871.6
2016-09-04,18460.4,1,6608.2,12129.2,11569.0,7330.8,10056.2,10182.7
2016-09-11,15867.5,1,5971.8,11458.2,10754.8,6677.3,9420.6,9412.3
2016-09-18,13410.6,1,5324.9,10200.6,10845.6,5872.0,8270.6,8179.9
2016-09-25,10959.3,1,4684.8,8467.5,9153.4,5930.8,6703.4,6754.3
2016-10-02,8133.5,0,4213.3,9725.2,10529.5,10529.5,9850.1,10013.3
2016-10-09,6765.7,0,3924.7,6308.1,7061.7,7061.7,6398.7,6449.6
2016-10-16,6547.7,0,3933.4,6152.6,6609.4,6609.4,6236.4,6324.5
2016-10-23,7155.4,0,4037.4,5812.6,5849.1,5849.1,5895.1,5981.0
2016-10-30,7816.8,0,4292.4,6330.6,6756.9,6756.9,6413.7,6406.7
2016-11-06,8494.1,0,4423.0,6167.8,6384.2,6384.2,6232.7,6307.6
2016-11-13,8605.5,0,4291.4,6765.5,6716.1,6716.1,6837.4,6944.8
2016-11-20,8503.9,0,4153.9,7614.5,7742.6,7742.6,7718.4,7746.2
2016-11-27,8582.8,0,3985.8,6301.7,6391.2,6391.2,6379.7,6451.5
2016-12-04,8743.6,0,4001.6,7126.0,7328.8,7328.8,7232.1,7225.5
2016-12-11,9037.0,0,4084.0,7422.1,7672.8,7672.8,7541.5,7484.9
2016-12-18,9131.8,0,4142.8,8209.6,8692.7,8692.7,8338.9,8338.0
2016-12-25,9164.0,0,4287.5,9103.8,9321.3,9321.3,9270.5,9049.3
2017-01-01,8909.1,0,4322.8,8564.7,8728.2,8728.2,8705.3,8438.8
2017-01-08,8944.5,0,4475.2,9470.2,9458.9,9458.9,9640.3,9273.1
2017-01-15,8959.1,0,4696.8,9847.2,9937.9,9937.9,10017.5,9691.9
2017-01-22,9030.6,0,4923.2,8923.9,8756.5,8756.5,9043.8,8935.2
2017-01-29,9209.9,0,5248.5,8553.1,8476.5,8476.5,8659.0,8577.2
2017-02-05,9028.9,0,5635.9,10228.6,9908.0,9908.0,10341.4,10359.7
2017-02-12,8901.7,0,5930.8,9260.7,9047.3,9047.3,9350.9,9417.1
2017-02-19,8562.3,0,6052.9,9071.6,8552.2,8552.2,9142.8,9148.0
2017-02-26,8112.7,0,6193.5,8694.7,8315.9,8315.9,8757.3,8721.9
2017-03-05,7605.7,0,6245.4,8067.9,7693.1,7693.1,8118.0,8084.4
2017-03-12,6997.3,0,6365.3,8150.3,7815.7,7815.7,8199.0,8188.8
2017-03-19,6347.4,0,6531.7,7862.0,7823.5,7823.5,7907.5,7914.9
2017-03-26,6102.9,0,6748.8,7179.4,7143.8,7143.8,7209.6,7217.1
2017-04-02,6173.2,0,6702.0,6510.1,6510.9,6510.9,6524.5,6561.0
2017-04-09,5761.5,0,6500.9,5943.7,5711.9,5711.9,5952.8,5896.8
2017-04-16,5328.1,0,6380.7,5177.3,5089.0,5089.0,5178.9,5099.6
2017-04-23,4616.0,0,6103.6,5608.3,5602.5,5602.5,5608.9,5545.3
2017-04-30,3757.0,0,5723.5,6538.2,6689.6,6689.6,6564.5,6461.7
2017-05-07,3330.1,0,5292.0,3945.3,4112.4,4112.4,3950.2,3857.1
2017-05-14,3466.7,0,4874.6,2911.7,2834.3,2834.3,2898.8,2841.9
2017-05-21,3428.6,0,4569.7,2687.1,2585.3,2585.3,2669.5,2626.7
2017-05-28,3365.7,0,4748.6,3504.6,3670.3,3670.3,3490.4,3448.1
2017-06-04,3543.2,1,5042.8,3162.1,3501.5,5823.5,3450.4,3403.3
2017-06-11,3512.3,1,5288.7,4886.0,5112.0,5556.1,4434.6,4357.4
2017-06-18,4442.4,1,5606.9,3737.2,3906.2,5268.6,4110.3,4044.1
2017-06-25,6385.1,1,5655.6,3321.1,3202.1,4183.8,3707.2,3605.6
2017-07-02,8566.4,1,5811.3,3891.4,3966.8,4469.5,4258.2,4193.8
2017-07-09,10297.3,1,6280.1,5054.0,5474.1,5753.7,5727.2,5596.3
2017-07-16,11985.5,1,6859.6,8930.9,9751.4,8533.1,9620.1,9238.4
2017-07-23,12901.1,1,7561.0,14276.9,15804.6,11437.5,13907.2,13572.9
2017-07-30,13377.9,1,8526.4,15738.5,16852.5,12793.6,15271.7,15316.1
2017-08-06,14463.1,1,8928.2,11619.8,10752.2,12452.5,11818.1,12150.6
2017-08-13,14972.0,1,9233.3,13460.6,12106.4,13346.7,11487.9,12017.2
2017-08-20,14948.3,1,9450.6,14409.4,13983.4,12807.5,10706.1,11494.4
2017-08-27,14900.6,1,9002.3,11912.6,11073.6,10451.6,9984.1,10553.9
2017-09-03,14247.1,1,8588.9,13067.0,11858.2,7677.9,10433.2,10724.9
2017-09-10,14526.7,1,7524.2,10531.0,9420.0,5493.9,8472.5,8749.6
2017-09-17,11924.6,1,6464.5,8303.8,7390.5,4322.1,6860.6,7134.4
2017-09-24,8988.2,1,5537.8,7395.5,6619.3,3664.6,5688.2,6017.3
2017-10-01,6399.0,0,4883.5,7030.0,6636.9,6636.9,7084.4,7431.3
2017-10-08,4319.5,0,4568.8,11968.5,13439.3,13439.3,12144.8,12838.0
2017-10-15,3861.7,0,4645.8,4111.8,4767.9,4767.9,4148.1,4199.5
2017-10-22,4217.5,0,4886.0,3412.1,3624.8,3624.8,3409.3,3390.0
2017-10-29,4828.2,0,5296.7,4015.4,4202.8,4202.8,4003.0,3965.0
2017-11-05,5025.3,0,5551.3,5119.2,5297.9,5297.9,5109.4,5075.3
2017-11-12,5248.2,0,5480.9,4475.3,4530.4,4530.4,4464.6,4422.2
2017-11-19,5394.7,0,5345.5,4733.2,4671.2,4671.2,4725.0,4716.3
2017-11-26,5276.0,0,5159.5,4839.6,4797.8,4797.8,4836.0,4864.3
2017-12-03,5382.5,0,5193.7,4351.7,4536.3,4536.3,4350.7,4393.4
2017-12-10,5425.6,0,5298.8,5065.3,5435.4,5435.4,5063.7,5160.3
2017-12-17,5354.2,0,5356.9,5255.8,5639.8,5639.8,5254.0,5365.3
2017-12-24,5364.3,0,5467.1,5177.4,5217.6,5217.6,5178.2,5215.7
2017-12-31,5477.4,0,5479.8,4831.6,4708.5,4708.5,4826.0,4868.4
2018-01-07,6358.6,0,5570.8,5299.4,5062.6,5062.6,5301.9,5324.6
2018-01-14,7213.2,0,5691.2,5446.7,5256.5,5256.5,5449.5,5459.6
2018-01-21,7745.7,0,5851.8,5614.7,5244.1,5244.1,5619.2,5549.6
2018-01-28,8203.3,0,6001.7,5873.8,5590.9,5590.9,5871.0,5843.8
2018-02-04,8055.7,0,6195.5,9021.8,8662.9,8662.9,9048.3,9175.3
2018-02-11,7828.7,0,6281.7,7992.0,7978.2,7978.2,8031.7,8234.9
2018-02-18,7878.0,0,6232.4,6278.3,6343.9,6343.9,6293.0,6498.6
2018-02-25,8011.9,0,6217.5,6749.6,6673.3,6673.3,6767.2,6959.5
2018-03-04,7912.3,0,6125.4,7586.9,7457.7,7457.7,7619.2,7767.2
2018-03-11,7820.2,0,6044.1,7224.9,6958.9,6958.9,7261.1,7276.9
2018-03-18,7705.9,0,6023.7,7433.2,7140.3,7140.3,7473.3,7408.0
2018-03-25,7455.3,0,6086.8,7896.8,7494.6,7494.6,7942.6,7863.1
2018-04-01,7113.5,0,6154.1,8139.3,7748.8,7748.8,8191.3,8058.5
2018-04-08,6645.2,0,6101.6,7530.0,7064.1,7064.1,7571.8,7474.7
2018-04-15,6244.6,0,6062.5,7210.1,6767.5,6767.5,7243.4,7167.5
2018-04-22,5571.2,0,5901.1,6601.0,6064.1,6064.1,6625.3,6481.1
2018-04-29,4815.4,0,5548.0,6082.3,6149.4,6149.4,6105.6,6086.2
2018-05-06,4370.0,0,5112.8,5085.8,5228.7,5228.7,5101.2,5126.8
2018-05-13,3760.9,0,4870.1,4856.8,4923.2,4923.2,4866.6,4903.5
2018-05-20,3739.5,0,4588.8,3579.5,3824.4,3824.4,3583.2,3627.4
2018-05-27,3830.1,0,4557.0,3530.7,3514.8,3514.8,3529.1,3621.7
2018-06-03,4082.9,1,4731.9,4675.5,4762.5,4934.8,4568.8,4587.9
2018-06-10,4574.6,1,4813.9,3395.3,3476.0,4433.4,3931.4,3901.7
2018-06-17,5313.3,1,5198.0,5020.2,4947.9,4977.1,4420.1,4537.0
2018-06-24,6485.2,1,5683.3,4594.4,4490.3,4614.9,4854.8,4815.7
2018-07-01,8013.0,1,6284.0,6455.2,6585.5,5911.8,6322.8,6365.0
2018-07-08,9405.1,1,7062.7,7124.9,7593.6,7255.8,6589.9,6894.4
2018-07-15,10438.4,1,7843.6,9616.9,9967.2,8849.6,8903.3,9130.7
2018-07-22,12569.3,1,8653.5,10687.5,11003.5,10456.9,10995.2,10997.5
2018-07-29,15071.3,1,9598.8,13817.1,13315.4,13449.7,14396.2,14425.4
2018-08-05,15268.2,1,10041.3,11530.3,10061.3,12343.9,13313.5,13611.2
2018-08-12,15087.3,1,10360.1,12026.6,10735.6,14888.8,15561.6,15321.0
2018-08-19,13722.9,1,10300.2,16711.7,15709.0,20311.1,18829.7,18645.0
2018-08-26,10868.5,1,9681.0,17022.7,18122.8,22216.4,18538.5,18510.7
2018-09-02,9369.7,1,9072.9,10510.6,12030.1,16971.1,14062.8,13870.5
2018-09-09,8251.9,1,8056.7,8280.0,8505.7,13406.8,10591.2,10571.8
2018-09-16,6656.6,1,6711.1,7629.7,7640.1,9997.8,8230.3,8365.2
2018-09-23,5886.1,1,5442.3,5625.8,5640.8,7188.1,5910.8,6091.1
2018-09-30,5723.7,1,4565.1,3271.0,3067.7,4342.1,3387.2,3657.4
2018-10-07,5434.5,0,4133.4,4282.7,4242.8,4242.8,4297.4,4707.8
2018-10-14,5563.5,0,4139.5,4325.6,4604.2,4604.2,4354.6,4784.3
2018-10-21,5405.8,0,4409.0,6413.3,6601.1,6601.1,6471.6,7206.7
2018-10-28,5290.3,0,4875.5,6672.2,7170.7,7170.7,6728.2,7133.1
2018-11-04,5006.8,0,5099.6,6848.4,6996.7,6996.7,6890.3,7155.9
2018-11-11,4690.0,0,5008.5,5644.3,5247.6,5247.6,5670.1,5879.1
2018-11-18,4405.8,0,4868.7,4889.2,4266.2,4266.2,4904.5,5049.4
2018-11-25,3967.5,0,4620.3,4074.6,3753.9,3753.9,4080.2,4203.0
2018-12-02,3603.3,0,4631.8,4421.8,4160.0,4160.0,4432.8,4526.0
2018-12-09,3425.7,0,4726.1,4387.9,4410.9,4410.9,4393.4,4409.2
2018-12-16,3071.3,0,4754.7,3998.4,4038.0,4038.0,3997.8,4021.2
2018-12-23,3011.6,0,4868.0,3371.3,3310.8,3310.8,3365.6,3332.3
2018-12-30,2920.4,0,4935.8,3249.8,3158.6,3158.6,3236.4,3205.3
2019-01-06,2826.6,0,5160.7,3902.2,3739.9,3739.9,3888.9,3869.6
2019-01-13,2917.0,0,5388.7,3226.5,3132.6,3132.6,3213.1,3141.9
2019-01-20,2893.9,0,5619.8,3547.9,3383.9,3383.9,3529.9,3449.5
2019-01-27,2859.0,0,5826.1,3379.0,3255.0,3255.0,3362.7,3293.2
2019-02-03,2744.0,0,5999.5,3537.8,3362.9,3362.9,3521.5,3421.0
2019-02-10,2592.0,0,6085.7,3878.0,3877.8,3877.8,3858.8,3725.2
2019-02-17,2524.5,0,6070.9,3155.4,3137.5,3137.5,3136.8,3048.7
2019-02-24,2468.0,0,6109.5,3053.8,2983.0,2983.0,3030.8,2928.9
2019-03-03,2466.9,0,6024.1,2778.4,2722.6,2722.6,2753.9,2648.3
2019-03-10,2492.2,0,5927.6,2628.4,2623.5,2623.5,2606.0,2519.9
2019-03-17,2466.4,0,5892.9,2860.2,2855.6,2855.6,2837.5,2739.3
2019-03-24,2564.1,0,5906.1,2677.8,2622.6,2622.6,2655.8,2551.5
2019-03-31,2578.7,0,6002.7,2901.5,2868.9,2868.9,2877.7,2785.6
2019-04-07,2616.0,0,5951.0,2813.1,2854.9,2854.9,2789.0,2728.8
2019-04-14,2800.0,0,5907.1,2721.1,2709.6,2709.6,2696.7,2642.6
2019-04-21,2942.3,0,5728.0,2889.0,2865.9,2865.9,2864.1,2825.1
2019-04-28,3153.6,0,5322.5,2371.1,2348.9,2348.9,2349.8,2313.5
2019-05-05,3511.8,0,4930.3,2534.3,2466.7,2466.7,2516.1,2462.9
2019-05-12,3977.0,0,4636.3,2793.5,2689.6,2689.6,2777.1,2731.0
2019-05-19,4511.3,0,4402.5,2839.2,2849.9,2849.9,2826.4,2774.6
2019-05-26,5096.0,0,4415.8,3182.0,3199.4,3199.4,3171.7,3117.0
2019-06-02,5672.2,1,4627.6,4437.5,4524.9,5551.7,5150.0,4904.3
2019-06-09,5741.3,1,4870.7,5557.3,5943.8,6883.1,6309.3,6008.7
2019-06-16,6082.6,1,5375.4,6580.7,7111.2,7408.2,6861.7,6694.2
2019-06-23,5954.1,1,6002.5,6997.6,7338.2,7499.5,7175.2,7068.3
2019-06-30,5866.2,1,6725.6,8080.8,8836.6,9288.7,8127.0,8099.7
2019-07-07,6014.2,1,7537.4,6578.4,7076.4,7714.8,6620.4,6863.1
2019-07-14,6024.9,1,8271.9,8258.4,8840.1,8411.2,7558.9,7981.1
2019-07-21,6450.7,1,9099.7,5932.5,6367.7,6625.4,6025.6,6395.0
2019-07-28,6524.1,1,10140.0,7457.3,7622.5,7578.2,7239.0,7547.2
2019-08-04,7387.4,1,10621.4,7269.1,7132.6,7124.1,7395.3,7532.5
2019-08-11,9037.6,1,10933.0,8583.1,8666.1,9215.1,9136.2,9060.4
2019-08-18,9897.3,1,10734.9,7391.7,7696.6,8875.2,8470.7,8328.1
2019-08-25,12065.0,1,10071.7,5678.8,5901.1,7105.5,6527.9,6557.2
2019-09-01,14918.6,1,9443.9,8392.7,9054.8,9006.0,8211.3,8373.9
2019-09-08,16410.7,1,8507.3,10575.8,11119.5,10566.9,9506.1,9818.5
2019-09-15,16228.5,1,7098.5,7015.6,7314.4,8536.9,7006.0,7250.7
2019-09-22,15786.3,1,5804.6,8863.3,8975.9,9401.4,8318.3,8393.8
2019-09-29,13594.8,1,4932.6,9978.0,10630.7,10943.2,9176.9,9282.7
2019-10-06,11284.9,0,4450.6,10529.1,11722.4,11722.4,10639.0,10723.9
2019-10-13,10081.5,0,4381.4,9467.7,10932.7,10932.7,9584.4,9847.5
2019-10-20,9011.9,0,4548.3,12500.8,14239.0,14239.0,12677.4,12976.3
2019-10-27,9049.9,0,4869.4,10344.6,11175.9,11175.9,10481.9,10893.0
2019-11-03,8922.9,0,4987.7,9174.5,8630.0,8630.0,9264.6,9843.9
2019-11-10,9043.6,0,4886.9,7579.3,7027.0,7027.0,7641.4,8000.6
2019-11-17,8973.2,0,4753.8,7817.9,6795.2,6795.2,7877.0,8219.9
2019-11-24,8591.8,0,4488.5,7691.2,6938.3,6938.3,7746.9,7901.6
2019-12-01,8605.3,0,4435.6,6899.6,6475.2,6475.2,6948.9,6946.5
2019-12-08,8761.5,0,4492.2,7666.6,7793.9,7793.9,7722.2,7713.7
2019-12-15,8901.7,0,4458.8,7531.4,7702.7,7702.7,7591.0,7506.4
2019-12-22,8953.4,0,4597.5,8031.0,8242.3,8242.3,8101.8,8038.9
2019-12-29,8972.3,0,4668.6,7694.0,7687.0,7687.0,7756.1,7722.9
2020-01-05,8755.1,0,4877.7,9121.8,9037.6,9037.6,9208.5,9133.3
2020-01-12,8689.0,0,5219.4,9966.2,10218.8,10218.8,10069.8,9997.2
2020-01-19,8799.5,0,5471.4,9329.9,9700.1,9700.1,9415.2,9387.5
2020-01-26,8908.4,0,5710.1,9504.4,9911.6,9911.6,9584.8,9498.6
2020-02-02,9041.6,0,5913.9,9094.2,9361.5,9361.5,9157.1,8980.3
2020-02-09,8979.7,0,5936.5,8523.9,8495.6,8495.6,8569.9,8554.9
2020-02-16,8837.4,0,5973.9,9057.0,8894.0,8894.0,9108.4,8965.8
2020-02-23,8607.5,0,6003.7,8913.3,8866.5,8866.5,8960.2,8874.6
2020-03-01,8383.1,0,5958.1,8370.2,8078.9,8078.9,8408.2,8349.6
2020-03-08,8166.8,0,5922.3,7980.0,7728.2,7728.2,8010.7,7802.5
2020-03-15,7896.8,0,5907.7,7772.8,7557.6,7557.6,7799.9,7647.4
2020-03-22,8004.5,0,6028.8,7712.6,7481.9,7481.9,7737.8,7595.7
2020-03-29,8498.6,0,6139.4,7833.4,7565.9,7565.9,7858.2,7750.7
2020-04-05,9573.4,0,6040.9,7478.0,7302.1,7302.1,7502.0,7412.7
2020-04-12,10302.0,0,6024.2,6946.4,6802.9,6802.9,6965.6,6952.9
2020-04-19,10585.1,0,5866.6,7447.9,7220.0,7220.0,7469.8,7461.4
2020-04-26,10528.4,0,5544.6,7803.4,8073.8,8073.8,7836.4,8002.5
2020-05-03,9908.6,0,5280.4,9772.9,10533.5,10533.5,9842.0,10084.2
2020-05-10,8970.7,0,5033.5,7374.9,7754.0,7754.0,7417.7,7520.8
2020-05-17,8445.8,0,4765.4,6901.0,6994.5,6994.5,6939.8,7053.5
2020-05-24,7916.9,0,4729.7,7990.0,7822.1,7822.1,8046.7,8138.5
2020-05-31,7476.9,0,4898.6,8771.1,8822.3,8822.3,8841.8,8970.8
2020-06-07,7561.1,1,5057.5,5808.4,5679.6,4745.9,4919.9,5040.7
2020-06-14,8050.9,1,5547.1,8437.6,8041.9,6394.1,7487.6,7389.6
2020-06-21,8693.1,1,6032.2,8349.5,8115.4,7180.4,8093.4,7959.9
2020-06-28,9685.3,1,6666.8,9030.8,9030.7,8124.3,8888.3,8733.7
2020-07-05,10800.3,1,7385.5,8378.6,8140.7,7101.2,8454.5,8355.5
2020-07-12,11527.8,1,8161.0,10647.3,10633.7,8131.2,9208.8,9238.7
2020-07-19,12841.3,1,9188.3,12236.4,13132.6,10187.6,10006.8,10234.2
2020-07-26,14409.0,1,10230.0,14592.6,15759.3,12091.0,11595.4,11926.0
2020-08-02,16385.4,1,10943.8,14044.4,14707.7,11006.4,11413.6,11900.4
2020-08-09,17776.5,1,11499.2,15422.4,16162.7,11834.9,12499.2,12995.6
2020-08-16,19536.8,1,11549.6,18151.3,18197.7,13398.4,15505.1,16124.5
2020-08-23,21844.7,1,11468.1,18491.9,18091.6,14421.6,16721.0,17365.5
2020-08-30,23174.8,1,11487.6,20554.3,19676.1,16675.4,20119.3,20488.0
2020-09-06,24966.3,1,10845.6,16422.8,13445.4,11999.0,16990.5,17802.4
2020-09-13,23049.5,1,9237.1,20535.4,17016.8,15465.3,20140.1,21074.5
2020-09-20,17596.3,1,7689.9,18524.6,15707.2,14971.7,17023.7,18555.1
2020-09-27,12464.6,1,6443.0,14626.8,13612.0,14067.0,12923.7,14293.5
2020-10-04,9662.0,0,5654.5,12184.3,11267.6,11267.6,12301.8,13139.0
2020-10-11,6729.3,0,5466.8,10738.9,10902.6,10902.6,10849.1,11662.5
2020-10-18,6175.0,0,5592.1,6575.1,6478.4,6478.4,6615.5,7054.8
2020-10-25,6136.5,0,5978.7,7194.3,6768.1,6768.1,7225.3,7661.4
2020-11-01,6120.8,0,6109.6,5984.8,5712.4,5712.4,5997.2,6258.6
2020-11-08,5739.9,0,6043.6,5755.0,5961.5,5961.5,5759.0,5862.7
2020-11-15,5062.6,0,5881.1,5855.1,6031.9,6031.9,5858.4,5889.8
2020-11-22,4329.0,0,5565.9,5496.7,5545.4,5545.4,5499.8,5445.2
2020-11-29,3751.2,0,5528.7,5134.3,5343.7,5343.7,5137.2,5086.8
2020-12-06,3568.1,0,5643.9,4154.6,4370.3,4370.3,4149.4,4081.3
2020-12-13,3455.8,0,5638.1,3874.0,3989.8,3989.8,3864.3,3788.9
2020-12-20,3744.9,0,5790.0,4096.5,4315.2,4315.2,4085.1,4085.6
2020-12-27,4135.1,0,5847.1,3499.9,3543.4,3543.4,3485.3,3461.2
2021-01-03,4786.0,0,6036.3,3712.0,3651.7,3651.7,3695.1,3656.9
2021-01-10,5456.7,0,6362.5,3805.7,3830.9,3830.9,3786.9,3779.9
2021-01-17,5884.0,0,6601.9,5857.0,5621.7,5621.7,5842.1,5823.4
2021-01-24,6967.8,0,6822.7,5527.3,5430.3,5430.3,5515.4,5449.1
2021-01-31,7681.2,0,6933.1,6863.1,6604.5,6604.5,6857.0,6802.1
2021-02-07,8532.7,0,6857.4,5821.0,5642.4,5642.4,5816.3,5709.9
2021-02-14,9072.9,0,6832.0,7078.6,7079.8,7079.8,7083.4,6922.1
2021-02-21,9219.7,0,6764.0,8700.4,8919.0,8919.0,8721.4,8583.3
2021-02-28,9338.1,0,6676.0,8032.2,8139.2,8139.2,8052.3,7925.4
2021-03-07,9471.9,0,6612.6,8760.8,9287.8,9287.8,8787.7,8727.0
2021-03-14,9438.7,0,6543.6,9195.9,9828.2,9828.2,9229.6,9186.2
2021-03-21,9455.2,0,6668.9,9336.2,10106.7,10106.7,9371.5,9301.0
2021-03-28,9437.8,0,6765.7,9411.0,9843.3,9843.3,9444.3,9369.9
2021-04-04,9139.7,0,6671.2,9774.0,9970.7,9970.7,9810.4,9833.1
2021-04-11,8418.6,0,6520.2,9318.8,9546.7,9546.7,9352.6,9406.5
2021-04-18,7212.4,0,6161.1,8141.4,8192.8,8192.8,8166.1,8244.3
2021-04-25,6233.3,0,5691.8,7330.9,7387.2,7387.2,7351.2,7426.4
2021-05-02,5462.0,0,5341.5,6716.4,6944.2,6944.2,6739.7,6756.4
2021-05-09,5399.2,0,5039.5,5071.8,5067.4,5067.4,5080.7,5120.5
2021-05-16,5862.1,0,4859.8,3737.9,3759.7,3759.7,3735.3,3778.8
2021-05-23,5772.1,0,4812.7,5108.1,5105.4,5105.4,5111.9,5231.0
2021-05-30,5696.9,0,4938.6,5410.6,5592.8,5592.8,5419.5,5557.6
2021-06-06,5312.7,1,5125.8,6777.0,7068.3,5773.0,5842.8,6000.1
2021-06-13,4934.3,1,5689.3,7355.1,7688.5,6941.5,6698.6,6795.7
2021-06-20,4790.2,1,6399.4,6027.6,5796.9,5586.5,5744.8,5920.8
2021-06-27,4673.1,1,7366.5,6876.5,6332.5,5791.5,6468.2,6618.0
2021-07-04,5659.2,1,8459.7,7243.5,6951.1,6580.6,6959.0,7173.8
2021-07-11,6864.9,1,9342.5,6177.9,5840.3,5919.3,6082.5,6245.6
2021-07-18,7957.4,1,10632.6,5871.5,5758.9,6154.5,6374.4,6292.8
2021-07-25,8871.8,1,11871.8,6207.3,6193.3,6716.7,7180.7,6946.0
2021-08-01,9079.6,1,13122.1,13589.6,14119.5,14025.7,14689.0,13800.7
2021-08-08,8982.1,1,14234.9,14195.2,14937.8,14893.1,16427.5,15579.7
2021-08-15,9827.8,1,14666.5,9950.0,10114.1,10772.1,11783.0,11302.8
2021-08-22,11278.3,1,14940.7,9259.1,8654.8,8856.9,10582.9,10199.1
2021-08-29,11726.2,1,15095.3,10931.3,9761.8,9950.2,11589.2,11219.9
2021-09-05,11349.4,1,14710.2,10517.3,10150.4,10427.1,10779.1,10703.8
2021-09-12,9457.5,1,12542.4,11017.9,10536.7,10295.7,10762.3,10788.9
2021-09-19,6521.9,1,10070.6,9600.7,9320.2,9735.9,9457.7,9544.4
2021-09-26,6077.2,1,7985.1,5712.3,5709.7,6916.4,6167.0,6243.7
2021-10-03,5617.2,0,6777.2,4069.0,3838.7,3838.7,4050.5,4095.3
2021-10-10,6467.5,0,6162.6,3891.6,3877.2,3877.2,3877.7,3884.4
2021-10-17,8282.9,0,6117.3,3819.4,3784.1,3784.1,3805.4,3785.1
2021-10-24,9198.5,0,6367.0,6872.3,6914.9,6914.9,6869.2,6959.2
2021-10-31,9883.8,0,6449.5,7065.7,7454.2,7454.2,7074.1,7062.9
2021-11-07,9803.8,0,6368.2,9084.3,9497.4,9497.4,9111.8,9155.7
2021-11-14,8911.3,0,6125.0,9336.2,9326.2,9326.2,9374.4,9517.1
2021-11-21,8421.6,0,5760.7,7105.0,7086.3,7086.3,7127.8,7103.6
2021-11-28,7946.2,0,5552.0,7473.5,7557.4,7557.4,7500.2,7506.3
2021-12-05,7762.7,0,5510.9,7469.5,7704.8,7704.8,7497.6,7501.9
2021-12-12,7772.9,0,5376.9,6768.7,6961.3,6961.3,6788.7,6701.8
2021-12-19,7788.3,0,5443.2,7213.0,7594.8,7594.8,7236.0,7182.4
2021-12-26,7845.4,0,5503.9,7130.5,7327.3,7327.3,7152.6,7077.6
2022-01-02,7719.6,0,5748.7,7786.8,7892.4,7892.4,7810.9,7779.1
2022-01-09,7743.2,0,6107.1,8224.3,8407.2,8407.2,8254.4,8241.4
2022-01-16,7890.4,0,6318.8,7922.0,7920.1,7920.1,7946.0,7972.3
2022-01-23,8130.4,0,6653.6,8288.1,8187.5,8187.5,8313.3,8361.9
2022-01-30,8453.1,0,6696.7,7158.1,6884.2,6884.2,7169.2,7162.6
2022-02-06,8528.9,0,6711.9,7872.2,7824.1,7824.1,7887.3,7931.8
2022-02-13,8634.3,0,6698.6,7937.3,7991.5,7991.5,7954.2,7946.4
2022-02-20,8788.0,0,6604.6,7678.2,7747.7,7747.7,7693.7,7735.2
2022-02-27,8987.6,0,6484.1,7489.9,7447.0,7447.0,7505.3,7591.4
2022-03-06,9355.6,0,6358.3,7546.9,7601.8,7601.8,7564.5,7645.8
2022-03-13,9750.3,0,6157.3,7465.5,7500.5,7500.5,7483.6,7498.6
2022-03-20,10055.5,0,6135.8,8113.4,8151.3,8151.3,8138.3,8140.1
2022-03-27,10358.0,0,6160.4,8588.1,8547.7,8547.7,8617.4,8555.6
2022-04-03,10411.2,0,6088.2,9321.1,9314.4,9314.4,9360.0,9338.3
2022-04-10,10340.4,0,5961.3,9580.0,9645.8,9645.8,9624.9,9574.8
2022-04-17,10045.6,0,5511.0,8219.1,8104.4,8104.4,8252.0,8241.7
2022-04-24,9455.5,0,5087.6,7723.1,7583.9,7583.9,7752.0,7718.5
2022-05-01,8726.2,0,4811.4,7667.3,7558.5,7558.5,7700.5,7678.8
2022-05-08,8529.5,0,4692.4,7735.7,7714.7,7714.7,7772.3,7774.6
2022-05-15,8257.2,0,4823.4,8122.0,8280.5,8280.5,8164.4,8231.0
2022-05-22,8235.5,0,4875.1,7369.0,7535.7,7535.7,7401.2,7475.6
2022-05-29,8695.2,0,5026.1,6973.5,7233.9,7233.9,6997.9,7062.9
2022-06-05,8617.2,1,5099.0,8645.6,8937.1,8239.7,7484.6,7488.4
2022-06-12,9120.4,1,5468.8,7421.7,7767.9,7478.7,6781.3,6858.8
2022-06-19,10425.7,1,6049.7,9044.5,9289.1,8244.5,8031.2,8071.2
2022-06-26,12852.5,1,6772.4,11142.7,11373.3,10133.7,10195.8,10168.4
2022-07-03,14547.1,1,7840.8,12661.3,13426.9,13012.7,12327.6,12343.0
2022-07-10,15702.6,1,8745.5,12676.1,12679.7,12314.2,13152.3,12968.0
2022-07-17,15672.9,1,9875.6,18200.9,18934.4,18070.6,19064.6,18855.6
2022-07-24,14180.9,1,10883.7,23928.1,24528.8,21538.8,22676.4,22913.8
2022-07-31,14038.7,1,11696.8,17670.6,17723.1,17946.3,17719.5,18355.5
2022-08-07,15504.5,1,12323.7,16218.8,15523.0,16414.7,16399.5,16825.8
2022-08-14,17245.0,1,12756.3,15595.4,15111.4,19392.5,17016.6,17693.4
2022-08-21,20388.3,1,13431.1,16195.5,15493.3,19725.2,17808.7,18481.8
2022-08-28,23428.3,1,13768.5,17323.7,17082.0,18981.8,17729.9,18373.1
2022-09-04,23094.5,1,13793.5,22594.1,23672.4,22179.8,21402.5,22468.2
2022-09-11,22203.6,1,11670.1,17337.8,17665.4,19240.9,16181.6,17335.5
2022-09-18,18531.6,1,9116.7,16250.2,16502.8,17903.0,14639.9,15609.2
2022-09-25,13949.2,1,7529.8,14414.5,15447.5,17570.0,13229.8,14145.7
2022-10-02,11106.5,0,6515.9,8671.9,9045.1,9045.1,8687.1,9040.2
2022-10-09,8183.5,0,6104.6,11749.3,12776.2,12776.2,11804.2,12345.6
2022-10-16,6917.8,0,6278.1,9707.3,10916.1,10916.1,9749.6,10023.1
2022-10-23,6334.2,0,6572.0,8387.7,8966.9,8966.9,8407.9,8640.4
2022-10-30,5685.2,0,6647.5,8332.5,8783.6,8783.6,8349.0,8540.3
2022-11-06,5387.0,0,6531.8,6017.1,6144.8,6144.8,6017.4,6088.4
2022-11-13,4948.6,0,6178.4,5381.4,5153.5,5153.5,5374.0,5383.2
2022-11-20,4574.6,0,5736.2,4771.7,4543.4,4543.4,4763.1,4722.1
2022-11-27,4577.2,0,5445.8,4597.0,4401.2,4401.2,4588.2,4504.7
2022-12-04,4504.5,0,5345.8,4818.2,4826.6,4826.6,4813.5,4717.8
2022-12-11,4517.3,0,5204.7,4109.6,4207.0,4207.0,4103.5,4002.6
2022-12-18,4475.5,0,5266.9,4277.2,4399.5,4399.5,4271.6,4240.4
2022-12-25,4194.9,0,5364.8,5288.1,5493.8,5493.8,5288.8,5366.2
2023-01-01,4304.7,0,5581.0,4513.8,4611.0,4611.0,4511.2,4549.9
2023-01-08,4592.5,0,5931.7,4763.7,4760.6,4760.6,4760.3,4788.5
2023-01-15,4933.9,0,6150.6,4688.6,4510.3,4510.3,4681.7,4653.1
2023-01-22,5503.4,0,6488.0,5133.8,4950.3,4950.3,5125.5,5065.4
2023-01-29,5619.0,0,6608.9,6238.9,6051.1,6051.1,6232.8,6195.3
2023-02-05,5979.3,0,6654.4,5468.5,5248.0,5248.0,5462.8,5371.5
2023-02-12,6537.7,0,6710.1,5671.3,5490.4,5490.4,5665.8,5599.6
2023-02-19,6746.8,0,6714.6,6346.8,6123.0,6123.0,6342.5,6322.1
2023-02-26,6946.8,0,6710.4,5954.2,5886.0,5886.0,5949.4,5907.3
2023-03-05,6980.6,0,6743.4,6963.4,6862.2,6862.2,6961.9,6911.9
2023-03-12,7513.4,0,6716.7,7654.6,7600.5,7600.5,7657.3,7563.4
2023-03-19,7906.7,0,6784.9,7120.1,7239.0,7239.0,7120.7,6988.6
2023-03-26,8226.1,0,6841.1,7032.6,7031.1,7031.1,7030.4,6885.0
2023-04-02,8798.2,0,6873.7,7293.8,7337.8,7337.8,7291.2,7123.5
2023-04-09,9122.6,0,6856.5,10281.7,10564.0,10564.0,10301.5,10224.1
2023-04-16,8957.8,0,6497.5,7806.6,8143.0,8143.0,7819.1,7671.0
2023-04-23,9429.2,0,6127.9,6853.6,7019.7,7019.7,6860.4,6773.5
2023-04-30,8761.8,0,5837.9,7407.1,7598.4,7598.4,7419.9,7411.5
2023-05-07,8112.8,0,5636.6,8769.1,9306.2,9306.2,8797.7,8872.5
2023-05-14,8410.9,0,5767.4,7187.3,7732.2,7732.2,7208.7,7198.8
2023-05-21,7928.8,0,5846.1,9727.5,10093.4,10093.4,9762.0,9878.9
2023-05-28,8252.4,0,6025.9,6268.6,6494.9,6494.9,6280.0,6221.2
2023-06-04,8173.5,1,6102.1,8570.0,8556.2,8252.2,7801.4,7821.4
2023-06-11,7330.4,1,6378.0,8984.0,8789.2,9141.6,8425.2,8410.7
2023-06-18,7423.4,1,6808.8,8551.1,8522.6,9424.1,8414.6,8399.5
2023-06-25,7298.7,1,7419.6,8596.3,8199.8,8721.5,8515.8,8430.9
2023-07-02,7863.8,1,8408.2,11290.6,11089.2,11270.8,11623.9,11497.4
2023-07-09,10247.4,1,9223.2,6989.0,6910.0,7728.7,7988.3,7832.8
2023-07-16,11623.6,1,10250.5,12688.8,12787.3,12669.7,13533.8,13245.6
2023-07-23,12947.7,1,11012.7,9452.7,9643.4,9919.5,11086.5,10934.5
2023-07-30,14087.3,1,11633.8,13093.0,12731.2,12138.9,13855.7,13717.0
2023-08-06,12595.0,1,12377.8,20447.6,19949.3,16997.3,20567.7,20221.1
2023-08-13,12135.7,1,13088.5,15416.5,14671.7,14903.1,17400.6,17464.9
2023-08-20,12651.1,1,14254.1,15383.2,13856.2,15608.6,17230.6,17254.0
2023-08-27,12227.1,1,15184.2,19657.8,17962.8,20049.2,21362.8,21083.5
2023-09-03,13351.3,1,15119.7,12241.6,11927.3,16238.8,14858.6,14745.4
2023-09-10,13461.4,1,13395.2,11783.1,10668.9,11550.4,12845.3,12829.8
2023-09-17,13274.1,1,10842.6,10471.1,9830.6,11187.5,11419.4,11084.2
2023-09-24,12458.3,1,9074.4,8426.8,8315.7,9772.0,9562.7,9552.7
2023-10-01,11153.4,0,7832.5,8804.1,8551.2,8551.2,8796.5,8942.7
2023-10-08,10051.2,0,7078.8,8284.1,8567.7,8567.7,8290.0,8400.0
2023-10-15,8177.5,0,6943.5,11494.2,12362.2,12362.2,11526.1,11791.2
2023-10-22,7421.8,0,6950.4,8592.5,8878.4,8878.4,8606.5,8731.1
2023-10-29,6696.7,0,6820.2,7788.2,7815.4,7815.4,7796.8,7876.4
2023-11-05,6335.8,0,6563.1,6868.3,6633.5,6633.5,6870.2,6874.0
2023-11-12,6117.6,0,6066.5,5593.4,5247.7,5247.7,5589.3,5575.1
2023-11-19,6025.7,0,5566.4,5644.0,5504.7,5504.7,5645.0,5635.8
2023-11-26,6270.8,0,5264.1,4795.5,4834.5,4834.5,4795.4,4760.5
2023-12-03,6358.8,0,5140.8,4975.3,5183.6,5183.6,4976.8,4994.0
2023-12-10,6426.3,0,5020.2,5189.6,5306.0,5306.0,5192.4,5214.2
2023-12-17,6175.8,0,5069.7,7103.0,7361.5,7361.5,7118.9,7154.4
2023-12-24,5982.6,0,5082.4,6703.1,6864.7,6864.7,6720.5,6758.8
2023-12-31,6086.3,0,5180.6,6068.9,5984.5,5984.5,6080.5,6073.0
2024-01-07,6295.0,0,5435.1,6474.7,6364.8,6364.8,6487.7,6491.6
2024-01-14,6415.7,0,5626.1,6196.1,5938.4,5938.4,6200.7,6286.7
2024-01-21,6964.4,0,5986.5,7157.3,6818.4,6818.4,7165.2,7209.2
2024-01-28,7571.7,0,6145.1,6891.1,6483.4,6483.4,6895.6,6973.3
2024-02-04,8278.1,0,6300.4,6963.9,6514.2,6514.2,6967.4,7043.3
2024-02-11,9315.2,0,6460.3,6728.3,6440.4,6440.4,6732.6,6775.5
2024-02-18,9922.1,0,6485.4,8863.4,8663.0,8663.0,8878.3,8957.4
2024-02-25,10601.4,0,6537.3,8933.8,8637.7,8637.7,8957.7,8933.8
2024-03-03,11107.9,0,6593.3,9328.5,9042.4,9042.4,9356.8,9396.0
2024-03-10,11740.9,0,6670.7,9891.9,9567.4,9567.4,9925.2,10010.3
2024-03-17,12930.0,0,6853.1,10463.8,10331.4,10331.4,10503.2,10631.8
2024-03-24,14063.2,0,7035.6,10552.0,10421.6,10421.6,10587.9,10768.9
2024-03-31,14782.2,0,7272.2,11352.1,10998.1,10998.1,11393.9,11547.4
2024-04-07,15004.5,0,7386.4,12618.2,12226.6,12226.6,12666.3,12833.6
2024-04-14,14256.0,0,7154.7,14341.1,13983.5,13983.5,14406.0,14586.9
2024-04-21,13234.7,0,7028.9,13850.8,13852.8,13852.8,13918.1,13996.6
2024-04-28,11145.5,0,6705.2,11713.8,11717.9,11717.9,11759.5,11787.3
2024-05-05,9371.3,0,6569.0,11412.1,11371.2,11371.2,11455.8,11486.7
2024-05-12,7840.8,0,6766.2,12134.7,12402.4,12402.4,12189.6,12252.5
2024-05-19,6613.7,0,6747.8,10601.1,10608.8,10608.8,10641.3,10731.6
2024-05-26,6698.2,0,6940.9,6250.8,6268.8,6268.8,6258.3,6185.2
2024-06-02,6900.5,1,6854.4,6938.7,6664.2,6901.7,6825.2,6828.2
2024-06-09,7486.5,1,6795.1,6279.4,6160.6,6484.4,6420.5,6428.9
2024-06-16,8266.8,1,6984.9,7054.9,6985.2,6992.3,7301.9,7249.9
2024-06-23,9373.2,1,7268.4,6915.3,6930.1,7339.4,7592.5,7502.1
2024-06-30,10365.4,1,8032.1,9593.3,9688.3,9557.3,10233.8,10071.0
2024-07-07,11146.9,1,9058.4,11933.3,12162.8,12123.6,12811.5,12602.0
2024-07-14,12683.5,1,9974.5,13436.0,14661.4,15566.0,14507.0,14525.0
2024-07-21,14446.3,1,10679.5,14366.5,15215.5,15379.2,15083.1,15170.1
2024-07-28,15898.7,1,11470.3,14180.6,13984.3,14458.7,15337.0,15393.4
2024-08-04,17542.9,1,11965.0,13123.1,12366.8,12081.7,14332.5,14375.1
2024-08-11,19168.8,1,12846.8,18230.5,16443.6,16237.2,18395.7,18408.0
2024-08-18,21210.2,1,14693.6,22309.1,20886.7,21394.1,22748.4,22728.4
2024-08-25,23152.0,1,16045.6,19886.0,18320.3,18730.5,21173.4,20843.9
2024-09-01,24882.1,1,16751.3,22721.4,21724.5,22826.7,23614.4,23221.4
2024-09-08,25911.4,1,15513.7,22519.4,22104.4,21124.7,22607.9,22056.6
2024-09-15,24829.6,1,12798.9,17921.6,17214.8,18822.2,18941.3,18315.3
2024-09-22,23519.9,1,10609.2,19552.5,21348.2,32403.4,21211.7,20522.8
2024-09-29,20878.7,1,9008.3,13843.1,14877.5,21168.8,15693.6,15330.6
2024-10-06,16711.3,0,7923.0,17415.7,19160.1,19160.1,17499.5,17556.9
2024-10-13,13163.8,0,7517.1,16962.6,18858.0,18858.0,17060.6,17069.2
2024-10-20,9891.6,0,7419.1,17522.3,18922.1,18922.1,17615.6,17889.0
2024-10-27,8445.6,0,7216.8,11665.2,11724.7,11724.7,11700.2,11775.1
2024-11-03,8584.3,0,6957.4,8805.2,8506.0,8506.0,8813.3,8848.6
2024-11-10,8732.3,0,6473.5,7468.3,7025.8,7025.8,7464.0,7509.5
2024-11-17,9038.7,0,6064.3,6637.3,6276.9,6276.9,6625.8,6670.5
2024-11-24,9858.5,0,5891.7,6899.6,6794.4,6794.4,6897.4,6887.1
2024-12-01,10173.1,0,5829.9,8993.2,8974.9,8974.9,9003.7,9119.9
2024-12-08,11505.3,0,5820.3,8434.7,8623.9,8623.9,8447.6,8520.5
2024-12-15,13067.6,0,5856.9,8658.1,8790.1,8790.1,8672.2,8852.4
2024-12-22,13893.2,0,5871.9,10131.8,10599.5,10599.5,10165.2,10426.4
2024-12-29,14366.4,0,6036.3,10074.3,10476.8,10476.8,10109.9,10266.2
2025-01-05,14121.3,0,6337.8,15378.5,16000.8,16000.8,15462.5,15844.4
2025-01-12,14023.4,0,6591.9,13584.1,13929.8,13929.8,13658.7,13874.3
2025-01-19,14144.1,0,7143.0,14267.2,14334.0,14334.0,14340.6,14537.6
2025-01-26,14434.9,0,7514.4,12845.0,12567.5,12567.5,12892.6,13049.8
2025-02-02,14709.4,0,7928.7,14926.7,15100.4,15100.4,14987.7,15233.3
2025-02-09,14873.2,0,8384.3,15153.7,15110.1,15110.1,15218.4,15443.8
2025-02-16,14559.0,0,8560.4,13953.3,13678.3,13678.3,13999.8,14177.7
2025-02-23,14482.2,0,8748.0,12669.3,12614.0,12614.0,12711.5,12915.2
2025-03-02,13618.8,0,8890.8,14298.7,14259.8,14259.8,14345.5,14672.6
2025-03-09,13247.4,0,9110.6,13952.9,13751.0,13751.0,13996.5,14269.2
2025-03-16,12544.1,0,9459.1,13174.5,13085.1,13085.1,13208.5,13359.8
2025-03-23,11597.6,0,9863.7,14199.0,13804.5,13804.5,14232.1,14407.7
2025-03-30,10677.8,0,10278.2,13270.1,13039.0,13039.0,13292.0,13399.8
2025-04-06,9314.3,0,10335.6,14178.1,13795.5,13795.5,14196.9,14355.1
2025-04-13,8379.4,0,9814.5,10085.7,9941.7,9941.7,10088.7,10102.0
2025-04-20,7442.0,0,9366.1,9099.5,8832.7,8832.7,9092.4,9083.5
2025-04-27,6716.2,0,8381.1,6885.0,6796.6,6796.6,6874.6,6869.7
2025-05-04,6089.5,0,7741.3,6616.6,6635.8,6635.8,6607.1,6606.3
2025-05-11,5989.8,0,7529.6,6348.7,6463.0,6463.0,6343.4,6353.1
2025-05-18,6126.8,0,7122.4,4994.3,5062.4,5062.4,4984.1,4972.4
2025-05-25,6571.3,0,7182.9,5752.9,5848.5,5848.5,5746.6,5772.4
2025-06-01,7070.1,1,7112.9,5604.1,5690.1,5655.0,5356.4,5397.7
2025-06-08,7190.3,1,7082.0,6461.9,6516.8,6232.4,6148.9,6149.9
2025-06-15,7989.1,1,7455.4,6897.9,7046.2,6897.1,6755.5,6735.6
2025-06-22,9305.8,1,7999.4,8441.1,8376.2,7776.9,8340.4,8280.4
2025-06-29,9826.8,1,8983.5,9748.8,9718.2,9064.7,9957.0,9869.8
2025-07-06,11253.8,1,10276.3,9709.2,9814.8,9717.0,10370.9,10241.1
2025-07-13,12704.5,1,11423.2,13172.3,13413.7,12437.8,13143.9,12958.2
2025-07-20,12531.1,1,12482.4,16657.7,17360.8,14882.2,16126.2,16112.3
2025-07-27,13133.9,1,13384.8,11405.7,11597.6,11790.6,12972.9,12904.2
2025-08-03,13039.5,1,13808.5,14896.6,14550.9,14877.5,15845.7,15639.3
2025-08-10,13138.4,1,14800.2,18389.4,18565.8,19904.3,18848.4,18735.8
2025-08-17,13350.1,1,16485.8,14726.3,14758.9,17277.1,16242.5,16233.7
2025-08-24,13620.7,1,17542.1,14938.2,14433.7,16790.1,16187.2,15993.4
2025-08-31,13343.8,1,18243.4,16162.6,15717.6,17775.8,17054.7,16805.9
2025-09-07,12418.4,1,17054.8,16193.3,15265.3,15550.0,16739.6,16338.9
2025-09-14,11945.0,1,14052.6,9172.7,8623.1,10559.1,10858.4,10536.6
2025-09-21,10168.9,1,11880.3,9388.1,9311.7,11802.2,11054.2,10720.4
2025-09-28,8563.8,1,10143.0,7766.7,8096.4,11470.8,9347.1,9182.1
2025-10-05,7738.1,0,8675.7,7647.5,8307.3,8307.3,7634.2,7666.3
2025-10-12,7862.9,0,7987.4,8132.6,8867.1,8867.1,8129.1,8196.1
2025-10-19,8899.1,0,7514.3,6561.1,6729.2,6729.2,6555.1,6582.7
2025-10-26,10139.5,0,7137.2,6316.5,6145.7,6145.7,6309.3,6382.7
2025-11-02,10696.9,0,6875.0,9274.7,8993.7,8993.7,9281.6,9490.9
2025-11-09,10978.7,0,6426.8,8210.8,7803.9,7803.9,8218.0,8353.6
2025-11-16,10588.4,0,6114.3,8995.5,8498.9,8498.9,9006.9,9176.2
2025-11-23,10175.2,0,6041.5,8840.2,8346.4,8346.4,8858.1,8941.9
2025-11-30,9686.7,0,5998.6,9649.3,9005.5,9005.5,9671.2,9764.3
2025-12-07,9395.5,0,6105.1,9733.7,9373.0,9373.0,9760.4,9840.2
2025-12-14,9350.6,0,6299.1,8950.8,8840.3,8840.3,8970.5,9027.4
2025-12-21,9218.4,0,6399.6,9261.8,9444.4,9444.4,9278.7,9342.9
2025-12-28,9538.0,0,6662.3,9639.1,9946.7,9946.7,9658.6,9717.8
2026-01-04,9669.2,0,6983.9,9645.1,9880.1,9880.1,9663.0,9708.3
2026-01-11,9644.0,0,7236.3,9448.7,9514.0,9514.0,9464.2,9513.1
2026-01-18,9551.7,0,7831.6,10214.5,10188.4,10188.4,10231.8,10249.2
2026-01-25,9170.7,0,8249.4,11225.6,11170.4,11170.4,11247.6,11303.7
2026-02-01,9095.0,0,8749.7,10425.6,10341.0,10341.0,10442.7,10481.7
2026-02-08,8906.2,0,9301.6,10267.4,10122.8,10122.8,10277.8,10354.8
2026-02-15,8792.0,0,9505.8,9033.2,8797.9,8797.9,9030.7,9069.7
2026-02-22,8500.7,0,9751.9,10104.5,9941.9,9941.9,10100.6,10141.1
2026-03-01,7948.1,0,9837.3,10164.0,9944.2,9944.2,10159.7,10151.7
2026-03-08,7923.4,0,10098.3,8712.5,8491.0,8491.0,8705.5,8634.5
2026-03-15,7580.8,0,10335.7,9170.4,8990.1,8990.1,9163.6,9101.7
2026-03-22,7525.5,0,10491.3,8593.4,8522.1,8522.1,8584.5,8532.0
2026-03-29,7371.4,0,10508.3,8295.8,8269.5,8269.5,8284.5,8199.8
2026-04-05,7269.1,0,10129.4,8262.1,8010.3,8010.3,8248.5,8155.2
2026-04-12,6907.5,0,9356.8,6719.0,6582.3,6582.3,6706.1,6576.8
2026-04-19,6204.4,0,8710.5,7222.6,7000.4,7000.4,7209.2,7085.3
2026-04-26,5807.3,0,7712.3,5848.5,5798.3,5798.3,5837.3,5732.0
2026-05-03,5289.5,0,7158.2,6067.7,6138.2,6138.2,6059.1,5990.4
2026-05-10,5432.5,0,7031.4,4992.5,5079.5,5079.5,4984.0,4913.3
2026-05-17,5683.1,0,6777.6,4377.7,4438.4,4438.4,4366.1,4310.1
2026-05-24,5918.3,0,7005.3,6347.9,6629.4,6629.4,6342.4,6320.0
2026-05-31,5694.2,0,7020.0,6076.1,6361.0,6361.0,6069.1,6053.8
2026-06-07,5115.3,1,6929.8,7602.7,7982.2,8052.0,7719.7,7604.2
2026-06-14,5251.7,1,7323.9,6159.4,6588.1,7619.9,6700.2,6689.2
2026-06-21,4895.5,1,7916.2,7105.1,7234.8,7944.2,7558.5,7551.0
2026-06-28,5435.1,1,8779.6,6390.9,6468.3,6946.0,6868.0,6914.0
2026-07-05,6861.5,1,10192.8,6160.1,6401.2,6847.1,6583.9,6675.0
2026-07-12,7760.0,1,11367.1,8940.1,9234.9,9382.1,9264.3,9280.2
2026-07-19,9464.5,1,12113.6,6636.2,7072.9,8007.4,7924.4,8032.5
2026-07-26,10301.7,1,12800.7,9421.0,9801.2,11512.7,10412.5,10371.6
2026-08-02,10379.3,1,12951.5,11860.9,12237.2,13688.7,12850.6,12705.2
2026-08-09,10672.5,1,13643.0,11400.5,11842.3,14238.5,12684.8,12621.4
2026-08-16,11027.6,1,14916.3,14521.7,14990.5,16748.3,14693.3,14720.3
2026-08-23,11940.9,1,15739.7,12344.6,12356.5,13726.3,12541.5,12639.8
2026-08-30,12876.8,1,16002.6,12236.8,12091.4,12385.2,11926.8,12088.9
2026-09-06,13164.7,1,14995.0,10503.7,10309.7,10364.2,10034.5,10167.7
