origin,actual,summer,normal_fwd,an_ridge_all,an_ridge_summer,an_sparse_summer,an_huber_summer
2016-01-31,7855.7,0,5490.2,7345.5,7345.5,6800.3,6709.4
2016-02-29,10474.4,0,6080.7,7860.6,7860.6,8199.2,8112.9
2016-03-31,15020.4,0,5244.9,8399.3,8399.3,8653.4,8555.2
2016-04-30,10669.5,0,4135.1,12871.6,12871.6,12208.8,11913.3
2016-05-31,5306.8,0,4075.6,7303.3,7303.3,7065.7,6947.3
2016-06-30,6772.3,1,5681.5,4777.6,5811.1,4945.7,4929.8
2016-07-31,13983.3,1,7919.2,13057.1,11248.1,8947.6,9330.3
2016-08-31,18617.3,1,6968.1,12098.1,8747.4,10579.5,11419.8
2016-09-30,8461.2,1,4275.5,10986.9,7339.2,7962.0,7986.5
2016-10-31,7965.5,0,4316.3,6700.0,6700.0,6406.2,6412.2
2016-11-30,8676.9,0,4018.2,6488.3,6488.3,6539.2,6587.6
2016-12-31,8909.1,0,4322.8,8658.5,8658.5,8694.2,8432.2
2017-01-31,9163.3,0,5385.9,8655.6,8655.6,8683.3,8616.6
2017-02-28,7947.6,0,6225.3,8054.3,8054.3,8455.8,8431.8
2017-03-31,6248.7,0,6714.7,6512.3,6512.3,6524.7,6552.1
2017-04-30,3757.0,0,5723.5,6689.6,6689.6,6564.5,6461.7
2017-05-31,3472.5,0,4875.3,3596.5,3596.5,3270.0,3215.3
2017-06-30,8249.9,1,5771.2,3577.9,4272.2,3869.6,3800.6
2017-07-31,13592.7,1,8595.4,15757.1,12994.2,14464.5,14586.8
2017-08-31,14296.5,1,8836.1,13217.0,9290.4,11399.6,11817.2
2017-09-30,6399.0,1,4883.5,6603.1,4039.9,5278.4,5557.9
2017-10-31,4920.8,0,5390.9,4444.7,4444.7,4141.4,4107.0
2017-11-30,5355.8,0,5221.2,4673.2,4673.2,4626.7,4659.7
2017-12-31,5477.4,0,5479.8,4708.5,4708.5,4826.0,4868.4
2018-01-31,8145.4,0,6097.5,7119.9,7119.9,7374.9,7409.1
2018-02-28,8001.0,0,6181.1,7107.0,7107.0,7263.4,7455.3
2018-03-31,7113.5,0,6154.1,7706.9,7706.9,8154.9,8039.1
2018-04-30,4732.3,0,5479.1,5954.5,5954.5,5869.9,5855.1
2018-05-31,4098.7,0,4656.5,4776.0,4776.0,4816.0,4961.6
2018-06-30,8013.0,1,6284.0,6095.0,5342.2,6038.0,6030.3
2018-07-31,15436.7,1,9754.0,13699.0,14246.2,14567.4,14765.2
2018-08-31,9673.1,1,9249.1,14218.7,19594.5,16378.8,16112.5
2018-09-30,5723.7,1,4565.1,3067.7,4342.1,3387.2,3657.4
2018-10-31,5063.8,0,5022.8,8273.4,8273.4,7812.6,8220.4
2018-11-30,3663.0,0,4640.4,3947.0,3947.0,4226.1,4320.1
2018-12-31,2851.4,0,4958.5,3397.4,3397.4,3453.3,3416.2
2019-01-31,2787.6,0,5938.2,3252.7,3252.7,3443.1,3356.8
2019-02-28,2484.4,0,6070.1,2713.4,2713.4,2751.1,2645.9
2019-03-31,2578.7,0,6002.7,2868.9,2868.9,2877.7,2785.6
2019-04-30,3298.8,0,5188.8,2372.3,2372.3,2397.6,2358.7
2019-05-31,5580.5,0,4595.1,4233.5,4233.5,4164.2,4091.4
2019-06-30,5866.2,1,6725.6,8836.6,9288.7,8127.0,8099.7
2019-07-31,6879.9,1,10487.6,7702.8,7745.7,7694.0,7893.5
2019-08-31,14852.8,1,9420.3,8251.8,8437.1,7735.9,7875.8
2019-09-30,13417.5,1,4802.3,9950.8,10728.0,8670.4,8804.0
2019-10-31,8917.2,0,4944.5,10378.6,10378.6,10191.5,10599.9
2019-11-30,8605.3,0,4435.6,6443.3,6443.3,7042.7,7144.5
2019-12-31,8857.1,0,4701.7,8035.4,8035.4,8097.0,8081.7
2020-01-31,9023.0,0,5882.5,9359.6,9359.6,9201.0,9031.4
2020-02-29,8383.1,0,5958.1,8074.5,8074.5,8415.1,8353.2
2020-03-31,8811.0,0,6117.6,7467.8,7467.8,7705.6,7600.5
2020-04-30,10216.5,0,5367.2,9917.0,9917.0,9404.3,9652.4
2020-05-31,7476.9,0,4898.6,8822.3,8822.3,8841.8,8970.8
2020-06-30,9966.5,1,6867.8,8985.4,7736.7,9387.4,9127.5
2020-07-31,16335.5,1,10998.8,14553.6,10576.3,11158.7,11601.0
2020-08-31,23605.7,1,11334.1,17764.2,14957.8,18687.2,19077.6
2020-09-30,10322.0,1,5955.3,12967.5,13588.9,11974.3,13361.3
2020-10-31,6120.8,0,6109.6,5605.4,5605.4,6056.6,6374.7
2020-11-30,3748.8,0,5560.7,5018.3,5018.3,4792.3,4741.0
2020-12-31,4669.1,0,5923.1,3445.7,3445.7,3449.7,3410.7
2021-01-31,7681.2,0,6933.1,6604.5,6604.5,6857.0,6802.1
2021-02-28,9338.1,0,6676.0,8139.2,8139.2,8052.3,7925.4
2021-03-31,9437.9,0,6728.3,9120.1,9120.1,9086.7,9106.5
2021-04-30,5534.3,0,5410.3,7338.1,7338.1,7139.6,7148.8
2021-05-31,5640.8,0,4956.1,5902.5,5902.5,5746.3,5892.1
2021-06-30,5004.8,1,7889.8,6798.8,6485.8,6734.7,6935.7
2021-07-31,9079.6,1,13137.2,14109.6,13817.3,14181.5,13432.7
2021-08-31,11752.8,1,14894.6,9087.1,9210.8,10691.3,10438.1
2021-09-30,5704.1,1,7072.5,4528.5,5904.3,5019.5,5087.4
2021-10-31,9883.8,0,6449.5,7454.2,7454.2,7074.1,7062.9
2021-11-30,7860.2,0,5586.8,7747.2,7747.2,7712.8,7698.0
2021-12-31,7696.0,0,5699.0,7725.2,7725.2,7603.0,7579.5
2022-01-31,8436.7,0,6682.8,6842.3,6842.3,7067.9,7057.7
2022-02-28,9055.8,0,6471.7,7399.0,7399.0,7431.8,7515.8
2022-03-31,10423.0,0,6134.5,9053.2,9053.2,9141.3,9095.9
2022-04-30,8726.2,0,4811.4,7565.7,7565.7,7704.0,7680.9
2022-05-31,8629.9,0,5044.4,7589.6,7589.6,7328.2,7398.8
2022-06-30,14225.3,1,7487.1,13190.1,12372.8,11932.8,11945.7
2022-07-31,14038.7,1,11696.8,17723.1,17946.3,17719.5,18355.5
2022-08-31,23601.1,1,13632.9,20704.9,20968.8,19917.7,20712.9
2022-09-30,11514.7,1,6685.8,9504.2,13668.9,9347.8,9965.5
2022-10-31,5608.5,0,6657.1,8542.8,8542.8,8080.5,8267.9
2022-11-30,4633.7,0,5461.4,4899.8,4899.8,5140.4,5060.0
2022-12-31,4304.7,0,5581.0,4604.6,4604.6,4491.6,4536.9
2023-01-31,5613.5,0,6603.4,6255.0,6255.0,6539.6,6508.0
2023-02-28,7006.8,0,6735.1,6067.9,6067.9,6113.9,6054.4
2023-03-31,8751.0,0,6883.8,6954.2,6954.2,6885.4,6720.7
2023-04-30,8761.8,0,5837.9,7598.4,7598.4,7419.9,7411.5
2023-05-31,8291.9,0,6053.8,7816.6,7816.6,7764.1,7774.1
2023-06-30,7676.1,1,8284.4,11713.9,11805.9,12069.9,11948.9
2023-07-31,13920.3,1,11720.8,12862.7,12484.4,14048.5,13914.3
2023-08-31,13079.8,1,15029.0,14136.6,18037.4,17128.8,16999.7
2023-09-30,11153.4,1,7832.5,8533.2,11506.4,9736.3,9780.3
2023-10-31,6531.0,0,6739.5,7027.4,7027.4,7037.5,7059.2
2023-11-30,6390.4,0,5232.8,4529.8,4529.8,4374.9,4346.3
2023-12-31,6086.3,0,5180.6,5984.5,5984.5,6080.5,6073.0
2024-01-31,7868.7,0,6183.9,6757.9,6757.9,7132.3,7211.8
2024-02-29,10944.3,0,6573.6,9080.0,9080.0,9403.2,9416.3
2024-03-31,14782.2,0,7272.2,10998.1,10998.1,11393.9,11547.4
2024-04-30,10590.4,0,6681.0,11315.3,11315.3,11355.0,11388.3
2024-05-31,6768.1,0,6829.3,6669.9,6669.9,6908.4,6950.5
2024-06-30,10365.4,1,8032.1,9688.3,9557.3,10233.8,10071.0
2024-07-31,16715.7,1,11717.6,11893.6,12032.1,13624.5,13725.6
2024-08-31,24714.3,1,16751.3,21258.8,22267.3,23293.4,22892.4
2024-09-30,20324.0,1,8720.8,13497.5,19748.7,14557.2,14246.0
2024-10-31,8651.5,0,7027.6,9095.4,9095.4,9312.2,9350.1
2024-11-30,10173.1,0,5829.9,8951.2,8951.2,8973.8,9095.5
2024-12-31,14273.8,0,6109.8,11605.5,11605.5,11196.6,11383.5
2025-01-31,14712.7,0,7840.0,13958.5,13958.5,13978.7,14206.1
2025-02-28,13829.7,0,8872.6,14128.0,14128.0,14171.3,14505.4
2025-03-31,10443.0,0,10292.8,12957.6,12957.6,13154.3,13271.1
2025-04-30,6332.7,0,8096.7,6896.7,6896.7,6978.6,6972.4
2025-05-31,7070.1,0,7112.9,5685.9,5685.9,5580.3,5631.4
2025-06-30,9983.0,1,9180.0,10369.2,9713.5,10503.6,10398.9
2025-07-31,13303.7,1,13666.9,12305.4,12834.4,13777.9,13625.1
2025-08-31,13343.8,1,18243.4,15717.6,17775.8,17054.7,16805.9
2025-09-30,8560.2,1,9475.8,7696.9,10921.0,8768.1,8643.4
2025-10-31,10851.0,0,6915.2,9146.9,9146.9,9504.3,9718.9
2025-11-30,9686.7,0,5998.6,9005.5,9005.5,9671.2,9764.3
2025-12-31,9586.8,0,6788.0,9638.8,9638.8,9250.5,9300.7
2026-01-31,9095.0,0,8749.7,10303.8,10303.8,10427.3,10469.9
2026-02-28,7948.1,0,9837.3,9917.4,9917.4,10158.3,10150.8
2026-03-31,7103.9,0,10351.6,8658.6,8658.6,8763.4,8674.3
2026-04-30,5688.2,0,7364.5,5580.1,5580.1,5548.6,5466.1
