subset,model,n,MAE,MAPE%,RMSE,bias
all_2016_2025,naive_last28,518,2511.14,27.97,3609.04,-198.91
all_2016_2025,seasonal_naive,518,4386.53,54.39,5679.28,-755.02
all_2016_2025,price_only_ridge,518,1653.95,17.08,2378.29,-890.57
all_2016_2025,chronos2,518,1590.14,17.28,2250.26,-461.65
all_2016_2025,mstl_arima,518,1626.32,18.06,2286.85,-282.40
all_2016_2025,mstl_ets,518,1613.08,17.88,2268.93,-163.70
all_2016_2025,wx_ridge,518,1686.47,18.18,2344.95,-605.60
all_2016_2025,wx_hgb,518,1610.49,16.30,2406.37,-783.87
all_2016_2025,wx_hgb_summer,518,1630.04,16.69,2398.17,-684.26
all_2016_2025,wx_hgb_w,518,1677.80,16.94,2521.53,-801.18
all_2016_2025,wx_ens,518,1561.33,16.06,2282.27,-761.85
all_2021_2025,naive_last28,261,2498.07,25.67,3504.21,-274.29
all_2021_2025,seasonal_naive,261,4125.20,42.99,5705.12,-380.77
all_2021_2025,price_only_ridge,261,1725.81,16.05,2399.69,-986.86
all_2021_2025,chronos2,261,1572.30,15.56,2115.12,-469.27
all_2021_2025,mstl_arima,261,1683.81,16.75,2304.42,-122.81
all_2021_2025,mstl_ets,261,1684.83,16.78,2308.77,-125.67
all_2021_2025,wx_ridge,261,1715.46,16.61,2360.90,-710.06
all_2021_2025,wx_hgb,261,1619.92,15.22,2257.19,-890.63
all_2021_2025,wx_hgb_summer,261,1623.38,15.41,2224.89,-845.05
all_2021_2025,wx_hgb_w,261,1671.15,15.66,2370.44,-899.70
all_2021_2025,wx_ens,261,1591.21,15.04,2193.87,-859.11
summer_origin_2016_2025,naive_last28,174,3477.86,29.10,4325.56,-2106.10
summer_origin_2016_2025,seasonal_naive,174,5341.61,45.01,6838.79,-2336.22
summer_origin_2016_2025,price_only_ridge,174,2593.77,20.53,3368.38,-1658.38
summer_origin_2016_2025,chronos2,174,2384.28,19.34,3117.26,-1186.18
summer_origin_2016_2025,mstl_arima,174,2269.71,18.54,3055.99,-883.65
summer_origin_2016_2025,mstl_ets,174,2261.61,18.80,3018.61,-779.40
summer_origin_2016_2025,wx_ridge,174,2554.43,21.37,3287.15,-853.78
summer_origin_2016_2025,wx_hgb,174,2511.40,19.01,3466.24,-1535.41
summer_origin_2016_2025,wx_hgb_summer,174,2569.59,20.17,3449.28,-1238.87
summer_origin_2016_2025,wx_hgb_w,174,2607.50,19.78,3626.23,-1583.68
summer_origin_2016_2025,wx_ens,174,2399.88,18.67,3237.18,-1385.67
summer_origin_2021_2025,naive_last28,87,3028.10,23.88,3862.61,-2070.60
summer_origin_2021_2025,seasonal_naive,87,5389.38,43.19,7024.66,-1531.22
summer_origin_2021_2025,price_only_ridge,87,2605.65,19.74,3360.72,-1308.95
summer_origin_2021_2025,chronos2,87,2248.52,17.70,2872.38,-843.14
summer_origin_2021_2025,mstl_arima,87,2284.21,18.43,2967.94,-221.77
summer_origin_2021_2025,mstl_ets,87,2295.18,18.52,2975.42,-246.09
summer_origin_2021_2025,wx_ridge,87,2507.42,19.87,3251.93,-472.02
summer_origin_2021_2025,wx_hgb,87,2260.57,16.55,3093.40,-967.34
summer_origin_2021_2025,wx_hgb_summer,87,2270.95,17.11,3022.38,-830.62
summer_origin_2021_2025,wx_hgb_w,87,2358.02,17.24,3287.01,-1018.18
summer_origin_2021_2025,wx_ens,87,2232.98,16.69,2980.78,-869.72
