origin,target_start,target_end,lp28,actual,summer,naive_last28,seasonal_naive,price_only_ridge,chronos2,chronos2_q10,chronos2_q90,mstl_arima,mstl_ets,wx_ridge,wx_hgb,wx_hgb_summer,wx_hgb_w,wx_ens
2016-01-31,2016-02-01,2016-02-28,8.6,7855.7,0,5445.7,2901.4,7661.1,5140.7,3268.0,7824.8,5866.8,5866.6,5722.9,7632.9,7632.9,8151.6,7087.9
2016-02-29,2016-03-01,2016-03-28,9.0,10474.4,0,7957.3,3704.5,8738.8,8037.3,4962.3,11774.1,8610.9,8610.7,7855.9,8642.1,8642.1,9022.9,8492.8
2016-03-31,2016-04-01,2016-04-28,9.3,15020.4,0,10698.6,4755.5,10208.9,10530.7,6618.9,16130.1,9791.5,9791.4,10386.0,8811.5,8811.5,7788.2,8932.6
2016-04-30,2016-05-01,2016-05-28,9.6,10669.5,0,15059.0,5187.2,11720.1,11280.8,7368.7,16613.4,9944.3,11406.6,12505.1,12141.8,12141.8,10844.7,11808.5
2016-05-31,2016-06-01,2016-06-28,9.2,5306.8,0,9945.7,9309.0,5671.1,6820.8,4459.5,9411.5,7292.8,8957.8,5657.2,6467.1,6467.1,7033.0,6360.4
2016-06-30,2016-07-01,2016-07-28,8.6,6772.3,1,5190.3,6965.6,4786.3,5426.2,3453.2,7590.3,6401.3,7286.0,3934.2,5879.7,4516.5,5773.4,5111.5
2016-07-31,2016-08-01,2016-08-28,8.8,13983.3,1,6919.8,5695.9,8589.4,8449.2,5705.6,11496.0,9703.1,9716.0,9475.0,9315.4,7542.6,7761.6,8815.4
2016-08-31,2016-09-01,2016-09-28,9.6,18617.3,1,15193.3,6754.7,17033.7,19286.9,13530.8,24484.0,13838.8,14546.5,27927.7,15553.7,16546.4,17382.1,19618.1
2016-09-30,2016-10-01,2016-10-28,9.8,8461.2,1,18631.3,5830.7,15483.5,16171.6,12016.5,19809.2,9572.9,11290.0,19868.9,11624.6,15221.2,13845.4,14732.9
2016-10-31,2016-11-01,2016-11-28,8.9,7965.5,0,7508.9,3727.7,5432.1,7186.0,4014.8,10622.0,6689.3,8139.1,7383.7,6024.7,6024.7,5446.6,6234.2
2016-11-30,2016-12-01,2016-12-28,9.0,8676.9,0,8069.2,4564.3,7416.0,9726.3,6301.9,13217.4,7065.9,7727.3,6490.8,9030.5,9030.5,8024.5,7777.0
2016-12-31,2017-01-01,2017-01-28,9.1,8909.1,0,8721.4,3625.4,8967.9,10844.2,7941.5,13759.9,8594.4,9717.7,7415.5,10399.7,10399.7,9851.2,9124.7
2017-01-31,2017-02-01,2017-02-28,9.1,9163.3,0,8858.5,5530.0,8140.9,9096.5,6545.7,12003.7,8944.3,10439.4,7704.4,8524.1,8524.1,8669.5,8288.2
2017-02-28,2017-03-01,2017-03-28,9.1,7947.6,0,9156.8,8140.4,8474.8,9495.2,7419.7,12192.9,9853.4,11160.8,8397.9,9773.6,9773.6,10043.3,9376.4
2017-03-31,2017-04-01,2017-04-28,8.9,6248.7,0,7631.8,10726.8,5787.0,5957.3,4044.2,8396.4,7941.9,8812.8,7023.1,7232.9,7232.9,7831.3,7354.6
2017-04-30,2017-05-01,2017-05-28,8.7,3757.0,0,6128.6,15059.0,5685.0,4882.8,3115.0,7333.1,5496.3,5639.9,5554.0,6715.2,6715.2,6810.8,6333.2
2017-05-31,2017-06-01,2017-06-28,8.2,3472.5,0,3483.9,9663.4,2864.4,3715.5,2478.3,5716.9,3230.8,3149.0,2712.6,3741.3,3741.3,3625.3,3326.0
2017-06-30,2017-07-01,2017-07-28,8.1,8249.9,1,3442.5,5171.6,4127.3,5307.9,3819.3,7102.5,5148.8,4513.1,3550.9,4034.5,4999.2,4649.5,4053.7
2017-07-31,2017-08-01,2017-08-28,9.0,13592.7,1,8051.1,7091.1,11628.7,8858.0,6805.0,11167.8,12221.7,11475.1,12566.9,11259.4,11436.6,11384.1,11722.3
2017-08-31,2017-09-01,2017-09-28,9.6,14296.5,1,14125.5,15607.9,12503.3,8631.6,6161.8,11441.6,11612.2,12992.9,14668.4,16597.4,19802.1,16222.2,15806.8
2017-09-30,2017-10-01,2017-10-28,9.5,6399.0,1,14042.3,18286.3,9014.7,8658.5,5076.1,12949.3,7217.9,7819.5,7037.3,7751.2,8271.6,7951.2,7569.6
2017-10-31,2017-11-01,2017-11-28,8.4,4920.8,0,4367.6,7203.4,3297.0,4551.4,2961.1,7079.7,5451.0,6036.7,4497.6,4381.4,4381.4,4402.5,4426.9
2017-11-30,2017-12-01,2017-12-28,8.5,5355.8,0,4940.8,8153.8,4668.5,5030.0,3330.2,7366.1,4789.2,4851.9,4503.0,5222.0,5222.0,5414.9,5030.9
2017-12-31,2018-01-01,2018-01-28,8.6,5477.4,0,5371.8,8721.4,5073.9,5951.0,4224.0,7943.1,5929.0,5791.4,5434.5,5129.1,5129.1,5759.1,5434.8
2018-01-31,2018-02-01,2018-02-28,8.7,8145.4,0,5742.7,8845.9,7544.0,7926.2,6171.5,9855.9,6317.5,6503.0,7480.7,7286.7,7286.7,6926.6,7227.7
2018-02-28,2018-03-01,2018-03-28,9.0,8001.0,0,8102.3,9122.1,7392.6,12159.4,10106.8,14657.9,8499.7,8569.2,7683.2,8202.0,8202.0,8838.1,8227.6
2018-03-31,2018-04-01,2018-04-28,9.0,7113.5,0,7885.8,7557.9,6927.9,11968.8,8787.8,15469.2,7285.1,7926.0,6764.0,7816.1,7816.1,7433.4,7324.8
2018-04-30,2018-05-01,2018-05-28,8.9,4732.3,0,6990.2,6031.7,5439.7,6511.7,4254.5,9643.1,5750.1,5912.2,4841.2,4882.6,4882.6,4493.3,4735.7
2018-05-31,2018-06-01,2018-06-28,8.4,4098.7,0,4397.9,3411.4,4623.0,4400.8,2751.6,6641.0,3955.3,4008.6,3622.6,3552.0,3552.0,3658.2,3610.6
2018-06-30,2018-07-01,2018-07-28,8.3,8013.0,1,3996.7,3483.5,6141.3,5926.3,3345.8,8893.5,6257.5,5923.6,5288.2,5910.0,7664.6,6114.0,5759.8
2018-07-31,2018-08-01,2018-08-28,9.0,15436.7,1,8109.6,8353.5,12712.5,12332.3,8073.7,17058.0,12385.8,12175.1,15636.2,11089.0,10847.2,10461.2,12195.5
2018-08-31,2018-09-01,2018-09-28,9.6,9673.1,1,15184.2,14485.0,10286.7,17775.5,12081.8,25914.5,13320.7,14430.5,12615.3,13809.4,14194.9,12255.2,12876.5
2018-09-30,2018-10-01,2018-10-28,9.1,5723.7,1,9139.5,14174.2,4397.8,6634.0,3699.8,10816.3,4688.7,5198.3,4367.8,4863.2,6435.3,5094.8,4765.5
2018-10-31,2018-11-01,2018-11-28,8.6,5063.8,0,5639.9,4336.2,5557.8,6096.2,3722.6,9365.5,5798.2,5511.9,5901.7,5534.0,5534.0,5428.5,5617.8
2018-11-30,2018-12-01,2018-12-28,8.5,3663.0,0,4983.8,4946.1,4279.2,6572.5,4452.6,9528.9,4838.5,5036.5,4055.4,4359.1,4359.1,3931.8,4111.6
2018-12-31,2019-01-01,2019-01-28,8.2,2851.4,0,3540.0,5372.5,3764.8,4028.9,2529.1,7654.8,4296.7,4217.6,4288.4,3437.1,3437.1,3124.3,3584.4
2019-01-31,2019-02-01,2019-02-28,7.9,2787.6,0,2801.8,5868.2,3713.4,3129.0,2498.7,5798.7,3925.6,3594.2,3601.5,3026.7,3026.7,3279.4,3294.2
2019-02-28,2019-03-01,2019-03-28,7.9,2484.4,0,2770.7,8130.0,2932.8,3044.7,2496.4,5611.1,3776.0,3197.4,3177.0,2704.4,2704.4,2660.4,2838.0
2019-03-31,2019-04-01,2019-04-28,7.8,2578.7,0,2462.5,7885.8,2811.9,2580.2,2090.9,4073.8,3173.4,2640.6,3050.0,2707.4,2707.4,2435.7,2719.5
2019-04-30,2019-05-01,2019-05-28,7.9,3298.8,0,2589.0,6919.7,2758.0,2673.4,2234.0,4365.1,2705.1,2158.9,3071.2,2824.6,2824.6,2719.3,2868.0
2019-05-31,2019-06-01,2019-06-28,8.1,5580.5,0,3428.3,4340.3,4623.6,3382.0,2483.2,6332.3,3282.4,2655.3,4119.4,5753.5,5753.5,5367.8,5029.4
2019-06-30,2019-07-01,2019-07-28,8.6,5866.2,1,5614.5,3996.7,7793.4,7046.8,4135.7,10879.9,8182.5,7430.0,7717.2,6614.7,5931.3,7459.4,7248.1
2019-07-31,2019-08-01,2019-08-28,8.7,6879.9,1,5784.6,8432.7,7379.8,6444.4,3811.5,10336.9,7778.1,8521.6,6649.8,7843.6,6367.4,7527.2,7322.4
2019-08-31,2019-09-01,2019-09-28,8.9,14852.8,1,7058.9,15031.0,7439.5,6599.7,4099.8,10055.2,6983.0,6330.4,7069.6,6000.3,6708.9,5767.8,6254.5
2019-09-30,2019-10-01,2019-10-28,9.6,13417.5,1,14520.5,8923.2,12652.3,9498.3,5036.9,16874.2,8087.0,7123.6,12780.7,10023.8,9861.0,9954.0,10844.1
2019-10-31,2019-11-01,2019-11-28,9.4,8917.2,0,11637.3,5635.0,7032.1,7868.9,4426.9,13404.0,9017.7,10570.6,8066.8,7884.2,7884.2,7875.0,7941.5
2019-11-30,2019-12-01,2019-12-28,9.1,8605.3,0,8876.3,4959.6,6978.6,6913.0,4002.4,11051.7,6307.5,7876.7,5794.9,6405.4,6405.4,6401.0,6193.7
2019-12-31,2020-01-01,2020-01-28,9.1,8857.1,0,8699.1,3510.6,8430.6,8550.0,5445.4,12535.9,7981.2,8694.7,8503.1,9532.0,9532.0,9201.0,9068.5
2020-01-31,2020-02-01,2020-02-28,9.1,9023.0,0,8757.2,2810.1,9078.2,9471.8,6361.5,13071.5,8535.6,10095.5,8170.3,7996.2,7996.2,7404.7,7850.1
2020-02-29,2020-03-01,2020-03-28,9.1,8383.1,0,9037.9,2730.4,9107.6,10069.2,6977.7,13619.0,8296.4,9510.7,9174.9,8347.9,8347.9,8440.9,8646.8
2020-03-31,2020-04-01,2020-04-28,9.0,8811.0,0,8299.2,2480.3,7582.0,8544.5,5616.3,12264.1,7794.0,8745.1,8494.0,7801.7,7801.7,7925.5,8068.2
2020-04-30,2020-05-01,2020-05-28,9.1,10216.5,0,9084.4,2608.7,10574.2,8686.7,5928.0,11987.7,7681.7,8381.8,12034.1,10211.2,10211.2,10867.0,11012.0
2020-05-31,2020-06-01,2020-06-28,9.2,7476.9,0,9859.4,3480.8,8954.1,9303.3,6286.2,12561.8,8411.7,9508.5,9235.9,8716.2,8716.2,7033.6,8273.0
2020-06-30,2020-07-01,2020-07-28,8.9,9966.5,1,7188.8,5663.7,8721.1,7808.5,5284.3,10729.5,9142.2,11183.1,7213.6,9054.9,8562.5,8415.6,8191.7
2020-07-31,2020-08-01,2020-08-28,9.3,16335.5,1,10514.3,5839.9,12146.6,13314.4,8921.9,17403.7,14755.7,16078.2,10895.9,9142.3,10898.0,9373.7,9774.1
2020-08-31,2020-09-01,2020-09-28,9.7,23605.7,1,16166.1,7480.5,15547.1,15405.4,10603.7,20452.6,15756.9,17625.0,18847.2,17087.7,17393.6,16606.6,17487.9
2020-09-30,2020-10-01,2020-10-28,10.1,10322.0,1,23882.2,14792.7,16049.8,15283.7,9004.7,23505.2,12069.7,13327.0,17843.9,14613.7,16019.6,14158.1,15455.5
2020-10-31,2020-11-01,2020-11-28,9.1,6120.8,0,8689.9,11101.0,4305.2,6878.9,4402.1,10122.9,6933.5,8701.7,5781.8,7401.9,7401.9,6653.3,6578.8
2020-11-30,2020-12-01,2020-12-28,8.7,3748.8,0,5978.7,8897.2,4555.1,6113.4,3974.1,9114.8,5531.8,5911.8,4665.4,5982.7,5982.7,5780.1,5443.8
2020-12-31,2021-01-01,2021-01-28,8.2,4669.1,0,3638.5,8726.5,3759.5,3416.2,2497.7,6335.5,4154.6,4108.2,4086.4,3477.3,3477.3,3645.4,3727.7
2021-01-31,2021-02-01,2021-02-28,8.4,7681.2,0,4622.1,8729.8,7350.6,5158.8,3225.2,8389.4,6227.6,5560.8,7158.0,6939.0,6939.0,6270.6,6778.5
2021-02-28,2021-03-01,2021-03-28,8.9,9338.1,0,7542.6,9037.9,8731.2,7563.4,4815.6,11212.1,7415.7,7494.2,8693.7,9074.4,9074.4,9437.2,9063.3
2021-03-31,2021-04-01,2021-04-28,9.1,9437.9,0,9404.1,8271.2,8175.4,8139.8,5129.7,12222.9,8417.3,9056.1,9151.1,8712.2,8712.2,8869.4,8909.1
2021-04-30,2021-05-01,2021-05-28,9.1,5534.3,0,9254.5,9260.6,7349.6,7439.1,4661.3,11211.2,7307.9,8252.9,7898.5,6775.3,6775.3,6246.8,6940.3
2021-05-31,2021-06-01,2021-06-28,8.6,5640.8,0,5342.0,9733.5,5723.2,4833.2,3193.5,7136.7,4593.7,5167.6,5255.4,4646.4,4646.4,4612.8,4829.4
2021-06-30,2021-07-01,2021-07-28,8.6,5004.8,1,5504.1,7279.3,5668.8,7664.5,5087.5,10541.4,8356.3,8084.4,4829.0,5650.9,5681.8,5932.8,5450.2
2021-07-31,2021-08-01,2021-08-28,8.6,9079.6,1,5287.9,10615.1,11417.2,8208.9,4973.7,12919.1,8121.5,8709.4,13443.5,8510.6,8713.8,8435.7,9882.5
2021-08-31,2021-09-01,2021-09-28,9.1,11752.8,1,8713.9,16591.2,8726.8,11145.6,6965.6,17484.2,11298.8,10166.4,6984.4,11331.7,12010.0,12099.0,9856.6
2021-09-30,2021-10-01,2021-10-28,9.3,5704.1,1,11288.5,24013.5,6034.6,8159.2,5247.2,12079.2,6224.5,6094.9,5412.4,5564.1,5958.9,5499.0,5491.5
2021-10-31,2021-11-01,2021-11-28,8.6,9883.8,0,5474.1,8689.9,5633.3,5108.7,3547.3,7200.1,4821.1,4733.6,6017.5,5513.1,5513.1,5272.5,5592.5
2021-11-30,2021-12-01,2021-12-28,9.2,7860.2,0,9926.1,5834.4,7216.7,9522.4,6338.9,13233.6,8263.8,7806.2,6891.0,8426.4,8426.4,7602.2,7614.1
2021-12-31,2022-01-01,2022-01-28,9.0,7696.0,0,7770.8,3582.7,7598.4,7576.7,5375.6,10479.7,6467.3,7934.6,8139.7,7943.9,7943.9,8013.4,8031.9
2022-01-31,2022-02-01,2022-02-28,8.9,8436.7,0,7647.0,4722.8,7828.3,8302.9,5911.7,11082.5,8259.7,9009.8,8020.4,8164.4,8164.4,7518.0,7896.0
2022-02-28,2022-03-01,2022-03-28,9.0,9055.8,0,8429.9,7642.3,7951.6,9104.2,6730.5,11967.7,7666.5,8552.4,8627.0,8694.0,8694.0,9388.9,8896.7
2022-03-31,2022-04-01,2022-04-28,9.1,10423.0,0,9192.5,9426.7,8004.3,9311.4,6592.5,12523.3,8555.2,9176.6,8469.6,8292.3,8292.3,9079.1,8607.2
2022-04-30,2022-05-01,2022-05-28,9.2,8726.2,0,10403.2,9102.9,7701.2,9003.0,6507.2,11657.2,7923.5,8806.1,7545.0,6984.8,6984.8,7840.5,7448.3
2022-05-31,2022-06-01,2022-06-28,9.1,8629.9,0,8545.6,5323.4,7028.3,7271.7,5274.0,9082.6,7142.3,8148.7,7180.0,7131.8,7131.8,6784.3,7029.8
2022-06-30,2022-07-01,2022-07-28,9.1,14225.3,1,8593.3,5416.4,9152.9,10190.4,7114.8,13115.4,10543.8,11861.0,12030.0,12244.6,11086.0,12650.5,12305.7
2022-07-31,2022-08-01,2022-08-28,9.5,14038.7,1,14010.5,5287.9,15579.7,17483.9,11335.2,24098.4,20231.0,21674.1,15342.2,21815.8,19479.5,22401.2,19572.4
2022-08-31,2022-09-01,2022-09-28,9.6,23601.1,1,14465.2,8785.1,15845.9,16092.3,10492.3,23441.8,15585.0,17790.6,16180.4,15815.2,17572.2,16680.8,16221.6
2022-09-30,2022-10-01,2022-10-28,10.0,11514.7,1,22960.9,11265.4,13156.5,13707.9,8197.5,20573.4,12846.3,12270.1,12410.3,10035.3,12623.4,10000.3,10759.1
2022-10-31,2022-11-01,2022-11-28,9.2,5608.5,0,9782.2,5511.9,6380.2,8114.5,5180.9,11557.6,9011.6,10115.2,7494.3,6991.1,6991.1,7034.0,7169.6
2022-11-30,2022-12-01,2022-12-28,8.6,4633.7,0,5493.9,9916.8,4884.8,5211.4,3455.3,8089.6,4949.4,5066.8,4039.3,4570.9,4570.9,4570.0,4386.1
2022-12-31,2023-01-01,2023-01-28,8.4,4304.7,0,4450.0,7749.5,4912.0,4965.6,3214.1,8148.4,5796.1,5064.3,5449.6,5013.1,5013.1,5475.2,5308.3
2023-01-31,2023-02-01,2023-02-28,8.4,5613.5,0,4418.5,7614.0,6605.1,5556.1,3641.9,8420.6,5971.0,5596.8,6400.3,5774.1,5774.1,6401.4,6184.7
2023-02-28,2023-03-01,2023-03-28,8.6,7006.8,0,5568.9,8450.9,6209.6,6467.8,4422.4,9393.1,6537.4,5891.8,6303.3,6838.5,6838.5,7073.6,6730.6
2023-03-31,2023-04-01,2023-04-28,8.8,8751.0,0,6944.3,9233.8,5778.1,6548.5,4408.0,9497.0,7500.3,7010.1,5914.0,6832.1,6832.1,6398.0,6370.3
2023-04-30,2023-05-01,2023-05-28,9.1,8761.8,0,8756.5,10403.2,7322.9,7216.6,4864.4,10043.3,7197.4,7059.4,7758.8,7630.5,7630.5,7393.7,7592.8
2023-05-31,2023-06-01,2023-06-28,9.0,8291.9,0,8343.3,8546.7,7032.0,7606.9,4915.9,10540.9,7656.1,7863.7,6595.7,6457.1,6457.1,6085.2,6375.6
2023-06-30,2023-07-01,2023-07-28,9.0,7676.1,1,7936.4,8603.5,9632.8,8472.5,5832.6,11218.4,10216.2,10914.8,11542.4,10656.2,10244.6,9821.8,10650.3
2023-07-31,2023-08-01,2023-08-28,8.9,13920.3,1,7573.7,14391.0,13048.7,9809.7,6604.0,13274.0,11391.3,11917.6,14505.4,11908.1,11674.3,11421.5,12541.9
2023-08-31,2023-09-01,2023-09-28,9.4,13079.8,1,12605.4,14746.5,10898.6,14370.9,9872.5,18787.8,17871.2,16734.4,13559.6,11700.8,12682.8,10856.7,11987.3
2023-09-30,2023-10-01,2023-10-28,9.5,11153.4,1,13226.7,22717.7,10677.9,8450.8,5737.8,11675.1,6755.2,6959.4,10163.4,7531.7,8628.1,7767.0,8408.7
2023-10-31,2023-11-01,2023-11-28,9.2,6531.0,0,10302.7,9248.9,5813.3,9486.3,6784.2,12173.6,9266.5,8438.7,6998.0,5883.4,5883.4,6094.3,6307.3
2023-11-30,2023-12-01,2023-12-28,8.7,6390.4,0,6243.8,5423.8,4798.6,5954.4,3997.5,8517.5,4989.2,5415.9,5047.7,4991.1,4991.1,4912.8,4983.5
2023-12-31,2024-01-01,2024-01-28,8.7,6086.3,0,6308.9,4450.0,6440.0,7086.2,5198.6,9243.4,6960.0,6553.4,6290.2,5822.1,5822.1,5928.9,6010.4
2024-01-31,2024-02-01,2024-02-28,8.7,7868.7,0,6130.4,4466.3,7680.2,7486.2,5622.7,9598.0,7233.0,7526.0,7761.6,6527.2,6527.2,7229.9,7154.9
2024-02-29,2024-03-01,2024-03-28,9.0,10944.3,0,7918.3,5692.8,9539.7,9230.1,7025.2,11755.5,8533.5,8479.9,9748.7,8512.2,8512.2,8986.0,9068.2
2024-03-31,2024-04-01,2024-04-28,9.3,14782.2,0,11088.9,6954.6,9622.7,11676.8,8667.5,14834.8,10992.5,11380.7,11273.8,11795.5,11795.5,11260.8,11440.7
2024-04-30,2024-05-01,2024-05-28,9.6,10590.4,0,14792.0,8730.1,10116.2,11312.7,8114.7,14800.0,10863.8,11927.1,11324.6,11331.0,11331.0,11470.8,11375.3
2024-05-31,2024-06-01,2024-06-28,9.1,6768.1,0,9178.2,8263.9,6268.4,7825.8,5632.3,10071.0,8533.0,9638.1,5868.5,6591.8,6591.8,6242.7,6227.3
2024-06-30,2024-07-01,2024-07-28,8.8,10365.4,1,6846.1,8026.9,8445.2,8626.1,6113.7,11268.0,8914.2,9274.7,9109.4,9243.3,9915.6,9619.6,9321.6
2024-07-31,2024-08-01,2024-08-28,9.3,16715.7,1,10518.6,8327.1,11816.8,14754.2,9814.4,19252.0,16282.0,15724.1,11789.9,14523.7,14929.2,14460.3,13528.7
2024-08-31,2024-09-01,2024-09-28,9.8,24714.3,1,17262.6,12188.0,15566.5,20385.6,14580.0,26249.8,20564.0,21393.2,18836.1,18221.7,16418.4,17201.5,18073.8
2024-09-30,2024-10-01,2024-10-28,10.1,20324.0,1,24499.3,13448.6,14891.0,14081.8,9818.8,18708.5,13093.4,13682.0,19198.0,11685.9,15566.8,12094.9,13947.8
2024-10-31,2024-11-01,2024-11-28,9.7,8651.5,0,17019.8,9999.4,6984.6,12520.8,7933.9,17451.1,12820.5,13853.4,7131.5,9010.5,9010.5,9053.9,8348.1
2024-11-30,2024-12-01,2024-12-28,9.0,10173.1,0,8486.1,6224.8,8895.8,7231.1,4642.3,10488.1,6582.5,7544.5,7660.2,8313.5,8313.5,9039.3,8318.6
2024-12-31,2025-01-01,2025-01-28,9.3,14273.8,0,10615.5,6363.9,11398.4,10781.4,7325.6,14462.9,10819.5,10620.7,10990.7,11559.5,11559.5,11691.1,11409.6
2025-01-31,2025-02-01,2025-02-28,9.6,14712.7,0,14082.0,6208.7,12914.1,13178.3,9244.1,17404.0,14747.4,16814.2,13084.8,13060.6,13060.6,12459.3,12864.9
2025-02-28,2025-03-01,2025-03-28,9.6,13829.7,0,14692.5,8053.4,14073.6,12749.4,9395.2,16249.6,14141.7,16308.0,14189.5,13657.2,13657.2,14219.9,14019.8
2025-03-31,2025-04-01,2025-04-28,9.5,10443.0,0,13442.8,11181.8,10191.9,11042.4,7879.8,14507.8,14252.4,15394.2,10804.4,9311.6,9311.6,9552.4,9868.4
2025-04-30,2025-05-01,2025-05-28,9.2,6332.7,0,9870.9,14795.4,6934.7,7580.6,5434.5,9992.1,8628.0,8949.0,6672.8,6128.3,6128.3,6194.0,6327.1
2025-05-31,2025-06-01,2025-06-28,8.7,7070.1,0,5935.2,8881.2,6257.3,6314.6,4627.3,8029.6,6539.6,6131.0,5623.8,5634.8,5634.8,5342.6,5532.1
2025-06-30,2025-07-01,2025-07-28,8.8,9983.0,1,6971.6,6964.8,9466.6,8861.2,6505.2,11330.6,10718.0,9635.6,9550.7,9775.2,9377.1,10197.2,9837.4
2025-07-31,2025-08-01,2025-08-28,9.3,13303.7,1,10505.9,10629.3,11947.1,13426.6,9710.5,16934.9,15711.0,15373.2,13416.1,13652.7,13219.1,13441.5,13503.0
2025-08-31,2025-09-01,2025-09-28,9.5,13343.8,1,12765.7,17410.3,12154.5,11669.3,8533.4,15157.4,17994.3,17585.2,14214.6,15030.8,15367.6,13834.0,14351.2
2025-09-30,2025-10-01,2025-10-28,9.4,8560.2,1,12418.5,24742.8,9505.3,8859.0,6621.5,11615.7,8686.1,8191.1,9001.8,7586.9,8557.7,7630.3,8047.2
2025-10-31,2025-11-01,2025-11-28,9.0,10851.0,0,7950.2,16292.5,7920.7,7175.7,5340.0,9299.5,6749.8,6002.7,7872.3,9742.8,9742.8,9004.9,8839.4
2025-11-30,2025-12-01,2025-12-28,9.3,9686.7,0,10488.9,8486.1,9824.5,9375.1,6580.0,12889.3,9437.0,8937.1,9018.0,9736.7,9736.7,9811.0,9515.1
2025-12-31,2026-01-01,2026-01-28,9.1,9586.8,0,9384.9,10670.9,8760.9,8789.2,6731.4,10915.9,8721.7,9633.9,8889.6,9789.5,9789.5,9408.0,9355.1
2026-01-31,2026-02-01,2026-02-28,9.2,9095.0,0,9600.1,14081.7,9845.5,10207.0,8165.7,12320.3,10524.0,10958.9,9222.2,10329.4,10329.4,10207.2,9906.9
2026-02-28,2026-03-01,2026-03-28,9.1,7948.1,0,9078.1,14689.4,9092.6,10069.6,7620.5,12812.2,9541.0,9879.8,8122.5,8266.3,8266.3,8711.7,8363.1
2026-03-31,2026-04-01,2026-04-28,9.0,7103.9,0,7990.2,13313.8,7375.2,8775.8,6291.5,11969.3,8876.7,8574.0,7185.8,7943.5,7943.5,8094.9,7731.0
2026-04-30,2026-05-01,2026-05-28,8.9,5688.2,0,7037.2,9666.5,5986.0,6965.8,5041.4,9018.3,6194.3,5751.4,5789.2,5942.2,5942.2,5530.2,5751.3
