origin,target_start,target_end,lp28,actual,summer,naive_last28,seasonal_naive,price_only_ridge,chronos2,chronos2_q10,chronos2_q90,mstl_arima,mstl_ets,wx_ridge,wx_hgb,wx_hgb_summer,wx_hgb_w,wx_ens,naive_last28_err%,seasonal_naive_err%,price_only_ridge_err%,chronos2_err%,mstl_arima_err%,mstl_ets_err%,wx_ridge_err%,wx_hgb_err%,wx_hgb_summer_err%,wx_hgb_w_err%,wx_ens_err%
2020-08-31,2020-09-01,2020-09-28,9.7,23605.7,1,16166.1,7480.5,15547.1,15405.4,10603.7,20452.6,15756.9,17625.0,18847.2,17087.7,17393.6,16606.6,17487.9,-31.5,-68.3,-34.1,-34.7,-33.2,-25.3,-20.2,-27.6,-26.3,-29.7,-25.9
2020-09-30,2020-10-01,2020-10-28,10.1,10322.0,1,23882.2,14792.7,16049.8,15283.7,9004.7,23505.2,12069.7,13327.0,17843.9,14613.7,16019.6,14158.1,15455.5,131.4,43.3,55.5,48.1,16.9,29.1,72.9,41.6,55.2,37.2,49.7
2022-08-31,2022-09-01,2022-09-28,9.6,23601.1,1,14465.2,8785.1,15845.9,16092.3,10492.3,23441.8,15585.0,17790.6,16180.4,15815.2,17572.2,16680.8,16221.6,-38.7,-62.8,-32.9,-31.8,-34.0,-24.6,-31.4,-33.0,-25.5,-29.3,-31.3
2022-09-30,2022-10-01,2022-10-28,10.0,11514.7,1,22960.9,11265.4,13156.5,13707.9,8197.5,20573.4,12846.3,12270.1,12410.3,10035.3,12623.4,10000.3,10759.1,99.4,-2.2,14.3,19.0,11.6,6.6,7.8,-12.8,9.6,-13.2,-6.6
2024-07-31,2024-08-01,2024-08-28,9.3,16715.7,1,10518.6,8327.1,11816.8,14754.2,9814.4,19252.0,16282.0,15724.1,11789.9,14523.7,14929.2,14460.3,13528.7,-37.1,-50.2,-29.3,-11.7,-2.6,-5.9,-29.5,-13.1,-10.7,-13.5,-19.1
2024-08-31,2024-09-01,2024-09-28,9.8,24714.3,1,17262.6,12188.0,15566.5,20385.6,14580.0,26249.8,20564.0,21393.2,18836.1,18221.7,16418.4,17201.5,18073.8,-30.2,-50.7,-37.0,-17.5,-16.8,-13.4,-23.8,-26.3,-33.6,-30.4,-26.9
2024-09-30,2024-10-01,2024-10-28,10.1,20324.0,1,24499.3,13448.6,14891.0,14081.8,9818.8,18708.5,13093.4,13682.0,19198.0,11685.9,15566.8,12094.9,13947.8,20.5,-33.8,-26.7,-30.7,-35.6,-32.7,-5.5,-42.5,-23.4,-40.5,-31.4
2024-10-31,2024-11-01,2024-11-28,9.7,8651.5,0,17019.8,9999.4,6984.6,12520.8,7933.9,17451.1,12820.5,13853.4,7131.5,9010.5,9010.5,9053.9,8348.1,96.7,15.6,-19.3,44.7,48.2,60.1,-17.6,4.1,4.1,4.7,-3.5
2025-08-31,2025-09-01,2025-09-28,9.5,13343.8,1,12765.7,17410.3,12154.5,11669.3,8533.4,15157.4,17994.3,17585.2,14214.6,15030.8,15367.6,13834.0,14351.2,-4.3,30.5,-8.9,-12.5,34.9,31.8,6.5,12.6,15.2,3.7,7.5
