source,year,month,storage_t
농넷_가락,2020,1,28.3
농넷_가락,2020,2,9.2
농넷_가락,2020,3,5812.2
농넷_가락,2020,4,6196.3
농넷_가락,2020,5,884.33
농넷_가락,2021,2,10.0
농넷_가락,2021,3,3620.75
농넷_가락,2021,4,6718.54
농넷_가락,2021,5,1279.52
농넷_가락,2021,6,35.9
농넷_가락,2022,3,4107.64
농넷_가락,2022,4,7941.29
농넷_가락,2022,5,1840.07
농넷_가락,2023,2,11.0
농넷_가락,2023,3,4638.32
농넷_가락,2023,4,5546.9
농넷_가락,2023,5,2301.55
농넷_가락,2023,6,0.0
농넷_가락,2024,1,8.82
농넷_가락,2024,2,198.42
농넷_가락,2024,3,6918.4275
농넷_가락,2024,4,8145.07
농넷_가락,2024,5,1143.84
농넷_가락,2024,8,1546.1
농넷_가락,2024,9,338.84
농넷_전국,2020,1,297.576
농넷_전국,2020,2,315.438
농넷_전국,2020,3,6681.964
농넷_전국,2020,4,7648.814
농넷_전국,2020,5,1439.458
농넷_전국,2020,6,554.0
농넷_전국,2020,7,395.104
농넷_전국,2020,8,315.388
농넷_전국,2020,9,488.752
농넷_전국,2020,10,636.8
농넷_전국,2020,11,1850.452
농넷_전국,2020,12,867.374
농넷_전국,2021,1,269.028
농넷_전국,2021,2,293.564
농넷_전국,2021,3,4572.106
농넷_전국,2021,4,8552.904
농넷_전국,2021,5,1797.2
농넷_전국,2021,6,417.276
농넷_전국,2021,7,186.32
농넷_전국,2021,8,332.076
농넷_전국,2021,9,362.4
농넷_전국,2021,10,602.304
농넷_전국,2021,11,1376.008
농넷_전국,2021,12,393.252
농넷_전국,2022,1,317.252
농넷_전국,2022,2,325.31
농넷_전국,2022,3,4981.082
농넷_전국,2022,4,9401.314
농넷_전국,2022,5,2433.158
농넷_전국,2022,6,357.296
농넷_전국,2022,7,148.152
농넷_전국,2022,8,312.276
농넷_전국,2022,9,258.324
농넷_전국,2022,10,497.672
농넷_전국,2022,11,1378.66
농넷_전국,2022,12,591.862
농넷_전국,2023,1,252.201
농넷_전국,2023,2,280.144
농넷_전국,2023,3,5477.71
농넷_전국,2023,4,7120.124
농넷_전국,2023,5,2825.514
농넷_전국,2023,6,286.636
농넷_전국,2023,7,182.356
농넷_전국,2023,8,127.364
농넷_전국,2023,9,310.572
농넷_전국,2023,10,275.576
농넷_전국,2023,11,1197.58
농넷_전국,2023,12,571.776
농넷_전국,2024,1,250.984
농넷_전국,2024,2,483.656
농넷_전국,2024,3,7363.1515
농넷_전국,2024,4,8943.904
농넷_전국,2024,5,1530.012
농넷_전국,2024,6,261.738
농넷_전국,2024,7,142.944
농넷_전국,2024,8,1791.276
농넷_전국,2024,9,550.616
농넷_전국,2024,10,262.98
농넷_전국,2024,11,1119.524
농넷_전국,2024,12,804.036
농넷_전국,2025,1,129.086
대아청과,2016,3,4899.85
대아청과,2016,4,5476.35
대아청과,2016,5,157.89
대아청과,2017,3,5325.65
대아청과,2017,4,7951.32
대아청과,2017,5,2037.71
대아청과,2017,6,45.0
대아청과,2018,3,2794.44
대아청과,2018,4,7839.07
대아청과,2018,5,3818.75
대아청과,2018,6,154.2
대아청과,2019,3,2435.93
대아청과,2019,4,6877.28
대아청과,2019,5,4815.92
대아청과,2019,6,400.8
대아청과,2019,8,79.8
대아청과,2019,9,415.11
대아청과,2019,10,274.5
대아청과,2019,11,9.0
대아청과,2020,3,5450.16
대아청과,2020,4,5838.23
대아청과,2020,5,875.68
대아청과,2021,3,3578.1
대아청과,2021,4,6395.05
대아청과,2021,5,1299.02
대아청과,2021,6,35.9
대아청과,2022,3,3959.64
대아청과,2022,4,7603.79
대아청과,2022,5,1810.37
대아청과,2023,3,4509.23
대아청과,2023,4,5359.18
대아청과,2023,5,2301.55
대아청과,2023,6,0.0
대아청과,2024,3,6478.04
대아청과,2024,4,7728.4
대아청과,2024,5,1104.9
대아청과,2024,8,1178.24
대아청과,2024,9,338.84
대아청과,2025,3,7401.99
대아청과,2025,4,9092.05
대아청과,2025,5,2285.69
대아청과,2025,7,325.39
대아청과,2025,8,4817.98
대아청과,2025,9,988.2
대아청과,2025,11,655.84
농넷_가락_전체반입,2020,1,8608.43208
농넷_가락_전체반입,2020,2,6384.45381
농넷_가락_전체반입,2020,3,7248.04115
농넷_가락_전체반입,2020,4,7674.794150000001
농넷_가락_전체반입,2020,5,9137.07155
농넷_가락_전체반입,2020,6,10955.301099999999
농넷_가락_전체반입,2020,7,10604.25635
농넷_가락_전체반입,2020,8,10421.50845
농넷_가락_전체반입,2020,9,16090.79675
농넷_가락_전체반입,2020,10,16930.5045
농넷_가락_전체반입,2020,11,23534.788
농넷_가락_전체반입,2020,12,9552.7564
농넷_가락_전체반입,2021,1,6142.5859
농넷_가락_전체반입,2021,2,6103.17092
농넷_가락_전체반입,2021,3,7391.503650000001
농넷_가락_전체반입,2021,4,8119.061610000001
농넷_가락_전체반입,2021,5,9164.055699999999
농넷_가락_전체반입,2021,6,10302.7124
농넷_가락_전체반입,2021,7,11209.821
농넷_가락_전체반입,2021,8,11130.784599999999
농넷_가락_전체반입,2021,9,14156.234
농넷_가락_전체반입,2021,10,15887.9395
농넷_가락_전체반입,2021,11,26624.1241
농넷_가락_전체반입,2021,12,5602.4991
농넷_가락_전체반입,2022,1,7604.567
농넷_가락_전체반입,2022,2,6006.60962
농넷_가락_전체반입,2022,3,8044.95572
농넷_가락_전체반입,2022,4,9004.82975
농넷_가락_전체반입,2022,5,9863.3265
농넷_가락_전체반입,2022,6,10723.027
농넷_가락_전체반입,2022,7,10342.248099999999
농넷_가락_전체반입,2022,8,14897.774599999999
농넷_가락_전체반입,2022,9,14575.426800000001
농넷_가락_전체반입,2022,10,14948.6474
농넷_가락_전체반입,2022,11,22777.9336
농넷_가락_전체반입,2022,12,8826.7639
농넷_가락_전체반입,2023,1,5721.62625
농넷_가락_전체반입,2023,2,6633.13105
농넷_가락_전체반입,2023,3,7860.3808
농넷_가락_전체반입,2023,4,6416.9492
농넷_가락_전체반입,2023,5,8705.6462
농넷_가락_전체반입,2023,6,8759.2156
농넷_가락_전체반입,2023,7,9559.688199999999
농넷_가락_전체반입,2023,8,11943.5481
농넷_가락_전체반입,2023,9,16151.3819
농넷_가락_전체반입,2023,10,15162.8107
농넷_가락_전체반입,2023,11,22924.771399999998
농넷_가락_전체반입,2023,12,9501.635699999999
농넷_가락_전체반입,2024,1,6414.7005
농넷_가락_전체반입,2024,2,7089.742200000001
농넷_가락_전체반입,2024,3,8527.901800000001
농넷_가락_전체반입,2024,4,9341.5185
농넷_가락_전체반입,2024,5,10635.4673
농넷_가락_전체반입,2024,6,9951.345039999998
농넷_가락_전체반입,2024,7,12052.7842
농넷_가락_전체반입,2024,8,12429.00176
농넷_가락_전체반입,2024,9,13808.12789
농넷_가락_전체반입,2024,10,14234.18123
농넷_가락_전체반입,2024,11,21509.361
농넷_가락_전체반입,2024,12,13526.09
농넷_가락_전체반입,2025,1,5149.344
