year,aug_price,sep_price,sep_vs_aug%,surge,S1_krei_aug,S3a_storage_yoy%,S3b_농넷_가락_7-8월_t,S3b_농넷_가락_9월_t,S3b_대아청과_7-8월_t,S3b_대아청과_9월_t
2016,15022,18593,23.8,0,,,,,0.0,0.0
2017,13938,14269,2.4,0,,,,,0.0,0.0
2018,15075,9453,-37.3,0,,,,,0.0,0.0
2019,7050,14853,110.7,0,,,,,80.0,415.0
2020,16315,23633,44.9,1,,,0.0,0.0,0.0,0.0
2021,9012,11462,27.2,0,8.9,17.5,0.0,0.0,0.0,0.0
2022,14637,23136,58.1,1,-8.3,-12.4,0.0,0.0,0.0,0.0
2023,13401,13080,-2.4,0,8.6,41.8,0.0,0.0,0.0,0.0
2024,17084,24637,44.2,1,-7.2,12.5,1546.0,339.0,1178.0,339.0
2025,13216,13106,-0.8,0,8.8,4.6,,,5143.0,988.0
2026,10479,12760,21.8,0,-0.9,10.1,,,,
