date,gov_purchase,gov_release
2021-01-01,0.0,0.0
2021-01-02,0.0,0.0
2021-01-03,0.0,0.0
2021-01-04,0.0,0.0
2021-01-05,35.0,0.0
2021-01-06,40.0,0.0
2021-01-07,0.0,0.0
2021-01-08,0.0,0.0
2021-01-09,0.0,0.0
2021-01-10,0.0,0.0
2021-01-11,0.0,0.0
2021-01-12,0.0,0.0
2021-01-13,0.0,0.0
2021-01-14,0.0,0.0
2021-01-15,0.0,0.0
2021-01-16,0.0,0.0
2021-01-17,0.0,0.0
2021-01-18,0.0,0.0
2021-01-19,10.0,0.0
2021-01-20,50.0,0.0
2021-01-21,50.2,0.0
2021-01-22,35.01,0.0
2021-01-23,0.0,0.0
2021-01-24,0.0,0.0
2021-01-25,0.0,0.0
2021-01-26,49.1,0.0
2021-01-27,0.0,0.0
2021-01-28,17.01,0.0
2021-01-29,20.14,0.0
2021-01-30,0.0,0.0
2021-01-31,0.0,0.0
2021-02-01,0.0,0.0
2021-02-02,0.0,0.0
2021-02-03,0.0,0.0
2021-02-04,60.2,0.0
2021-02-05,0.0,0.0
2021-02-06,0.0,0.0
2021-02-07,0.0,0.0
2021-02-08,40.0,0.0
2021-02-09,30.08,0.0
2021-02-10,0.0,0.0
2021-02-11,0.0,0.0
2021-02-12,0.0,0.0
2021-02-13,0.0,0.0
2021-02-14,0.0,0.0
2021-02-15,0.0,0.0
2021-02-16,0.0,0.0
2021-02-17,0.0,0.0
2021-02-18,0.0,0.0
2021-02-19,0.0,0.0
2021-02-20,0.0,0.0
2021-02-21,114.416,42.75
2021-02-22,123.193,45.0
2021-02-23,167.18,45.0
2021-02-24,188.278,45.0
2021-02-25,9.42,44.8
2021-02-26,0.0,0.0
2021-02-27,114.394,0.0
2021-02-28,88.205,43.0
2021-03-01,0.0,45.0
2021-03-02,0.0,43.46
2021-03-03,0.0,45.0
2021-03-04,0.0,35.0
2021-03-05,0.0,9.0
2021-03-06,0.0,0.0
2021-03-07,0.0,0.0
2021-03-08,0.0,0.0
2021-03-09,0.0,0.0
2021-03-10,0.0,18.0
2021-03-11,0.0,45.0
2021-03-12,0.0,27.0
2021-03-13,0.0,0.0
2021-03-14,0.0,45.0
2021-03-15,0.0,63.0
2021-03-16,0.0,45.0
2021-03-17,0.0,27.0
2021-03-18,0.0,45.0
2021-03-19,0.0,0.0
2021-03-20,0.0,0.0
2021-03-21,0.0,0.0
2021-03-22,0.0,45.0
2021-03-23,0.0,42.5
2021-03-24,0.0,0.0
2021-03-25,0.0,43.65
2021-03-26,0.0,0.0
2021-03-27,0.0,0.0
2021-03-28,0.0,45.0
2021-03-29,0.0,46.1
2021-03-30,0.0,0.0
2021-03-31,0.0,27.0
2021-04-01,0.0,18.0
2021-04-02,0.0,45.0
2021-04-03,0.0,0.0
2021-04-04,0.0,76.8
2021-04-05,0.0,0.0
2021-04-06,0.0,0.0
2021-04-07,0.0,45.0
2021-04-08,0.0,45.0
2021-04-09,0.0,0.0
2021-04-10,0.0,0.0
2021-04-11,0.0,78.6
2021-04-12,0.0,0.0
2021-04-13,0.0,9.0
2021-04-14,0.0,0.0
2021-04-15,0.0,0.0
2021-04-16,0.0,80.98
2021-04-17,0.0,0.0
2021-04-18,0.0,0.0
2021-04-19,0.0,45.0
2021-04-20,0.0,0.0
2021-04-21,0.0,0.0
2021-04-22,0.0,0.0
2021-04-23,0.0,0.0
2021-04-24,0.0,0.0
2021-04-25,0.0,0.0
2021-04-26,0.0,0.0
2021-04-27,0.0,0.0
2021-04-28,0.0,0.0
2021-04-29,0.0,0.0
2021-04-30,0.0,0.0
2021-05-01,0.0,0.0
2021-05-02,0.0,0.0
2021-05-03,0.0,0.0
2021-05-04,0.0,0.0
2021-05-05,0.0,0.0
2021-05-06,0.0,0.0
2021-05-07,0.0,0.0
2021-05-08,0.0,0.0
2021-05-09,0.0,0.0
2021-05-10,0.0,0.0
2021-05-11,0.0,0.0
2021-05-12,0.0,0.0
2021-05-13,0.0,0.0
2021-05-14,0.0,0.0
2021-05-15,0.0,0.0
2021-05-16,0.0,0.0
2021-05-17,0.0,0.0
2021-05-18,0.0,0.0
2021-05-19,0.0,0.0
2021-05-20,0.0,0.0
2021-05-21,0.0,0.0
2021-05-22,0.0,0.0
2021-05-23,0.0,0.0
2021-05-24,0.0,0.0
2021-05-25,0.0,0.0
2021-05-26,0.0,0.0
2021-05-27,0.0,0.0
2021-05-28,0.0,0.0
2021-05-29,0.0,0.0
2021-05-30,0.0,0.0
2021-05-31,0.0,0.0
2021-06-01,0.0,0.0
2021-06-02,0.0,0.0
2021-06-03,0.0,0.0
2021-06-04,0.0,0.0
2021-06-05,0.0,0.0
2021-06-06,0.0,0.0
2021-06-07,0.0,0.0
2021-06-08,0.0,0.0
2021-06-09,0.0,0.0
2021-06-10,0.0,0.0
2021-06-11,0.0,0.0
2021-06-12,0.0,0.0
2021-06-13,0.0,0.0
2021-06-14,0.0,0.0
2021-06-15,0.0,0.0
2021-06-16,0.0,0.0
2021-06-17,0.0,0.0
2021-06-18,0.0,0.0
2021-06-19,0.0,0.0
2021-06-20,0.0,0.0
2021-06-21,0.0,0.0
2021-06-22,0.0,0.0
2021-06-23,0.0,0.0
2021-06-24,50.0,0.0
2021-06-25,199.82,0.0
2021-06-26,199.65,0.0
2021-06-27,259.87,0.0
2021-06-28,139.82,0.0
2021-06-29,309.1,0.0
2021-06-30,352.29,0.0
2021-07-01,243.9,0.0
2021-07-02,480.65,0.0
2021-07-03,313.75,0.0
2021-07-04,70.0,0.0
2021-07-05,0.0,0.0
2021-07-06,289.65,0.0
2021-07-07,226.35,0.0
2021-07-08,169.97,0.0
2021-07-09,234.72,0.0
2021-07-10,190.64,0.0
2021-07-11,0.0,0.0
2021-07-12,99.22,0.0
2021-07-13,175.7,0.0
2021-07-14,188.23,0.0
2021-07-15,148.58,0.0
2021-07-16,188.27,0.0
2021-07-17,107.43,0.0
2021-07-18,60.0,0.0
2021-07-19,23.0,0.0
2021-07-20,92.02,0.0
2021-07-21,59.75,0.0
2021-07-22,90.48,0.0
2021-07-23,38.99,0.0
2021-07-24,0.0,0.0
2021-07-25,0.0,0.0
2021-07-26,0.0,0.0
2021-07-27,0.0,0.0
2021-07-28,83.2,0.0
2021-07-29,132.81,0.0
2021-07-30,230.73,0.0
2021-07-31,214.69,0.0
2021-08-01,275.2,0.0
2021-08-02,357.0,0.0
2021-08-03,154.0,0.0
2021-08-04,14.0,0.0
2021-08-05,0.0,0.0
2021-08-06,432.74,0.0
2021-08-07,441.1,0.0
2021-08-08,406.05,0.0
2021-08-09,161.0,0.0
2021-08-10,196.0,0.0
2021-08-11,84.0,0.0
2021-08-12,112.0,0.0
2021-08-13,258.8,0.0
2021-08-14,257.75,0.0
2021-08-15,294.02,0.0
2021-08-16,150.01,0.0
2021-08-17,56.7,0.0
2021-08-18,168.81,0.0
2021-08-19,90.96,0.0
2021-08-20,0.0,0.0
2021-08-21,56.0,0.0
2021-08-22,127.4,0.0
2021-08-23,153.95,0.0
2021-08-24,42.0,0.0
2021-08-25,49.08,0.0
2021-08-26,0.0,0.0
2021-08-27,0.0,0.0
2021-08-28,0.0,0.0
2021-08-29,0.0,0.0
2021-08-30,0.0,0.0
2021-08-31,0.0,0.0
2021-09-01,0.0,0.0
2021-09-02,0.0,0.0
2021-09-03,0.0,0.0
2021-09-04,0.0,0.0
2021-09-05,0.0,0.0
2021-09-06,0.0,0.0
2021-09-07,0.0,0.0
2021-09-08,0.0,0.0
2021-09-09,0.0,0.0
2021-09-10,0.0,0.0
2021-09-11,0.0,0.0
2021-09-12,0.0,0.0
2021-09-13,0.0,0.0
2021-09-14,0.0,0.0
2021-09-15,0.0,0.0
2021-09-16,0.0,0.0
2021-09-17,0.0,0.0
2021-09-18,0.0,0.0
2021-09-19,0.0,0.0
2021-09-20,0.0,0.0
2021-09-21,0.0,0.0
2021-09-22,0.0,0.0
2021-09-23,0.0,0.0
2021-09-24,0.0,0.0
2021-09-25,0.0,0.0
2021-09-26,0.0,0.0
2021-09-27,0.0,0.0
2021-09-28,0.0,0.0
2021-09-29,0.0,0.0
2021-09-30,0.0,0.0
2021-10-01,0.0,0.0
2021-10-02,0.0,0.0
2021-10-03,0.0,0.0
2021-10-04,0.0,0.0
2021-10-05,0.0,0.0
2021-10-06,0.0,0.0
2021-10-07,0.0,0.0
2021-10-08,0.0,0.0
2021-10-09,0.0,0.0
2021-10-10,0.0,0.0
2021-10-11,0.0,0.0
2021-10-12,0.0,0.0
2021-10-13,0.0,0.0
2021-10-14,0.0,0.0
2021-10-15,0.0,0.0
2021-10-16,0.0,0.0
2021-10-17,0.0,0.0
2021-10-18,0.0,0.0
2021-10-19,0.0,0.0
2021-10-20,0.0,0.0
2021-10-21,0.0,0.0
2021-10-22,30.0,0.0
2021-10-23,50.0,0.0
2021-10-24,0.0,0.0
2021-10-25,100.0,0.0
2021-10-26,130.0,0.0
2021-10-27,140.0,0.0
2021-10-28,130.0,0.0
2021-10-29,150.0,0.0
2021-10-30,180.0,0.0
2021-10-31,200.0,0.0
2021-11-01,130.0,0.0
2021-11-02,150.0,0.0
2021-11-03,110.0,0.0
2021-11-04,100.0,0.0
2021-11-05,130.0,36.9
2021-11-06,140.0,0.0
2021-11-07,130.0,85.0
2021-11-08,0.0,127.5
2021-11-09,0.0,85.0
2021-11-10,0.0,193.8
2021-11-11,0.0,197.42
2021-11-12,0.0,0.0
2021-11-13,0.0,34.1
2021-11-14,0.0,116.05
2021-11-15,0.0,138.0
2021-11-16,0.0,133.95
2021-11-17,39.9,169.9
2021-11-18,0.0,242.45
2021-11-19,0.0,88.6
2021-11-20,0.0,120.0
2021-11-21,0.0,68.0
2021-11-22,0.0,85.0
2021-11-23,0.0,85.0
2021-11-24,30.0,178.5
2021-11-25,60.0,150.35
2021-11-26,190.0,94.7
2021-11-27,300.0,0.0
2021-11-28,150.0,145.8
2021-11-29,210.0,87.7
2021-11-30,138.85,89.01
2021-12-01,0.0,0.0
2021-12-02,61.6,0.0
2021-12-03,0.0,0.0
2021-12-04,60.0,0.0
2021-12-05,0.0,0.0
2021-12-06,0.0,0.0
2021-12-07,0.0,0.0
2021-12-08,0.0,0.0
2021-12-09,0.0,0.0
2021-12-10,0.0,0.0
2021-12-11,0.0,0.0
2021-12-12,0.0,0.0
2021-12-13,0.0,0.0
2021-12-14,0.0,0.0
2021-12-15,0.0,0.0
2021-12-16,108.2,0.0
2021-12-17,90.03,0.0
2021-12-18,0.0,0.0
2021-12-19,231.18,0.0
2021-12-20,450.08,0.0
2021-12-21,549.75,0.0
2021-12-22,320.11,0.0
2021-12-23,170.2,0.0
2021-12-24,339.57,0.0
2021-12-25,269.9,0.0
2021-12-26,0.0,0.0
2021-12-27,0.0,100.0
2021-12-28,0.0,100.0
2021-12-29,0.0,47.05
2021-12-30,150.0,0.0
2021-12-31,180.98,0.0
2022-01-01,40.0,0.0
2022-01-02,0.0,0.0
2022-01-03,30.0,80.0
2022-01-04,0.0,47.5
2022-01-05,70.0,48.25
2022-01-06,0.0,0.0
2022-01-07,0.0,0.0
2022-01-08,0.0,0.0
2022-01-09,0.0,0.0
2022-01-10,0.0,0.0
2022-01-11,0.0,88.37
2022-01-12,0.0,95.0
2022-01-13,0.0,142.5
2022-01-14,0.0,47.5
2022-01-15,0.0,0.0
2022-01-16,0.0,95.0
2022-01-17,0.0,0.0
2022-01-18,0.0,94.0
2022-01-19,0.0,91.85
2022-01-20,0.0,47.5
2022-01-21,0.0,0.0
2022-01-22,0.0,0.0
2022-01-23,0.0,95.0
2022-01-24,0.0,45.9
2022-01-25,0.0,45.0
2022-01-26,0.0,45.0
2022-01-27,0.0,46.0
2022-01-28,0.0,0.0
2022-01-29,0.0,0.0
2022-01-30,0.0,0.0
2022-01-31,0.0,0.0
2022-02-01,0.0,0.0
2022-02-02,0.0,0.0
2022-02-03,0.0,45.0
2022-02-04,0.0,0.0
2022-02-05,0.0,0.0
2022-02-06,0.0,87.5
2022-02-07,0.0,0.0
2022-02-08,0.0,0.0
2022-02-09,0.0,89.0
2022-02-10,0.0,45.0
2022-02-11,0.0,0.0
2022-02-12,0.0,0.0
2022-02-13,0.0,45.0
2022-02-14,0.0,45.0
2022-02-15,0.0,0.0
2022-02-16,0.0,90.0
2022-02-17,0.0,86.09
2022-02-18,0.0,0.0
2022-02-19,0.0,0.0
2022-02-20,0.0,90.0
2022-02-21,0.0,0.0
2022-02-22,0.0,45.0
2022-02-23,0.0,43.0
2022-02-24,0.0,0.0
2022-02-25,0.0,0.0
2022-02-26,0.0,0.0
2022-02-27,0.0,0.0
2022-02-28,0.0,0.0
2022-03-01,0.0,0.0
2022-03-02,0.0,45.0
2022-03-03,0.0,0.0
2022-03-04,0.0,0.0
2022-03-05,0.0,0.0
2022-03-06,0.0,0.0
2022-03-07,0.0,0.0
2022-03-08,0.0,0.0
2022-03-09,0.0,0.0
2022-03-10,0.0,0.0
2022-03-11,0.0,0.0
2022-03-12,0.0,0.0
2022-03-13,0.0,0.0
2022-03-14,0.0,0.0
2022-03-15,0.0,0.0
2022-03-16,0.0,0.0
2022-03-17,0.0,0.0
2022-03-18,0.0,0.0
2022-03-19,0.0,0.0
2022-03-20,0.0,0.0
2022-03-21,0.0,0.0
2022-03-22,0.0,0.0
2022-03-23,0.0,0.0
2022-03-24,0.0,0.0
2022-03-25,0.0,0.0
2022-03-26,0.0,0.0
2022-03-27,0.0,0.0
2022-03-28,0.0,0.0
2022-03-29,0.0,0.0
2022-03-30,0.0,45.0
2022-03-31,0.0,45.0
2022-04-01,0.0,0.0
2022-04-02,0.0,0.0
2022-04-03,0.0,0.0
2022-04-04,0.0,45.0
2022-04-05,0.0,90.0
2022-04-06,0.0,45.0
2022-04-07,0.0,89.5
2022-04-08,0.0,45.0
2022-04-09,0.0,0.0
2022-04-10,0.0,90.0
2022-04-11,0.0,85.5
2022-04-12,0.0,87.5
2022-04-13,0.0,90.0
2022-04-14,0.0,44.5
2022-04-15,0.0,0.0
2022-04-16,0.0,0.0
2022-04-17,0.0,90.0
2022-04-18,0.0,44.0
2022-04-19,0.0,44.1
2022-04-20,0.0,44.0
2022-04-21,0.0,45.0
2022-04-22,0.0,45.0
2022-04-23,0.0,0.0
2022-04-24,0.0,90.0
2022-04-25,0.0,44.5
2022-04-26,0.0,45.0
2022-04-27,0.0,47.42
2022-04-28,0.0,44.0
2022-04-29,0.0,44.5
2022-04-30,0.0,0.0
2022-05-01,0.0,45.0
2022-05-02,0.0,45.0
2022-05-03,0.0,45.0
2022-05-04,0.0,0.0
2022-05-05,0.0,0.0
2022-05-06,0.0,0.0
2022-05-07,0.0,0.0
2022-05-08,0.0,0.0
2022-05-09,0.0,0.0
2022-05-10,0.0,0.0
2022-05-11,0.0,0.0
2022-05-12,0.0,0.0
2022-05-13,0.0,0.0
2022-05-14,0.0,0.0
2022-05-15,0.0,0.0
2022-05-16,0.0,0.0
2022-05-17,0.0,0.0
2022-05-18,0.0,0.0
2022-05-19,0.0,0.0
2022-05-20,0.0,0.0
2022-05-21,0.0,0.0
2022-05-22,0.0,0.0
2022-05-23,0.0,0.0
2022-05-24,0.0,0.0
2022-05-25,0.0,0.0
2022-05-26,0.0,0.0
2022-05-27,0.0,0.0
2022-05-28,0.0,0.0
2022-05-29,0.0,0.0
2022-05-30,0.0,0.0
2022-05-31,0.0,0.0
2022-06-01,0.0,0.0
2022-06-02,0.0,0.0
2022-06-03,0.0,0.0
2022-06-04,0.0,0.0
2022-06-05,0.0,0.0
2022-06-06,0.0,0.0
2022-06-07,0.0,0.0
2022-06-08,0.0,0.0
2022-06-09,0.0,0.0
2022-06-10,0.0,0.0
2022-06-11,0.0,0.0
2022-06-12,0.0,0.0
2022-06-13,0.0,0.0
2022-06-14,0.0,0.0
2022-06-15,0.0,0.0
2022-06-16,0.0,0.0
2022-06-17,40.0,0.0
2022-06-18,207.15,0.0
2022-06-19,329.95,0.0
2022-06-20,320.75,0.0
2022-06-21,179.5,0.0
2022-06-22,98.8,0.0
2022-06-23,39.74,0.0
2022-06-24,0.0,0.0
2022-06-25,0.0,0.0
2022-06-26,346.69,0.0
2022-06-27,271.0,0.0
2022-06-28,0.0,0.0
2022-06-29,40.0,0.0
2022-06-30,39.1,0.0
2022-07-01,0.0,0.0
2022-07-02,0.0,0.0
2022-07-03,603.71,0.0
2022-07-04,254.97,0.0
2022-07-05,0.0,0.0
2022-07-06,80.0,0.0
2022-07-07,257.93,0.0
2022-07-08,48.39,0.0
2022-07-09,0.0,0.0
2022-07-10,356.031,0.0
2022-07-11,0.0,0.0
2022-07-12,0.0,0.0
2022-07-13,160.259,50.0
2022-07-14,0.0,100.0
2022-07-15,0.0,100.0
2022-07-16,83.843,0.0
2022-07-17,26.791,94.4
2022-07-18,27.285,100.0
2022-07-19,49.912,121.26
2022-07-20,166.875,100.55
2022-07-21,145.102,100.3
2022-07-22,0.0,100.2
2022-07-23,0.0,0.0
2022-07-24,57.96,209.3
2022-07-25,0.0,100.0
2022-07-26,8.245,100.0
2022-07-27,21.819,100.9
2022-07-28,0.0,100.95
2022-07-29,18.343,120.1
2022-07-30,68.314,0.0
2022-07-31,75.549,100.15
2022-08-01,0.0,150.0
2022-08-02,0.0,100.0
2022-08-03,0.0,58.0
2022-08-04,0.0,101.0
2022-08-05,26.692,0.0
2022-08-06,158.778,0.0
2022-08-07,33.405,92.44
2022-08-08,25.925,92.5
2022-08-09,0.0,80.0
2022-08-10,0.0,198.5
2022-08-11,0.0,125.95
2022-08-12,0.0,0.0
2022-08-13,29.224,0.0
2022-08-14,0.0,100.0
2022-08-15,0.0,0.0
2022-08-16,0.0,0.0
2022-08-17,18.7,0.0
2022-08-18,14.152,0.0
2022-08-19,26.435,0.0
2022-08-20,6.375,0.0
2022-08-21,0.0,100.0
2022-08-22,45.517,0.0
2022-08-23,31.2,140.0
2022-08-24,0.0,96.8
2022-08-25,0.0,90.4
2022-08-26,0.0,89.5
2022-08-27,72.239,0.0
2022-08-28,0.0,184.0
2022-08-29,20.952,176.5
2022-08-30,0.0,180.8
2022-08-31,0.0,245.789
2022-09-01,0.0,245.5
2022-09-02,0.0,137.4
2022-09-03,0.0,0.0
2022-09-04,0.0,171.736
2022-09-05,0.0,182.5
2022-09-06,0.0,412.638
2022-09-07,0.0,311.197
2022-09-08,0.0,50.0
2022-09-09,0.0,0.0
2022-09-10,0.0,0.0
2022-09-11,0.0,0.0
2022-09-12,0.0,100.0
2022-09-13,0.0,100.0
2022-09-14,0.0,50.4
2022-09-15,0.0,50.0
2022-09-16,0.0,0.0
2022-09-17,0.0,0.0
2022-09-18,0.0,100.0
2022-09-19,0.0,170.25
2022-09-20,0.0,100.0
2022-09-21,0.0,167.95
2022-09-22,0.0,180.0
2022-09-23,0.0,90.0
2022-09-24,0.0,0.0
2022-09-25,0.0,109.96
2022-09-26,0.0,220.0
2022-09-27,0.0,80.0
2022-09-28,0.0,120.04
2022-09-29,0.0,40.0
2022-09-30,0.0,80.0
2022-10-01,0.0,0.0
2022-10-02,0.0,30.0
2022-10-03,0.0,40.0
2022-10-04,0.0,30.0
2022-10-05,0.0,30.0
2022-10-06,0.0,30.0
2022-10-07,0.0,50.0
2022-10-08,0.0,0.0
2022-10-09,0.0,30.0
2022-10-10,0.0,0.0
2022-10-11,0.0,20.0
2022-10-12,0.0,0.0
2022-10-13,0.0,50.0
2022-10-14,0.0,60.0
2022-10-15,0.0,0.0
2022-10-16,0.0,240.0
2022-10-17,0.0,110.0
2022-10-18,0.0,150.0
2022-10-19,0.0,270.0
2022-10-20,0.0,330.0
2022-10-21,0.0,280.0
2022-10-22,0.0,0.0
2022-10-23,0.0,340.0
2022-10-24,0.0,100.0
2022-10-25,0.0,90.0
2022-10-26,0.0,60.0
2022-10-27,0.0,80.0
2022-10-28,0.0,80.0
2022-10-29,0.0,0.0
2022-10-30,0.0,80.0
2022-10-31,0.0,140.0
2022-11-01,0.0,90.0
2022-11-02,0.0,0.0
2022-11-03,0.0,0.0
2022-11-04,0.0,0.0
2022-11-05,0.0,0.0
2022-11-06,0.0,0.0
2022-11-07,0.0,0.0
2022-11-08,0.0,0.0
2022-11-09,0.0,0.0
2022-11-10,0.0,0.0
2022-11-11,0.0,0.0
2022-11-12,0.0,0.0
2022-11-13,0.0,0.0
2022-11-14,0.0,0.0
2022-11-15,0.0,0.0
2022-11-16,0.0,0.0
2022-11-17,49.25,0.0
2022-11-18,0.0,0.0
2022-11-19,0.0,0.0
2022-11-20,0.0,0.0
2022-11-21,0.0,0.0
2022-11-22,0.0,0.0
2022-11-23,0.0,0.0
2022-11-24,0.0,0.0
2022-11-25,0.0,0.0
2022-11-26,0.0,0.0
2022-11-27,0.0,0.0
2022-11-28,0.0,0.0
2022-11-29,0.0,0.0
2022-11-30,0.0,0.0
2022-12-01,0.0,0.0
2022-12-02,0.0,0.0
2022-12-03,0.0,0.0
2022-12-04,0.0,0.0
2022-12-05,0.0,0.0
2022-12-06,0.0,0.0
2022-12-07,40.0,0.0
2022-12-08,50.0,0.0
2022-12-09,399.35,0.0
2022-12-10,668.19,0.0
2022-12-11,687.25,0.0
2022-12-12,695.55,0.0
2022-12-13,787.69,0.0
2022-12-14,50.0,0.0
2022-12-15,0.0,0.0
2022-12-16,581.34,0.0
2022-12-17,240.8,0.0
2022-12-18,0.0,0.0
2022-12-19,0.0,0.0
2022-12-20,0.0,0.0
2022-12-21,0.0,0.0
2022-12-22,0.0,0.0
2022-12-23,0.0,0.0
2022-12-24,0.0,0.0
2022-12-25,0.0,0.0
2022-12-26,0.0,0.0
2022-12-27,0.0,0.0
2022-12-28,0.0,0.0
2022-12-29,130.0,0.0
2022-12-30,250.0,0.0
2022-12-31,539.85,0.0
2023-01-01,659.9,0.0
2023-01-02,719.37,0.0
2023-01-03,739.96,0.0
2023-01-04,710.86,0.0
2023-01-05,645.82,0.0
2023-01-06,470.13,0.0
2023-01-07,400.85,0.0
2023-01-08,317.22,0.0
2023-01-09,145.3,0.0
2023-01-10,50.3,0.0
2023-01-11,20.27,0.0
2023-01-12,0.0,0.0
2023-01-13,0.0,0.0
2023-01-14,0.0,0.0
2023-01-15,0.0,0.0
2023-01-16,0.0,0.0
2023-01-17,0.0,0.0
2023-01-18,0.0,0.0
2023-01-19,0.0,0.0
2023-01-20,0.0,0.0
2023-01-21,0.0,0.0
2023-01-22,0.0,0.0
2023-01-23,0.0,0.0
2023-01-24,0.0,0.0
2023-01-25,0.0,0.0
2023-01-26,0.0,0.0
2023-01-27,0.0,0.0
2023-01-28,0.0,0.0
2023-01-29,0.0,0.0
2023-01-30,0.0,0.0
2023-01-31,0.0,0.0
2023-02-01,0.0,0.0
2023-02-02,0.0,0.0
2023-02-03,0.0,0.0
2023-02-04,0.0,0.0
2023-02-05,0.0,0.0
2023-02-06,0.0,0.0
2023-02-07,0.0,0.0
2023-02-08,0.0,0.0
2023-02-09,0.0,0.0
2023-02-10,0.0,0.0
2023-02-11,0.0,0.0
2023-02-12,0.0,0.0
2023-02-13,0.0,0.0
2023-02-14,0.0,0.0
2023-02-15,0.0,0.0
2023-02-16,0.0,0.0
2023-02-17,0.0,0.0
2023-02-18,0.0,0.0
2023-02-19,0.0,0.0
2023-02-20,0.0,0.0
2023-02-21,0.0,0.0
2023-02-22,0.0,0.0
2023-02-23,0.0,0.0
2023-02-24,0.0,0.0
2023-02-25,0.0,0.0
2023-02-26,0.0,0.0
2023-02-27,0.0,0.0
2023-02-28,0.0,0.0
2023-03-01,0.0,0.0
2023-03-02,0.0,0.0
2023-03-03,0.0,0.0
2023-03-04,0.0,0.0
2023-03-05,0.0,0.0
2023-03-06,0.0,0.0
2023-03-07,0.0,0.0
2023-03-08,0.0,0.0
2023-03-09,0.0,0.0
2023-03-10,0.0,0.0
2023-03-11,0.0,0.0
2023-03-12,0.0,0.0
2023-03-13,0.0,0.0
2023-03-14,0.0,0.0
2023-03-15,0.0,0.0
2023-03-16,0.0,0.0
2023-03-17,0.0,0.0
2023-03-18,0.0,0.0
2023-03-19,0.0,0.0
2023-03-20,0.0,0.0
2023-03-21,0.0,0.0
2023-03-22,0.0,0.0
2023-03-23,0.0,0.0
2023-03-24,0.0,0.0
2023-03-25,0.0,0.0
2023-03-26,0.0,0.0
2023-03-27,0.0,0.0
2023-03-28,0.0,0.0
2023-03-29,0.0,18.04
2023-03-30,0.0,0.0
2023-03-31,0.0,0.0
2023-04-01,0.0,0.0
2023-04-02,0.0,0.0
2023-04-03,0.0,0.0
2023-04-04,0.0,0.0
2023-04-05,0.0,0.0
2023-04-06,0.0,0.0
2023-04-07,0.0,0.0
2023-04-08,0.0,0.0
2023-04-09,0.0,0.0
2023-04-10,0.0,0.0
2023-04-11,0.0,0.0
2023-04-12,0.0,0.0
2023-04-13,0.0,0.0
2023-04-14,0.0,0.0
2023-04-15,0.0,0.0
2023-04-16,0.0,0.0
2023-04-17,0.0,0.0
2023-04-18,0.0,0.0
2023-04-19,0.0,0.0
2023-04-20,0.0,0.0
2023-04-21,0.0,0.0
2023-04-22,0.0,0.0
2023-04-23,0.0,0.0
2023-04-24,0.0,0.0
2023-04-25,0.0,0.0
2023-04-26,0.0,0.0
2023-04-27,0.0,0.0
2023-04-28,0.0,0.0
2023-04-29,0.0,0.0
2023-04-30,0.0,0.0
2023-05-01,0.0,0.0
2023-05-02,0.0,0.0
2023-05-03,0.0,30.96
2023-05-04,0.0,30.24
2023-05-05,0.0,37.8
2023-05-06,0.0,0.0
2023-05-07,0.0,60.72
2023-05-08,0.0,53.16
2023-05-09,0.0,37.92
2023-05-10,0.0,22.8
2023-05-11,0.0,22.8
2023-05-12,0.0,0.0
2023-05-13,0.0,0.0
2023-05-14,0.0,0.0
2023-05-15,0.0,0.0
2023-05-16,0.0,22.86
2023-05-17,0.0,45.48
2023-05-18,0.0,37.98
2023-05-19,0.0,30.36
2023-05-20,0.0,0.0
2023-05-21,0.0,30.36
2023-05-22,0.0,22.74
2023-05-23,0.0,0.0
2023-05-24,0.0,0.0
2023-05-25,0.0,0.0
2023-05-26,0.0,0.0
2023-05-27,0.0,0.0
2023-05-28,0.0,0.0
2023-05-29,0.0,0.0
2023-05-30,0.0,0.0
2023-05-31,0.0,0.0
2023-06-01,0.0,0.0
2023-06-02,0.0,0.0
2023-06-03,0.0,0.0
2023-06-04,0.0,0.0
2023-06-05,29.15,0.0
2023-06-06,149.72,0.0
2023-06-07,329.9,0.0
2023-06-08,460.8,0.0
2023-06-09,382.3,0.0
2023-06-10,649.04,0.0
2023-06-11,200.0,0.0
2023-06-12,0.0,0.0
2023-06-13,140.0,0.0
2023-06-14,489.78,0.0
2023-06-15,100.0,0.0
2023-06-16,79.94,0.0
2023-06-17,669.84,0.0
2023-06-18,530.18,49.7
2023-06-19,490.41,19.88
2023-06-20,489.18,0.0
2023-06-21,269.96,29.82
2023-06-22,0.0,49.7
2023-06-23,0.0,9.94
2023-06-24,697.67,0.0
2023-06-25,629.74,9.94
2023-06-26,467.98,19.88
2023-06-27,0.0,46.34
2023-06-28,0.0,26.46
2023-06-29,386.5,29.82
2023-06-30,0.0,49.7
2023-07-01,0.0,0.0
2023-07-02,246.07,49.7
2023-07-03,395.92,39.76
2023-07-04,292.79,59.7
2023-07-05,10.94,0.0
2023-07-06,0.0,0.0
2023-07-07,361.57,0.0
2023-07-08,147.13,0.0
2023-07-09,149.29,0.0
2023-07-10,0.0,39.92
2023-07-11,0.0,26.46
2023-07-12,0.0,17.64
2023-07-13,0.0,26.46
2023-07-14,0.0,35.36
2023-07-15,0.0,0.0
2023-07-16,0.0,88.2
2023-07-17,0.0,0.0
2023-07-18,0.0,0.0
2023-07-19,0.0,0.0
2023-07-20,0.0,17.64
2023-07-21,0.0,8.82
2023-07-22,0.0,0.0
2023-07-23,0.0,0.0
2023-07-24,0.0,0.0
2023-07-25,0.0,0.0
2023-07-26,0.0,0.0
2023-07-27,0.0,0.0
2023-07-28,0.0,0.0
2023-07-29,0.0,0.0
2023-07-30,0.0,35.28
2023-07-31,0.0,44.1
2023-08-01,0.0,52.92
2023-08-02,0.0,114.66
2023-08-03,0.0,172.29
2023-08-04,0.0,0.0
2023-08-05,0.0,0.0
2023-08-06,0.0,255.78
2023-08-07,0.0,255.78
2023-08-08,0.0,191.76
2023-08-09,0.0,202.86
2023-08-10,0.0,282.24
2023-08-11,0.0,308.7
2023-08-12,0.0,0.0
2023-08-13,0.0,264.6
2023-08-14,0.0,220.5
2023-08-15,0.0,238.14
2023-08-16,0.0,202.86
2023-08-17,0.0,176.4
2023-08-18,0.0,149.94
2023-08-19,0.0,0.0
2023-08-20,0.0,202.86
2023-08-21,0.0,167.58
2023-08-22,0.0,176.4
2023-08-23,0.0,167.58
2023-08-24,0.0,153.72
2023-08-25,0.0,147.42
2023-08-26,0.0,0.0
2023-08-27,0.0,81.9
2023-08-28,0.0,44.1
2023-08-29,0.0,0.0
2023-08-30,0.0,0.0
2023-08-31,0.0,0.0
2023-09-01,0.0,0.0
2023-09-02,0.0,0.0
2023-09-03,0.0,0.0
2023-09-04,0.0,0.0
2023-09-05,0.0,0.0
2023-09-06,30.0,0.0
2023-09-07,30.0,0.0
2023-09-08,30.0,0.0
2023-09-09,30.0,0.0
2023-09-10,0.0,0.0
2023-09-11,10.0,0.0
2023-09-12,60.0,0.0
2023-09-13,80.26,0.0
2023-09-14,0.0,0.0
2023-09-15,0.0,0.0
2023-09-16,0.0,0.0
2023-09-17,0.0,0.0
2023-09-18,0.0,0.0
2023-09-19,0.0,0.0
2023-09-20,39.46,0.0
2023-09-21,0.0,0.0
2023-09-22,0.0,0.0
2023-09-23,70.0,0.0
2023-09-24,96.44,0.0
2023-09-25,69.65,0.0
2023-09-26,129.41,0.0
2023-09-27,0.0,0.0
2023-09-28,0.0,0.0
2023-09-29,0.0,0.0
2023-09-30,0.0,0.0
2023-10-01,0.0,0.0
2023-10-02,0.0,0.0
2023-10-03,0.0,0.0
2023-10-04,0.0,0.0
2023-10-05,0.0,0.0
2023-10-06,0.0,0.0
2023-10-07,0.0,0.0
2023-10-08,0.0,0.0
2023-10-09,0.0,0.0
2023-10-10,0.0,0.0
2023-10-11,0.0,0.0
2023-10-12,0.0,0.0
2023-10-13,0.0,0.0
2023-10-14,0.0,0.0
2023-10-15,0.0,44.1
2023-10-16,0.0,44.1
2023-10-17,0.0,44.1
2023-10-18,0.0,44.1
2023-10-19,0.0,42.98
2023-10-20,0.0,44.1
2023-10-21,0.0,0.0
2023-10-22,0.0,44.1
2023-10-23,0.0,44.1
2023-10-24,0.0,44.1
2023-10-25,0.0,44.1
2023-10-26,0.0,61.74
2023-10-27,0.0,45.57
2023-10-28,0.0,0.0
2023-10-29,0.0,0.0
2023-10-30,0.0,0.0
2023-10-31,0.0,0.0
2023-11-01,0.0,0.0
2023-11-02,0.0,0.0
2023-11-03,0.0,0.0
2023-11-04,0.0,0.0
2023-11-05,0.0,0.0
2023-11-06,0.0,0.0
2023-11-07,0.0,0.0
2023-11-08,0.0,0.0
2023-11-09,0.0,0.0
2023-11-10,0.0,0.0
2023-11-11,0.0,0.0
2023-11-12,0.0,0.0
2023-11-13,0.0,0.0
2023-11-14,0.0,0.0
2023-11-15,0.0,0.0
2023-11-16,0.0,0.0
2023-11-17,0.0,0.0
2023-11-18,0.0,0.0
2023-11-19,0.0,0.0
2023-11-20,0.0,0.0
2023-11-21,0.0,0.0
2023-11-22,0.0,0.0
2023-11-23,0.0,0.0
2023-11-24,0.0,0.0
2023-11-25,0.0,0.0
2023-11-26,0.0,0.0
2023-11-27,0.0,0.0
2023-11-28,0.0,0.0
2023-11-29,0.0,0.0
2023-11-30,0.0,0.0
2023-12-01,0.0,0.0
2023-12-02,0.0,0.0
2023-12-03,0.0,0.0
2023-12-04,0.0,0.0
2023-12-05,0.0,0.0
2023-12-06,0.0,0.0
2023-12-07,0.0,0.0
2023-12-08,0.0,0.0
2023-12-09,60.0,0.0
2023-12-10,648.0,0.0
2023-12-11,0.0,0.0
2023-12-12,0.0,0.0
2023-12-13,514.752,0.0
2023-12-14,201.216,0.0
2023-12-15,0.0,0.0
2023-12-16,0.0,0.0
2023-12-17,0.0,0.0
2023-12-18,0.0,0.0
2023-12-19,0.0,35.784
2023-12-20,24.0,71.568
2023-12-21,36.0,48.216
2023-12-22,0.0,34.44
2023-12-23,0.0,0.0
2023-12-24,0.0,105.84
2023-12-25,0.0,105.84
2023-12-26,0.0,52.92
2023-12-27,423.792,23.856
2023-12-28,745.632,35.784
2023-12-29,861.216,107.352
2023-12-30,360.144,0.0
2023-12-31,0.0,0.0
2024-01-01,60.0,0.0
2024-01-02,165.024,83.496
2024-01-03,161.28,78.12
2024-01-04,32.064,111.216
2024-01-05,96.768,52.92
2024-01-06,82.848,0.0
2024-01-07,0.0,52.92
2024-01-08,0.0,52.92
2024-01-09,0.0,52.92
2024-01-10,0.0,63.504
2024-01-11,0.0,52.92
2024-01-12,0.0,52.92
2024-01-13,0.0,0.0
2024-01-14,0.0,44.424
2024-01-15,0.0,42.336
2024-01-16,0.0,31.752
2024-01-17,0.0,31.752
2024-01-18,0.0,52.92
2024-01-19,0.0,31.752
2024-01-20,0.0,0.0
2024-01-21,0.0,74.088
2024-01-22,0.0,74.088
2024-01-23,0.0,95.256
2024-01-24,0.0,74.088
2024-01-25,0.0,74.088
2024-01-26,0.0,74.088
2024-01-27,0.0,0.0
2024-01-28,0.0,74.088
2024-01-29,0.0,74.088
2024-01-30,0.0,108.528
2024-01-31,0.0,164.136
2024-02-01,0.0,161.448
2024-02-02,0.0,119.112
2024-02-03,0.0,0.0
2024-02-04,0.0,161.448
2024-02-05,0.0,129.696
2024-02-06,0.0,164.976
2024-02-07,204.0,126.504
2024-02-08,168.0,67.74
2024-02-09,0.0,0.0
2024-02-10,0.0,0.0
2024-02-11,0.0,0.0
2024-02-12,0.0,63.504
2024-02-13,372.0,97.944
2024-02-14,12.0,90.384
2024-02-15,0.0,97.944
2024-02-16,420.0,31.752
2024-02-17,444.0,0.0
2024-02-18,252.0,52.92
2024-02-19,0.0,66.192
2024-02-20,0.0,31.752
2024-02-21,0.0,52.416
2024-02-22,0.0,52.416
2024-02-23,0.0,47.712
2024-02-24,0.0,0.0
2024-02-25,0.0,53.76
2024-02-26,0.0,41.856
2024-02-27,0.0,31.752
2024-02-28,0.0,31.752
2024-02-29,0.0,31.752
2024-03-01,0.0,0.0
2024-03-02,0.0,0.0
2024-03-03,0.0,31.752
2024-03-04,0.0,31.752
2024-03-05,0.0,31.752
2024-03-06,0.0,31.752
2024-03-07,0.0,34.44
2024-03-08,0.0,20.664
2024-03-09,0.0,0.0
2024-03-10,0.0,52.416
2024-03-11,0.0,31.752
2024-03-12,0.0,0.0
2024-03-13,0.0,52.368
2024-03-14,0.0,52.416
2024-03-15,0.0,52.416
2024-03-16,0.0,0.0
2024-03-17,0.0,76.776
2024-03-18,0.0,139.62
2024-03-19,0.0,84.672
2024-03-20,0.0,97.032
2024-03-21,0.0,84.672
2024-03-22,0.0,63.504
2024-03-23,0.0,0.0
2024-03-24,0.0,105.84
2024-03-25,0.0,84.672
2024-03-26,0.0,84.672
2024-03-27,0.0,84.384
2024-03-28,0.0,74.148
2024-03-29,0.0,74.088
2024-03-30,0.0,0.0
2024-03-31,0.0,137.676
2024-04-01,0.0,105.84
2024-04-02,0.0,105.84
2024-04-03,0.0,148.176
2024-04-04,0.0,158.76
2024-04-05,0.0,127.008
2024-04-06,0.0,0.0
2024-04-07,0.0,137.592
2024-04-08,0.0,169.344
2024-04-09,0.0,190.512
2024-04-10,0.0,161.784
2024-04-11,0.0,154.788
2024-04-12,0.0,105.84
2024-04-13,0.0,0.0
2024-04-14,0.0,104.34
2024-04-15,0.0,104.52
2024-04-16,0.0,105.84
2024-04-17,0.0,105.84
2024-04-18,0.0,105.84
2024-04-19,0.0,65.676
2024-04-20,0.0,0.0
2024-04-21,0.0,77.112
2024-04-22,0.0,74.088
2024-04-23,0.0,72.64
2024-04-24,20.0,93.808
2024-04-25,30.16,82.5
2024-04-26,40.56,82.52
2024-04-27,0.0,0.0
2024-04-28,0.0,103.104
2024-04-29,30.24,72.64
2024-04-30,30.24,72.076
2024-05-01,30.24,72.156
2024-05-02,20.16,72.348
2024-05-03,0.0,59.4
2024-05-04,0.0,0.0
2024-05-05,0.0,59.15
2024-05-06,0.0,69.34
2024-05-07,0.0,39.76
2024-05-08,0.0,39.76
2024-05-09,0.0,39.74
2024-05-10,0.0,0.0
2024-05-11,0.0,0.0
2024-05-12,0.0,39.78
2024-05-13,0.0,0.0
2024-05-14,0.0,29.82
2024-05-15,0.0,39.76
2024-05-16,0.0,39.76
2024-05-17,0.0,39.76
2024-05-18,0.0,0.0
2024-05-19,0.0,39.76
2024-05-20,0.0,39.76
2024-05-21,0.0,39.76
2024-05-22,0.0,49.7
2024-05-23,0.0,49.7
2024-05-24,24.4,0.0
2024-05-25,0.0,0.0
2024-05-26,0.0,0.0
2024-05-27,0.0,0.0
2024-05-28,0.0,0.0
2024-05-29,0.0,0.0
2024-05-30,0.0,24.06
2024-05-31,0.0,0.0
2024-06-01,0.0,0.0
2024-06-02,80.0,0.0
2024-06-03,361.6,0.0
2024-06-04,257.84,0.0
2024-06-05,237.2,0.0
2024-06-06,449.36,0.0
2024-06-07,505.76,0.0
2024-06-08,370.0,0.0
2024-06-09,0.0,0.0
2024-06-10,239.6,0.0
2024-06-11,664.76,0.0
2024-06-12,643.76,0.0
2024-06-13,522.93,0.0
2024-06-14,499.2,0.0
2024-06-15,0.0,0.0
2024-06-16,0.0,0.0
2024-06-17,387.2,0.0
2024-06-18,109.56,0.0
2024-06-19,210.96,0.0
2024-06-20,269.64,0.0
2024-06-21,190.63,0.0
2024-06-22,0.0,0.0
2024-06-23,0.0,0.0
2024-06-24,0.0,0.0
2024-06-25,0.0,0.0
2024-06-26,0.0,0.0
2024-06-27,0.0,0.0
2024-06-28,0.0,0.0
2024-06-29,0.0,0.0
2024-06-30,0.0,0.0
2024-07-01,0.0,0.0
2024-07-02,0.0,29.82
2024-07-03,0.0,49.7
2024-07-04,149.91,50.14
2024-07-05,239.85,69.58
2024-07-06,349.28,0.0
2024-07-07,229.7,99.4
2024-07-08,30.0,99.4
2024-07-09,0.0,129.14
2024-07-10,0.0,129.14
2024-07-11,0.0,148.86
2024-07-12,97.04,97.27
2024-07-13,0.0,0.0
2024-07-14,0.0,125.86
2024-07-15,0.0,129.22
2024-07-16,9.5,129.22
2024-07-17,0.0,159.04
2024-07-18,0.0,193.66
2024-07-19,0.0,173.28
2024-07-20,0.0,0.0
2024-07-21,0.0,149.1
2024-07-22,0.0,144.84
2024-07-23,0.0,125.26
2024-07-24,0.0,180.33
2024-07-25,0.0,176.68
2024-07-26,0.0,148.52
2024-07-27,0.0,0.0
2024-07-28,0.0,178.92
2024-07-29,0.0,175.14
2024-07-30,0.0,169.4
2024-07-31,0.0,129.22
2024-08-01,0.0,163.66
2024-08-02,0.0,0.0
2024-08-03,0.0,0.0
2024-08-04,0.0,159.04
2024-08-05,0.0,145.78
2024-08-06,0.0,128.1
2024-08-07,0.0,162.54
2024-08-08,0.0,215.02
2024-08-09,0.0,214.18
2024-08-10,0.0,0.0
2024-08-11,0.0,263.9
2024-08-12,0.0,245.12
2024-08-13,0.0,245.14
2024-08-14,0.0,245.14
2024-08-15,0.0,244.02
2024-08-16,0.0,234.08
2024-08-17,0.0,0.0
2024-08-18,0.0,271.6
2024-08-19,0.0,242.9
2024-08-20,0.0,242.9
2024-08-21,0.0,211.49
2024-08-22,0.0,216.63
2024-08-23,0.0,173.32
2024-08-24,0.0,0.0
2024-08-25,0.0,149.1
2024-08-26,0.0,142.8
2024-08-27,0.0,117.94
2024-08-28,0.0,120.52
2024-08-29,0.0,126.28
2024-08-30,0.0,95.83
2024-08-31,0.0,0.0
2024-09-01,0.0,86.1
2024-09-02,0.0,87.22
2024-09-03,0.0,52.44
2024-09-04,0.0,25.16
2024-09-05,0.0,21.14
2024-09-06,0.0,0.0
2024-09-07,0.0,0.0
2024-09-08,0.0,0.0
2024-09-09,0.0,0.0
2024-09-10,0.0,0.0
2024-09-11,0.0,0.0
2024-09-12,0.0,0.0
2024-09-13,0.0,0.0
2024-09-14,0.0,0.0
2024-09-15,0.0,0.0
2024-09-16,0.0,0.0
2024-09-17,0.0,0.0
2024-09-18,0.0,0.0
2024-09-19,0.0,0.0
2024-09-20,0.0,0.0
2024-09-21,0.0,0.0
2024-09-22,0.0,0.0
2024-09-23,0.0,0.0
2024-09-24,0.0,0.0
2024-09-25,0.0,0.0
2024-09-26,0.0,0.0
2024-09-27,0.0,0.0
2024-09-28,0.0,0.0
2024-09-29,0.0,0.0
2024-09-30,0.0,0.0
2024-10-01,0.0,0.0
2024-10-02,0.0,0.0
2024-10-03,0.0,0.0
2024-10-04,0.0,0.0
2024-10-05,0.0,0.0
2024-10-06,0.0,0.0
2024-10-07,0.0,0.0
2024-10-08,0.0,42.6
2024-10-09,0.0,45.44
2024-10-10,0.0,45.44
2024-10-11,0.0,45.44
2024-10-12,0.0,0.0
2024-10-13,0.0,34.08
2024-10-14,0.0,65.32
2024-10-15,0.0,75.18
2024-10-16,0.0,63.19
2024-10-17,0.0,39.5
2024-10-18,0.0,29.82
2024-10-19,0.0,0.0
2024-10-20,0.0,29.82
2024-10-21,0.0,89.46
2024-10-22,0.0,89.46
2024-10-23,0.0,0.0
2024-10-24,0.0,0.0
2024-10-25,0.0,0.0
2024-10-26,0.0,0.0
2024-10-27,0.0,0.0
2024-10-28,0.0,0.0
2024-10-29,0.0,0.0
2024-10-30,0.0,0.0
2024-10-31,0.0,0.0
2024-11-01,0.0,0.0
2024-11-02,0.0,0.0
2024-11-03,0.0,0.0
2024-11-04,0.0,0.0
2024-11-05,0.0,0.0
2024-11-06,0.0,0.0
2024-11-07,0.0,0.0
2024-11-08,0.0,0.0
2024-11-09,0.0,0.0
2024-11-10,0.0,0.0
2024-11-11,0.0,0.0
2024-11-12,0.0,0.0
2024-11-13,0.0,0.0
2024-11-14,0.0,0.0
2024-11-15,0.0,0.0
2024-11-16,0.0,0.0
2024-11-17,0.0,0.0
2024-11-18,0.0,0.0
2024-11-19,0.0,0.0
2024-11-20,0.0,0.0
2024-11-21,0.0,0.0
2024-11-22,0.0,0.0
2024-11-23,0.0,0.0
2024-11-24,0.0,0.0
2024-11-25,0.0,0.0
2024-11-26,0.0,0.0
2024-11-27,0.0,0.0
2024-11-28,0.0,0.0
2024-11-29,0.0,0.0
2024-11-30,0.0,0.0
2024-12-01,0.0,0.0
2024-12-02,0.0,0.0
2024-12-03,0.0,0.0
2024-12-04,0.0,0.0
2024-12-05,0.0,0.0
2024-12-06,0.0,0.0
2024-12-07,0.0,0.0
2024-12-08,0.0,0.0
2024-12-09,0.0,0.0
2024-12-10,0.0,0.0
2024-12-11,0.0,0.0
2024-12-12,0.0,0.0
2024-12-13,0.0,0.0
2024-12-14,0.0,0.0
2024-12-15,0.0,0.0
2024-12-16,0.0,0.0
2024-12-17,0.0,0.0
2024-12-18,0.0,0.0
2024-12-19,0.0,0.0
2024-12-20,0.0,0.0
2024-12-21,0.0,0.0
2024-12-22,69.4,0.0
2024-12-23,160.0,0.0
2024-12-24,355.28,0.0
2024-12-25,411.16,0.0
2024-12-26,464.68,0.0
2024-12-27,427.9,0.0
2024-12-28,52.92,0.0
2024-12-29,100.0,0.0
2024-12-30,208.5,0.0
2024-12-31,295.84,0.0
2025-01-01,210.0,0.0
2025-01-02,214.32,0.0
2025-01-03,80.0,0.0
2025-01-04,80.0,0.0
2025-01-05,0.0,109.34
2025-01-06,0.0,109.34
2025-01-07,0.0,129.22
2025-01-08,0.0,108.7
2025-01-09,0.0,97.82
2025-01-10,0.0,58.5
2025-01-11,0.0,0.0
2025-01-12,0.0,58.38
2025-01-13,0.0,39.76
2025-01-14,0.0,19.88
2025-01-15,0.0,0.0
2025-01-16,0.0,45.92
2025-01-17,0.0,0.0
2025-01-18,0.0,0.0
2025-01-19,0.0,49.7
2025-01-20,0.0,49.7
2025-01-21,0.0,49.7
2025-01-22,0.0,49.7
2025-01-23,0.0,49.7
2025-01-24,0.0,0.0
2025-01-25,0.0,0.0
2025-01-26,0.0,0.0
2025-01-27,0.0,0.0
2025-01-28,0.0,0.0
2025-01-29,0.0,0.0
2025-01-30,0.0,0.0
2025-01-31,0.0,0.0
2025-02-01,0.0,0.0
2025-02-02,0.0,0.0
2025-02-03,0.0,0.0
2025-02-04,0.0,0.0
2025-02-05,0.0,0.0
2025-02-06,0.0,0.0
2025-02-07,0.0,0.0
2025-02-08,0.0,0.0
2025-02-09,0.0,0.0
2025-02-10,0.0,0.0
2025-02-11,0.0,0.0
2025-02-12,0.0,0.0
2025-02-13,0.0,0.0
2025-02-14,0.0,0.0
2025-02-15,0.0,0.0
2025-02-16,0.0,0.0
2025-02-17,0.0,0.0
2025-02-18,0.0,0.0
2025-02-19,0.0,0.0
2025-02-20,0.0,0.0
2025-02-21,0.0,0.0
2025-02-22,0.0,0.0
2025-02-23,0.0,0.0
2025-02-24,0.0,0.0
2025-02-25,0.0,0.0
2025-02-26,0.0,0.0
2025-02-27,0.0,0.0
2025-02-28,0.0,0.0
2025-03-01,0.0,0.0
2025-03-02,0.0,0.0
2025-03-03,0.0,0.0
2025-03-04,0.0,0.0
2025-03-05,0.0,22.96
2025-03-06,0.0,82.6
2025-03-07,0.0,71.12
2025-03-08,0.0,0.0
2025-03-09,0.0,59.64
2025-03-10,0.0,71.12
2025-03-11,0.0,71.12
2025-03-12,0.0,59.64
2025-03-13,0.0,71.12
2025-03-14,0.0,59.64
2025-03-15,0.0,0.0
2025-03-16,0.0,78.81
2025-03-17,0.0,59.64
2025-03-18,0.0,82.6
2025-03-19,0.0,82.6
2025-03-20,0.0,82.6
2025-03-21,0.0,82.6
2025-03-22,0.0,0.0
2025-03-23,0.0,69.58
2025-03-24,0.0,86.8
2025-03-25,0.0,86.8
2025-03-26,0.0,86.8
2025-03-27,0.0,69.58
2025-03-28,0.0,69.58
2025-03-29,0.0,0.0
2025-03-30,0.0,69.58
2025-03-31,0.0,69.58
2025-04-01,0.0,59.64
2025-04-02,0.0,59.64
2025-04-03,0.0,79.52
2025-04-04,0.0,85.36
2025-04-05,0.0,0.0
2025-04-06,0.0,89.46
2025-04-07,0.0,65.38
2025-04-08,0.0,59.93
2025-04-09,0.0,58.52
2025-04-10,0.0,58.52
2025-04-11,0.0,48.58
2025-04-12,0.0,0.0
2025-04-13,0.0,26.98
2025-04-14,0.0,28.7
2025-04-15,0.0,34.44
2025-04-16,0.0,22.96
2025-04-17,0.0,0.0
2025-04-18,0.0,0.0
2025-04-19,0.0,0.0
2025-04-20,0.0,0.0
2025-04-21,0.0,22.96
2025-04-22,0.0,0.0
2025-04-23,0.0,0.0
2025-04-24,0.0,0.0
2025-04-25,0.0,39.76
2025-04-26,0.0,0.0
2025-04-27,0.0,39.76
2025-04-28,0.0,39.76
2025-04-29,0.0,29.82
2025-04-30,0.0,39.76
2025-05-01,0.0,79.52
2025-05-02,0.0,69.58
2025-05-03,0.0,0.0
2025-05-04,0.0,69.58
2025-05-05,0.0,69.58
2025-05-06,0.0,69.58
2025-05-07,0.0,69.58
2025-05-08,0.0,59.64
2025-05-09,0.0,19.88
2025-05-10,0.0,0.0
2025-05-11,0.0,0.0
2025-05-12,0.0,9.94
2025-05-13,0.0,39.76
2025-05-14,0.0,19.88
2025-05-15,0.0,9.94
2025-05-16,0.0,0.0
2025-05-17,0.0,0.0
2025-05-18,0.0,0.0
2025-05-19,100.0,0.0
2025-05-20,110.0,0.0
2025-05-21,70.0,0.0
2025-05-22,110.0,0.0
2025-05-23,40.0,0.0
2025-05-24,0.0,0.0
2025-05-25,0.0,0.0
2025-05-26,130.0,0.0
2025-05-27,119.95,0.0
2025-05-28,40.0,0.0
2025-05-29,165.3,0.0
2025-05-30,181.38,0.0
2025-05-31,0.0,0.0
2025-06-01,141.16,0.0
2025-06-02,351.5,19.88
2025-06-03,140.0,19.8
2025-06-04,285.36,19.8
2025-06-05,244.19,19.8
2025-06-06,111.64,19.88
2025-06-07,248.28,0.0
2025-06-08,241.89,0.0
2025-06-09,73.38,0.0
2025-06-10,194.44,0.0
2025-06-11,397.32,0.0
2025-06-12,528.86,0.0
2025-06-13,493.04,0.0
2025-06-14,50.82,0.0
2025-06-15,0.0,0.0
2025-06-16,229.57,0.0
2025-06-17,140.0,0.0
2025-06-18,325.41,0.0
2025-06-19,469.08,0.0
2025-06-20,393.66,0.0
2025-06-21,0.0,0.0
2025-06-22,0.0,0.0
2025-06-23,373.5,0.0
2025-06-24,394.96,0.0
2025-06-25,113.5,0.0
2025-06-26,23.52,0.0
2025-06-27,169.47,0.0
2025-06-28,503.25,0.0
2025-06-29,200.94,0.0
2025-06-30,369.67,0.0
2025-07-01,306.89,0.0
2025-07-02,104.0,0.0
2025-07-03,312.5,9.94
2025-07-04,333.98,0.0
2025-07-05,262.21,0.0
2025-07-06,106.88,0.0
2025-07-07,116.6,9.94
2025-07-08,10.0,9.94
2025-07-09,0.0,29.62
2025-07-10,50.0,29.82
2025-07-11,71.25,80.69
2025-07-12,0.0,0.0
2025-07-13,0.0,80.94
2025-07-14,0.0,91.17
2025-07-15,0.0,130.64
2025-07-16,0.0,128.12
2025-07-17,0.0,150.52
2025-07-18,0.0,132.3
2025-07-19,0.0,0.0
2025-07-20,0.0,141.12
2025-07-21,0.0,218.68
2025-07-22,0.0,151.31
2025-07-23,0.0,161.26
2025-07-24,0.0,129.22
2025-07-25,0.0,109.21
2025-07-26,0.0,0.0
2025-07-27,0.0,79.52
2025-07-28,0.0,89.46
2025-07-29,0.0,49.7
2025-07-30,0.0,137.22
2025-07-31,0.0,142.66
2025-08-01,0.0,0.0
2025-08-02,0.0,0.0
2025-08-03,0.0,109.984
2025-08-04,0.0,125.664
2025-08-05,0.0,192.584
2025-08-06,0.0,212.464
2025-08-07,0.0,212.464
2025-08-08,0.0,187.672
2025-08-09,0.0,0.0
2025-08-10,0.0,201.628
2025-08-11,0.0,189.924
2025-08-12,0.0,142.884
2025-08-13,0.0,132.72
2025-08-14,0.0,151.06
2025-08-15,0.0,142.61
2025-08-16,0.0,0.0
2025-08-17,0.0,146.43
2025-08-18,0.0,134.26
2025-08-19,0.0,115.92
2025-08-20,0.0,98.28
2025-08-21,0.0,101.36
2025-08-22,0.0,131.6
2025-08-23,0.0,0.0
2025-08-24,0.0,107.324
2025-08-25,0.0,126.98
2025-08-26,0.0,131.6
2025-08-27,0.0,105.98
2025-08-28,0.0,148.4
2025-08-29,0.0,143.31
2025-08-30,0.0,0.0
2025-08-31,0.0,115.304
2025-09-01,0.0,154.13
2025-09-02,0.0,154.116
2025-09-03,0.0,169.176
2025-09-04,0.0,154.874
2025-09-05,0.0,163.3
2025-09-06,0.0,0.0
2025-09-07,0.0,127.232
2025-09-08,48.0,182.896
2025-09-09,16.0,210.728
2025-09-10,32.0,119.216
2025-09-11,48.0,127.36
2025-09-12,40.0,39.76
2025-09-13,0.0,0.0
2025-09-14,0.0,39.632
2025-09-15,64.0,0.0
2025-09-16,144.0,7.888
2025-09-17,0.0,0.0
2025-09-18,56.0,0.0
2025-09-19,150.496,0.0
2025-09-20,40.0,0.0
2025-09-21,96.0,0.0
2025-09-22,159.992,0.0
2025-09-23,153.344,0.0
2025-09-24,128.0,23.84
2025-09-25,8.0,39.728
2025-09-26,80.0,39.76
2025-09-27,0.0,0.0
2025-09-28,56.0,15.904
2025-09-29,40.0,7.952
2025-09-30,112.128,7.952
2025-10-01,112.0,7.952
2025-10-02,144.0,126.416
2025-10-03,0.0,0.0
2025-10-04,0.0,0.0
2025-10-05,0.0,0.0
2025-10-06,0.0,0.0
2025-10-07,0.0,0.0
2025-10-08,0.0,79.52
2025-10-09,0.0,79.52
2025-10-10,16.0,63.616
2025-10-11,0.0,0.0
2025-10-12,0.0,0.0
2025-10-13,0.0,39.488
2025-10-14,0.0,0.0
2025-10-15,104.0,0.0
2025-10-16,72.0,0.0
2025-10-17,120.0,0.0
2025-10-18,0.0,0.0
2025-10-19,160.0,0.0
2025-10-20,186.16,0.0
2025-10-21,88.0,0.0
2025-10-22,96.0,0.0
2025-10-23,112.0,0.0
2025-10-24,136.0,0.0
2025-10-25,0.0,0.0
2025-10-26,0.0,0.0
2025-10-27,58.696,0.0
2025-10-28,48.104,0.0
2025-10-29,58.696,0.0
2025-10-30,53.36,0.0
2025-10-31,42.688,0.0
2025-11-01,0.0,0.0
2025-11-02,0.0,0.0
2025-11-03,80.04,0.0
2025-11-04,64.032,0.0
2025-11-05,69.368,0.0
2025-11-06,37.352,0.0
2025-11-07,53.36,0.0
2025-11-08,0.0,0.0
2025-11-09,0.0,45.92
2025-11-10,0.0,68.88
2025-11-11,0.0,78.064
2025-11-12,0.0,78.064
2025-11-13,0.0,91.84
2025-11-14,0.0,55.104
2025-11-15,0.0,0.0
2025-11-16,0.0,43.668
2025-11-17,10.0,75.66
2025-11-18,20.0,61.048
2025-11-19,0.0,32.696
2025-11-20,30.0,29.58
2025-11-21,20.0,29.66
2025-11-22,0.0,0.0
2025-11-23,0.0,89.46
2025-11-24,10.0,99.4
2025-11-25,70.0,99.4
2025-11-26,0.0,119.28
2025-11-27,0.0,148.62
2025-11-28,20.0,129.22
2025-11-29,0.0,0.0
2025-11-30,0.0,99.4
2025-12-01,30.0,49.7
2025-12-02,40.0,69.58
2025-12-03,19.82,29.82
2025-12-04,90.0,0.0
2025-12-05,0.0,99.4
2025-12-06,0.0,0.0
2025-12-07,0.0,89.46
2025-12-08,90.0,0.0
2025-12-09,90.0,0.0
2025-12-10,100.0,0.0
2025-12-11,80.0,0.0
2025-12-12,30.0,0.0
2025-12-13,0.0,0.0
2025-12-14,0.0,0.0
2025-12-15,96.74,19.83
2025-12-16,216.72,39.44
2025-12-17,173.37,29.58
2025-12-18,206.77,29.58
2025-12-19,200.1,0.0
2025-12-20,213.44,0.0
2025-12-21,0.0,0.0
2025-12-22,350.1,0.0
2025-12-23,373.42,0.0
2025-12-24,300.07,0.0
2025-12-25,60.0,0.0
2025-12-26,313.41,0.0
2025-12-27,0.0,0.0
2025-12-28,40.0,0.0
2025-12-29,410.07,0.0
2025-12-30,336.71,0.0
2025-12-31,200.0,0.0
