year,month,level,on_price,off_price,gov_release_ton
2025,1,주의,7134,8039,150
2025,1,경계,8039,9101,200
2025,1,심각,9101,,300
2024,1,주의,9137,10547,150
2023,1,주의,9352,10725,150
2024,1,경계,10547,12200,200
2023,1,경계,10725,12336,200
2024,1,심각,12200,,300
2023,1,심각,12336,,300
2024,2,주의,9137,10547,150
2025,2,주의,9177,10342,150
2023,2,주의,9352,10725,150
2025,2,경계,10342,11708,200
2024,2,경계,10547,12200,200
2023,2,경계,10725,12336,200
2025,2,심각,11708,,300
2024,2,심각,12200,,300
2023,2,심각,12336,,300
2024,3,주의,9137,10547,150
2023,3,주의,9352,10725,150
2025,3,주의,10266,11569,150
2024,3,경계,10547,12200,200
2023,3,경계,10725,12336,200
2025,3,경계,11569,13097,200
2024,3,심각,12200,,300
2023,3,심각,12336,,300
2025,3,심각,13097,,300
2024,4,주의,9137,10547,150
2023,4,주의,9352,10725,150
2024,4,경계,10547,12200,200
2023,4,경계,10725,12336,200
2025,4,주의,10999,12395,150
2024,4,심각,12200,,300
2023,4,심각,12336,,300
2025,4,경계,12395,14032,200
2025,4,심각,14032,,300
2023,5,주의,7464,8694,150
2023,5,경계,8694,10137,200
2024,5,주의,8802,20022,150
2024,5,경계,20022,11453,200
2023,5,심각,10137,,300
2025,5,주의,10416,11667,150
2024,5,심각,11453,,300
2025,5,경계,11667,14926,200
2025,5,심각,14926,,300
2025,6,주의,81508,9530,150
2023,6,주의,8802,20022,150
2024,6,주의,8802,20022,150
2025,6,경계,9530,12191,200
2023,6,경계,20022,11453,200
2024,6,경계,20022,11453,200
2023,6,심각,11453,,300
2024,6,심각,11453,,300
2025,6,심각,12191,,300
2025,7,주의,11971,14274,150
2025,7,경계,14274,21020,200
2023,7,주의,14544,17629,150
2024,7,주의,30040,18028,150
2023,7,경계,17629,21248,200
2024,7,경계,18028,21533,200
2025,7,심각,21020,,300
2023,7,심각,21248,,300
2024,7,심각,21533,,300
2023,8,주의,14544,17629,150
2024,8,주의,30040,18028,150
2023,8,경계,17629,21248,200
2024,8,경계,18028,21533,200
2025,8,주의,18311,21834,150
2023,8,심각,21248,,300
2024,8,심각,21533,,300
2025,8,경계,21834,32153,200
2025,8,심각,32153,,300
2023,9,주의,14544,17629,150
2024,9,주의,30040,18028,150
2023,9,경계,17629,21248,200
2024,9,경계,18028,21533,200
2023,9,심각,21248,,300
2024,9,심각,21533,,300
2025,9,주의,24540,29261,150
2025,9,경계,29261,43090,200
2025,9,심각,43090,,300
2025,10,주의,12988,15487,150
2023,10,주의,14544,17629,150
2024,10,주의,30040,18028,150
2025,10,경계,15487,22806,200
2023,10,경계,17629,21248,200
2024,10,경계,18028,21533,200
2023,10,심각,21248,,300
2024,10,심각,21533,,300
2025,10,심각,22806,,300
2023,11,주의,7433,8628,150
2024,11,주의,78150,8935,150
2025,11,주의,83150,11405,150
2023,11,경계,8628,20030,200
2024,11,경계,8935,10208,200
2023,11,심각,20030,,300
2024,11,심각,10208,,300
2025,11,경계,11405,18025,200
2025,11,심각,18025,,300
2025,12,주의,7429,10147,150
2023,12,주의,7433,8628,150
2024,12,주의,78150,8935,150
2023,12,경계,8628,20030,200
2024,12,경계,8935,10208,200
2023,12,심각,20030,,300
2025,12,경계,10147,16037,200
2024,12,심각,10208,,300
2025,12,심각,16037,,300