date,price,total_inflow,gov_purchase,gov_release
2010-07-01,5499.0,611.2,0.0,0.0
2010-07-02,5837.0,532.25,0.0,0.0
2010-07-03,6213.0,470.85,0.0,0.0
2010-07-05,6259.0,562.8,0.0,0.0
2010-07-06,6182.0,693.15,0.0,0.0
2010-07-07,6327.0,679.2,0.0,0.0
2010-07-08,6020.0,657.65,0.0,0.0
2010-07-09,7058.0,495.0,0.0,0.0
2010-07-10,8076.0,479.4,0.0,0.0
2010-07-12,7844.0,718.97,0.0,0.0
2010-07-13,7995.0,758.15,0.0,0.0
2010-07-14,7975.0,648.69,0.0,0.0
2010-07-15,8832.0,472.5,0.0,0.0
2010-07-16,8002.0,644.9,0.0,0.0
2010-07-17,9622.0,622.54,0.0,0.0
2010-07-19,10402.0,543.67,0.0,0.0
2010-07-20,9087.0,663.0,0.0,0.0
2010-07-21,8580.0,568.0,0.0,0.0
2010-07-22,8006.0,519.15,0.0,0.0
2010-07-23,9430.0,480.07,0.0,0.0
2010-07-24,10048.0,445.55,0.0,0.0
2010-07-26,7980.0,846.17,0.0,0.0
2010-07-27,8008.0,735.38,0.0,0.0
2010-07-28,8776.0,570.5,0.0,0.0
2010-07-29,8169.0,782.21,0.0,0.0
2010-07-30,8014.0,677.18,0.0,0.0
2010-07-31,5642.0,642.3,0.0,0.0
2010-08-02,7570.0,668.6,0.0,0.0
2010-08-03,6627.0,649.96,0.0,0.0
2010-08-04,7642.0,499.95,0.0,0.0
2010-08-05,7595.0,615.15,0.0,0.0
2010-08-06,6951.0,723.0,0.0,0.0
2010-08-07,7204.0,601.3,0.0,0.0
2010-08-09,6398.0,839.1,0.0,0.0
2010-08-10,6141.0,811.0,0.0,0.0
2010-08-11,6790.0,652.45,0.0,0.0
2010-08-12,7012.0,586.4,0.0,0.0
2010-08-13,6080.0,866.2,0.0,0.0
2010-08-14,6911.0,590.8,0.0,0.0
2010-08-16,6097.0,866.59,0.0,0.0
2010-08-17,5444.0,1011.1,0.0,0.0
2010-08-18,6443.0,748.27,0.0,0.0
2010-08-19,6520.0,634.95,0.0,0.0
2010-08-20,6140.0,747.35,0.0,0.0
2010-08-21,6791.0,710.6,0.0,0.0
2010-08-23,6412.0,967.75,0.0,0.0
2010-08-24,6745.0,839.85,0.0,0.0
2010-08-25,7271.0,768.9,0.0,0.0
2010-08-26,6666.0,835.45,0.0,0.0
2010-08-27,6182.0,842.45,0.0,0.0
2010-08-28,6512.0,830.7,0.0,0.0
2010-08-30,6943.0,1079.0,0.0,0.0
2010-08-31,6129.0,908.4,0.0,0.0
2010-09-01,12470.0,1045.8,0.0,0.0
2010-09-02,19910.0,659.25,0.0,0.0
2010-09-03,27232.0,305.16,0.0,0.0
2010-09-04,8533.0,953.2,0.0,0.0
2010-09-06,9516.0,1048.75,0.0,0.0
2010-09-07,10010.0,888.05,0.0,0.0
2010-09-08,11040.0,950.35,0.0,0.0
2010-09-09,12339.0,1046.9,0.0,0.0
2010-09-10,12470.0,1045.8,0.0,0.0
2010-09-11,12618.0,958.42,0.0,0.0
2010-09-13,13322.0,915.82,0.0,0.0
2010-09-14,14337.0,1053.37,0.0,0.0
2010-09-15,14911.0,1124.66,0.0,0.0
2010-09-16,15053.0,909.13,0.0,0.0
2010-09-17,15301.0,798.07,0.0,0.0
2010-09-18,15793.0,850.08,0.0,0.0
2010-09-20,19910.0,659.25,0.0,0.0
2010-09-21,23435.0,193.7,0.0,0.0
2010-09-25,27543.0,341.2,0.0,0.0
2010-09-27,36238.0,430.97,0.0,0.0
2010-09-28,30591.0,482.0,0.0,0.0
2010-09-29,24408.0,445.0,0.0,0.0
2010-09-30,27232.0,305.16,0.0,0.0
2011-07-01,2738.0,343.0,0.0,0.0
2011-07-02,2326.0,522.0,0.0,0.0
2011-07-04,2481.0,517.0,0.0,0.0
2011-07-05,3524.0,416.0,0.0,0.0
2011-07-06,4054.0,587.0,0.0,0.0
2011-07-07,3391.0,714.0,0.0,0.0
2011-07-08,3609.0,466.0,0.0,0.0
2011-07-09,4216.0,313.0,0.0,0.0
2011-07-11,4430.0,524.0,0.0,0.0
2011-07-12,4363.0,650.0,0.0,0.0
2011-07-13,4342.0,559.0,0.0,0.0
2011-07-14,5281.0,530.0,0.0,0.0
2011-07-15,5333.0,532.0,0.0,0.0
2011-07-16,5647.0,475.0,0.0,0.0
2011-07-18,5603.0,706.0,0.0,0.0
2011-07-19,5369.0,752.0,0.0,0.0
2011-07-20,7853.0,477.0,0.0,0.0
2011-07-21,6455.0,550.0,0.0,0.0
2011-07-22,5881.0,698.0,0.0,0.0
2011-07-23,9502.0,333.0,0.0,0.0
2011-07-25,9872.0,571.0,0.0,0.0
2011-07-26,8685.0,655.0,0.0,0.0
2011-07-27,7796.0,655.0,0.0,0.0
2011-07-28,5964.0,504.0,0.0,0.0
2011-07-29,9007.0,378.0,0.0,0.0
2011-07-30,9096.0,510.0,0.0,0.0
2011-08-01,8618.0,739.0,0.0,0.0
2011-08-02,7556.0,526.0,0.0,0.0
2011-08-03,7759.0,599.0,0.0,0.0
2011-08-04,7728.0,667.0,0.0,0.0
2011-08-05,9861.0,517.0,0.0,0.0
2011-08-06,6921.0,254.0,0.0,0.0
2011-08-08,9382.0,675.0,0.0,0.0
2011-08-09,8934.0,595.0,0.0,0.0
2011-08-10,9094.0,662.0,0.0,0.0
2011-08-11,8791.0,644.0,0.0,0.0
2011-08-12,9903.0,499.0,0.0,0.0
2011-08-13,10136.0,510.0,0.0,0.0
2011-08-15,10068.0,636.0,0.0,0.0
2011-08-16,9674.0,614.0,0.0,0.0
2011-08-17,8936.0,685.0,0.0,0.0
2011-08-18,11211.0,546.0,0.0,0.0
2011-08-19,9876.0,750.0,0.0,0.0
2011-08-20,10784.0,705.0,0.0,0.0
2011-08-22,10058.0,920.0,0.0,0.0
2011-08-23,10304.0,888.0,0.0,0.0
2011-08-24,10821.0,835.0,0.0,0.0
2011-08-25,11282.0,865.0,0.0,0.0
2011-08-26,11205.0,998.0,0.0,0.0
2011-08-27,11191.0,793.0,0.0,0.0
2011-08-29,10949.0,1077.0,0.0,0.0
2011-08-30,10551.0,1131.0,0.0,0.0
2011-08-31,10509.0,1103.0,0.0,0.0
2011-09-01,6637.0,979.0,0.0,0.0
2011-09-02,4809.0,997.0,0.0,0.0
2011-09-03,4558.0,667.0,0.0,0.0
2011-09-05,8624.0,1458.0,0.0,0.0
2011-09-06,9335.0,1409.0,0.0,0.0
2011-09-07,9164.0,1424.0,0.0,0.0
2011-09-08,9017.0,1267.0,0.0,0.0
2011-09-09,7793.0,1348.0,0.0,0.0
2011-09-10,6637.0,979.0,0.0,0.0
2011-09-15,8397.0,953.0,0.0,0.0
2011-09-16,6123.0,1282.0,0.0,0.0
2011-09-17,4319.0,1080.0,0.0,0.0
2011-09-19,5080.0,991.0,0.0,0.0
2011-09-20,4809.0,997.0,0.0,0.0
2011-09-21,4749.0,934.0,0.0,0.0
2011-09-22,4174.0,950.0,0.0,0.0
2011-09-23,4605.0,886.0,0.0,0.0
2011-09-24,4278.0,813.0,0.0,0.0
2011-09-26,4899.0,795.0,0.0,0.0
2011-09-27,4914.0,766.0,0.0,0.0
2011-09-28,4770.0,1022.0,0.0,0.0
2011-09-29,4590.0,939.0,0.0,0.0
2011-09-30,4558.0,667.0,0.0,0.0
2012-07-02,9262.0,540.0,0.0,0.0
2012-07-03,7476.0,697.0,0.0,0.0
2012-07-04,6050.0,771.0,0.0,0.0
2012-07-05,6141.0,531.0,0.0,0.0
2012-07-06,5693.0,591.0,0.0,0.0
2012-07-07,6409.0,247.0,0.0,0.0
2012-07-09,5967.0,861.0,0.0,0.0
2012-07-10,5480.0,730.0,0.0,0.0
2012-07-11,5823.0,622.0,0.0,0.0
2012-07-12,4524.0,574.0,0.0,0.0
2012-07-13,5062.0,664.0,0.0,0.0
2012-07-14,5494.0,379.0,0.0,0.0
2012-07-16,7106.0,397.0,0.0,0.0
2012-07-17,4373.0,951.0,0.0,0.0
2012-07-18,5550.0,641.0,0.0,0.0
2012-07-19,5143.0,542.0,0.0,0.0
2012-07-20,5129.0,441.0,0.0,0.0
2012-07-21,5157.0,424.0,0.0,0.0
2012-07-23,5306.0,698.0,0.0,0.0
2012-07-24,5131.0,690.0,0.0,0.0
2012-07-25,4653.0,655.0,0.0,0.0
2012-07-26,3968.0,723.0,0.0,0.0
2012-07-27,4477.0,511.0,0.0,0.0
2012-07-28,5271.0,437.0,0.0,0.0
2012-07-30,5115.0,639.0,0.0,0.0
2012-07-31,5555.0,519.0,0.0,0.0
2012-08-01,4147.0,553.0,0.0,0.0
2012-08-02,4942.0,548.0,0.0,0.0
2012-08-03,5683.0,502.0,0.0,0.0
2012-08-04,7265.0,451.0,0.0,0.0
2012-08-06,5859.0,690.0,0.0,0.0
2012-08-07,6149.0,662.0,0.0,0.0
2012-08-08,6167.0,570.0,0.0,0.0
2012-08-09,6208.0,571.0,0.0,0.0
2012-08-10,7523.0,552.0,0.0,0.0
2012-08-11,8167.0,511.0,0.0,0.0
2012-08-13,7913.0,878.0,0.0,0.0
2012-08-14,9192.0,561.0,0.0,0.0
2012-08-15,8349.0,802.0,0.0,0.0
2012-08-16,7175.0,775.0,0.0,0.0
2012-08-17,8039.0,515.0,0.0,0.0
2012-08-18,6630.0,694.0,0.0,0.0
2012-08-20,6123.0,849.0,0.0,0.0
2012-08-21,5917.0,775.0,0.0,0.0
2012-08-22,6274.0,617.0,0.0,0.0
2012-08-23,5949.0,626.0,0.0,0.0
2012-08-24,7861.0,578.0,0.0,0.0
2012-08-25,6436.0,834.0,0.0,0.0
2012-08-27,6894.0,1038.0,0.0,0.0
2012-08-28,8761.0,912.0,0.0,0.0
2012-08-29,9293.0,592.0,0.0,0.0
2012-08-30,6836.0,1085.0,0.0,0.0
2012-08-31,6940.0,671.0,0.0,0.0
2012-09-01,10642.0,960.0,0.0,0.0
2012-09-03,8617.0,1005.0,0.0,0.0
2012-09-04,8461.0,897.0,0.0,0.0
2012-09-05,9118.0,761.0,0.0,0.0
2012-09-06,10157.0,702.0,0.0,0.0
2012-09-07,9431.0,927.0,0.0,0.0
2012-09-08,10691.0,866.0,0.0,0.0
2012-09-10,10642.0,960.0,0.0,0.0
2012-09-11,8635.0,1288.0,0.0,0.0
2012-09-12,9524.0,1141.0,0.0,0.0
2012-09-13,9531.0,1063.0,0.0,0.0
2012-09-14,11114.0,885.0,0.0,0.0
2012-09-15,10777.0,940.0,0.0,0.0
2012-09-17,12079.0,1219.0,0.0,0.0
2012-09-18,12311.0,685.0,0.0,0.0
2012-09-19,11646.0,1179.0,0.0,0.0
2012-09-20,10709.0,1341.0,0.0,0.0
2012-09-21,11592.0,1300.0,0.0,0.0
2012-09-22,10847.0,1301.0,0.0,0.0
2012-09-24,10370.0,1434.0,0.0,0.0
2012-09-25,10231.0,1367.0,0.0,0.0
2012-09-26,10048.0,1302.0,0.0,0.0
2012-09-27,10297.0,933.0,0.0,0.0
2012-09-28,11718.0,781.0,0.0,0.0
2013-07-01,4350.0,814.0,0.0,0.0
2013-07-02,4464.0,824.0,0.0,0.0
2013-07-03,4131.0,797.0,0.0,0.0
2013-07-04,4328.0,647.0,0.0,0.0
2013-07-05,3282.0,645.0,0.0,0.0
2013-07-06,5001.0,228.0,0.0,0.0
2013-07-08,3867.0,699.0,0.0,0.0
2013-07-09,4172.0,475.0,0.0,0.0
2013-07-10,3637.0,529.0,0.0,0.0
2013-07-11,3642.0,483.0,0.0,0.0
2013-07-12,3959.0,521.0,0.0,0.0
2013-07-13,5527.0,354.0,0.0,0.0
2013-07-15,3969.0,588.0,0.0,0.0
2013-07-16,6556.0,357.0,0.0,0.0
2013-07-17,4083.0,828.0,0.0,0.0
2013-07-18,5063.0,597.0,0.0,0.0
2013-07-19,4476.0,665.0,0.0,0.0
2013-07-20,5902.0,555.0,0.0,0.0
2013-07-22,5407.0,863.0,0.0,0.0
2013-07-23,4769.0,482.0,0.0,0.0
2013-07-24,6027.0,607.0,0.0,0.0
2013-07-25,7192.0,560.0,0.0,0.0
2013-07-26,5379.0,844.0,0.0,0.0
2013-07-27,6355.0,557.0,0.0,0.0
2013-07-29,7909.0,607.0,0.0,0.0
2013-07-30,7475.0,750.0,0.0,0.0
2013-07-31,6899.0,786.0,0.0,0.0
2013-08-01,8740.0,574.0,0.0,0.0
2013-08-02,7426.0,727.0,0.0,0.0
2013-08-03,6034.0,295.0,0.0,0.0
2013-08-05,9099.0,526.0,0.0,0.0
2013-08-06,7991.0,743.0,0.0,0.0
2013-08-07,8282.0,625.0,0.0,0.0
2013-08-08,9143.0,533.0,0.0,0.0
2013-08-09,10264.0,528.0,0.0,0.0
2013-08-10,9674.0,483.0,0.0,0.0
2013-08-12,10640.0,691.0,0.0,0.0
2013-08-13,9618.0,642.0,0.0,0.0
2013-08-14,10431.0,521.0,0.0,0.0
2013-08-15,9096.0,598.0,0.0,0.0
2013-08-16,9168.0,555.0,0.0,0.0
2013-08-17,10970.0,402.0,0.0,0.0
2013-08-19,11607.0,664.0,0.0,0.0
2013-08-20,11741.0,672.0,0.0,0.0
2013-08-21,12034.0,669.0,0.0,0.0
2013-08-22,12720.0,647.0,0.0,0.0
2013-08-23,12300.0,736.0,0.0,0.0
2013-08-24,13856.0,467.0,0.0,0.0
2013-08-26,13200.0,943.0,0.0,0.0
2013-08-27,14357.0,747.0,0.0,0.0
2013-08-28,14036.0,770.0,0.0,0.0
2013-08-29,13601.0,827.0,0.0,0.0
2013-08-30,13186.0,833.0,0.0,0.0
2013-08-31,11203.0,612.0,0.0,0.0
2013-09-02,8929.0,1328.0,0.0,0.0
2013-09-03,7556.0,717.0,0.0,0.0
2013-09-04,9466.0,1399.0,0.0,0.0
2013-09-05,9847.0,1351.0,0.0,0.0
2013-09-06,10510.0,1313.0,0.0,0.0
2013-09-07,11057.0,1205.0,0.0,0.0
2013-09-09,9452.0,1843.0,0.0,0.0
2013-09-10,10002.0,1547.0,0.0,0.0
2013-09-11,10407.0,1526.0,0.0,0.0
2013-09-12,9276.0,1192.0,0.0,0.0
2013-09-13,8945.0,1544.0,0.0,0.0
2013-09-14,9347.0,1176.0,0.0,0.0
2013-09-16,8759.0,1627.0,0.0,0.0
2013-09-17,11093.0,1015.0,0.0,0.0
2013-09-18,12472.0,228.0,0.0,0.0
2013-09-23,9266.0,1410.0,0.0,0.0
2013-09-24,7295.0,1141.0,0.0,0.0
2013-09-25,6530.0,947.0,0.0,0.0
2013-09-26,7440.0,533.0,0.0,0.0
2013-09-27,6393.0,1077.0,0.0,0.0
2013-09-28,4983.0,1175.0,0.0,0.0
2013-09-30,7556.0,717.0,0.0,0.0
2014-07-01,4908.0,757.0,0.0,0.0
2014-07-02,4413.0,646.0,0.0,0.0
2014-07-03,5155.0,597.0,0.0,0.0
2014-07-04,5738.0,455.0,0.0,0.0
2014-07-05,4722.0,681.0,0.0,0.0
2014-07-07,5504.0,657.0,0.0,0.0
2014-07-08,4419.0,805.0,0.0,0.0
2014-07-09,4751.0,578.0,0.0,0.0
2014-07-10,4815.0,545.0,0.0,0.0
2014-07-11,4637.0,499.0,0.0,0.0
2014-07-12,4832.0,486.0,0.0,0.0
2014-07-14,5114.0,627.0,0.0,0.0
2014-07-15,4862.0,649.0,0.0,0.0
2014-07-16,5298.0,531.0,0.0,0.0
2014-07-17,6579.0,347.0,0.0,0.0
2014-07-18,7142.0,471.0,0.0,0.0
2014-07-19,8214.0,329.0,0.0,0.0
2014-07-21,6791.0,820.0,0.0,0.0
2014-07-22,6822.0,581.0,0.0,0.0
2014-07-23,7294.0,673.0,0.0,0.0
2014-07-24,7868.0,462.0,0.0,0.0
2014-07-25,6822.0,516.0,0.0,0.0
2014-07-26,8235.0,444.0,0.0,0.0
2014-07-28,6473.0,934.0,0.0,0.0
2014-07-29,5958.0,872.0,0.0,0.0
2014-07-30,6216.0,710.0,0.0,0.0
2014-07-31,5519.0,741.0,0.0,0.0
2014-08-01,5388.0,570.0,0.0,0.0
2014-08-04,9059.0,437.0,0.0,0.0
2014-08-05,7299.0,828.0,0.0,0.0
2014-08-06,5925.0,847.0,0.0,0.0
2014-08-07,4954.0,885.0,0.0,0.0
2014-08-08,7602.0,497.0,0.0,0.0
2014-08-09,5628.0,727.0,0.0,0.0
2014-08-11,6715.0,704.0,0.0,0.0
2014-08-12,5828.0,866.0,0.0,0.0
2014-08-13,4427.0,956.0,0.0,0.0
2014-08-14,4600.0,898.0,0.0,0.0
2014-08-15,5149.0,658.0,0.0,0.0
2014-08-16,6158.0,594.0,0.0,0.0
2014-08-18,6262.0,846.0,0.0,0.0
2014-08-19,6934.0,596.0,0.0,0.0
2014-08-20,6974.0,693.0,0.0,0.0
2014-08-21,5116.0,959.0,0.0,0.0
2014-08-22,6357.0,642.0,0.0,0.0
2014-08-23,5612.0,991.0,0.0,0.0
2014-08-25,6298.0,1130.0,0.0,0.0
2014-08-26,6015.0,908.0,0.0,0.0
2014-08-27,6648.0,963.0,0.0,0.0
2014-08-28,7503.0,1019.0,0.0,0.0
2014-08-29,7057.0,1398.0,0.0,0.0
2014-08-30,6749.0,1178.0,0.0,0.0
2014-09-01,6028.0,1510.0,0.0,0.0
2014-09-02,5448.0,686.0,0.0,0.0
2014-09-03,5531.0,635.0,0.0,0.0
2014-09-04,9878.0,825.0,0.0,0.0
2014-09-05,6555.0,1411.0,0.0,0.0
2014-09-06,8181.0,618.0,0.0,0.0
2014-09-11,9010.0,911.0,0.0,0.0
2014-09-12,7087.0,1054.0,0.0,0.0
2014-09-13,5432.0,1010.0,0.0,0.0
2014-09-15,5699.0,956.0,0.0,0.0
2014-09-16,6039.0,849.0,0.0,0.0
2014-09-17,5294.0,841.0,0.0,0.0
2014-09-18,5833.0,721.0,0.0,0.0
2014-09-19,5537.0,748.0,0.0,0.0
2014-09-20,5448.0,686.0,0.0,0.0
2014-09-22,5410.0,1057.0,0.0,0.0
2014-09-23,5139.0,1065.0,0.0,0.0
2014-09-24,5658.0,872.0,0.0,0.0
2014-09-25,6146.0,497.0,0.0,0.0
2014-09-26,5396.0,885.0,0.0,0.0
2014-09-27,4830.0,763.0,0.0,0.0
2014-09-29,5314.0,966.0,0.0,0.0
2014-09-30,5531.0,635.0,0.0,0.0
2015-07-01,6775.0,559.0,0.0,0.0
2015-07-02,7291.0,458.0,0.0,0.0
2015-07-03,7063.0,614.0,0.0,0.0
2015-07-04,6936.0,446.0,0.0,0.0
2015-07-06,7398.0,669.0,0.0,0.0
2015-07-07,7673.0,590.0,0.0,0.0
2015-07-08,7213.0,594.0,0.0,0.0
2015-07-09,7427.0,478.0,0.0,0.0
2015-07-10,7738.0,444.0,0.0,0.0
2015-07-11,7544.0,458.0,0.0,0.0
2015-07-13,6495.0,693.0,0.0,0.0
2015-07-14,7245.0,518.0,0.0,0.0
2015-07-15,5783.0,744.0,0.0,0.0
2015-07-16,4594.0,703.0,0.0,0.0
2015-07-17,5679.0,546.0,0.0,0.0
2015-07-18,5181.0,453.0,0.0,0.0
2015-07-20,5599.0,672.0,0.0,0.0
2015-07-21,4749.0,749.0,0.0,0.0
2015-07-22,4809.0,570.0,0.0,0.0
2015-07-23,4513.0,658.0,0.0,0.0
2015-07-24,4425.0,592.0,0.0,0.0
2015-07-25,7884.0,183.0,0.0,0.0
2015-07-27,4120.0,1083.0,0.0,0.0
2015-07-28,4326.0,779.0,0.0,0.0
2015-07-29,4205.0,767.0,0.0,0.0
2015-07-30,4509.0,463.0,0.0,0.0
2015-07-31,5375.0,553.0,0.0,0.0
2015-08-03,4641.0,769.0,0.0,0.0
2015-08-04,5161.0,598.0,0.0,0.0
2015-08-05,5747.0,553.0,0.0,0.0
2015-08-06,6406.0,493.0,0.0,0.0
2015-08-07,7208.0,491.0,0.0,0.0
2015-08-08,7616.0,471.0,0.0,0.0
2015-08-10,7484.0,706.0,0.0,0.0
2015-08-11,7328.0,649.0,0.0,0.0
2015-08-12,6817.0,729.0,0.0,0.0
2015-08-13,7874.0,436.0,0.0,0.0
2015-08-14,6995.0,641.0,0.0,0.0
2015-08-15,10304.0,276.0,0.0,0.0
2015-08-17,7149.0,836.0,0.0,0.0
2015-08-18,6027.0,707.0,0.0,0.0
2015-08-19,5841.0,678.0,0.0,0.0
2015-08-20,6230.0,596.0,0.0,0.0
2015-08-21,6445.0,631.0,0.0,0.0
2015-08-22,6064.0,460.0,0.0,0.0
2015-08-24,6259.0,745.0,0.0,0.0
2015-08-25,6953.0,708.0,0.0,0.0
2015-08-26,13192.0,212.0,0.0,0.0
2015-08-27,6383.0,833.0,0.0,0.0
2015-08-28,5262.0,1029.0,0.0,0.0
2015-08-29,5419.0,694.0,0.0,0.0
2015-08-31,5240.0,990.0,0.0,0.0
2015-09-01,5858.0,914.0,0.0,0.0
2015-09-02,5550.0,729.0,0.0,0.0
2015-09-03,5559.0,648.0,0.0,0.0
2015-09-04,4648.0,968.0,0.0,0.0
2015-09-05,4983.0,763.0,0.0,0.0
2015-09-07,6637.0,651.0,0.0,0.0
2015-09-08,5738.0,961.0,0.0,0.0
2015-09-09,6142.0,990.0,0.0,0.0
2015-09-10,5858.0,914.0,0.0,0.0
2015-09-11,5686.0,937.0,0.0,0.0
2015-09-12,5111.0,970.0,0.0,0.0
2015-09-14,5075.0,1144.0,0.0,0.0
2015-09-15,5221.0,1188.0,0.0,0.0
2015-09-16,5618.0,1139.0,0.0,0.0
2015-09-17,5905.0,1117.0,0.0,0.0
2015-09-18,6112.0,1144.0,0.0,0.0
2015-09-19,5283.0,1185.0,0.0,0.0
2015-09-21,6059.0,1230.0,0.0,0.0
2015-09-22,6811.0,1210.0,0.0,0.0
2015-09-23,6669.0,1278.0,0.0,0.0
2015-09-24,6659.0,1073.0,0.0,0.0
2015-09-25,6007.0,1026.0,0.0,0.0
2015-09-30,5559.0,648.0,0.0,0.0
2016-07-01,5288.0,447.0,0.0,0.0
2016-07-02,5836.0,414.0,0.0,0.0
2016-07-04,5232.0,718.0,0.0,0.0
2016-07-05,7588.0,288.0,0.0,0.0
2016-07-06,5537.0,519.0,0.0,0.0
2016-07-07,6597.0,404.0,0.0,0.0
2016-07-08,6223.0,479.0,0.0,0.0
2016-07-09,5944.0,500.0,0.0,0.0
2016-07-11,6140.0,591.0,0.0,0.0
2016-07-12,6341.0,609.0,0.0,0.0
2016-07-13,6551.0,395.0,0.0,0.0
2016-07-14,7964.0,485.0,0.0,0.0
2016-07-15,8086.0,506.0,0.0,0.0
2016-07-16,7463.0,547.0,0.0,0.0
2016-07-18,7862.0,554.0,0.0,0.0
2016-07-19,5679.0,776.0,0.0,0.0
2016-07-20,5230.0,633.0,0.0,0.0
2016-07-21,5502.0,499.0,0.0,0.0
2016-07-22,7792.0,395.0,0.0,0.0
2016-07-23,7468.0,399.0,0.0,0.0
2016-07-25,7664.0,556.0,0.0,0.0
2016-07-26,7299.0,700.0,0.0,0.0
2016-07-27,7800.0,627.0,0.0,0.0
2016-07-28,9450.0,453.0,0.0,0.0
2016-07-29,7572.0,499.0,0.0,0.0
2016-07-30,9467.0,409.0,0.0,0.0
2016-08-01,9408.0,595.0,0.0,0.0
2016-08-02,10127.0,453.0,0.0,0.0
2016-08-03,8680.0,522.0,0.0,0.0
2016-08-04,9896.0,508.0,0.0,0.0
2016-08-05,12136.0,422.0,0.0,0.0
2016-08-08,9313.0,730.0,0.0,0.0
2016-08-09,10706.0,506.0,0.0,0.0
2016-08-10,12163.0,487.0,0.0,0.0
2016-08-11,11685.0,463.0,0.0,0.0
2016-08-12,12188.0,457.0,0.0,0.0
2016-08-13,12230.0,441.0,0.0,0.0
2016-08-15,13917.0,476.0,0.0,0.0
2016-08-16,15190.0,379.0,0.0,0.0
2016-08-17,14690.0,506.0,0.0,0.0
2016-08-18,14198.0,488.0,0.0,0.0
2016-08-19,15384.0,417.0,0.0,0.0
2016-08-20,17259.0,308.0,0.0,0.0
2016-08-22,19245.0,470.0,0.0,0.0
2016-08-23,19238.0,604.0,0.0,0.0
2016-08-24,17304.0,652.0,0.0,0.0
2016-08-25,16924.0,579.0,0.0,0.0
2016-08-26,16870.0,552.0,0.0,0.0
2016-08-27,22864.0,289.0,0.0,0.0
2016-08-29,22315.0,707.0,0.0,0.0
2016-08-30,24060.0,529.0,0.0,0.0
2016-08-31,22592.0,746.0,0.0,0.0
2016-09-01,18384.0,987.0,0.0,0.0
2016-09-02,15891.0,672.0,0.0,0.0
2016-09-03,18557.0,728.0,0.0,0.0
2016-09-05,21020.0,1086.0,0.0,0.0
2016-09-06,20513.0,1024.0,0.0,0.0
2016-09-07,18398.0,1081.0,0.0,0.0
2016-09-08,19533.0,1007.0,0.0,0.0
2016-09-09,19697.0,900.0,0.0,0.0
2016-09-10,18384.0,987.0,0.0,0.0
2016-09-12,17480.0,1195.0,0.0,0.0
2016-09-13,23494.0,682.0,0.0,0.0
2016-09-14,16277.0,288.0,0.0,0.0
2016-09-19,14920.0,737.0,0.0,0.0
2016-09-20,15891.0,672.0,0.0,0.0
2016-09-21,16050.0,649.0,0.0,0.0
2016-09-22,16664.0,622.0,0.0,0.0
2016-09-23,16965.0,599.0,0.0,0.0
2016-09-24,18396.0,486.0,0.0,0.0
2016-09-26,18694.0,857.0,0.0,0.0
2016-09-27,21167.0,673.0,0.0,0.0
2016-09-28,21628.0,551.0,0.0,0.0
2016-09-29,18136.0,749.0,0.0,0.0
2016-09-30,18557.0,728.0,0.0,0.0
2017-07-01,3431.0,493.0,0.0,0.0
2017-07-03,4016.0,523.0,0.0,0.0
2017-07-04,4615.0,514.0,0.0,0.0
2017-07-05,4142.0,591.0,0.0,0.0
2017-07-06,3319.0,619.0,0.0,0.0
2017-07-07,3406.0,501.0,0.0,0.0
2017-07-08,4928.0,314.0,0.0,0.0
2017-07-10,4432.0,587.0,0.0,0.0
2017-07-11,6246.0,276.0,0.0,0.0
2017-07-12,10486.0,296.0,0.0,0.0
2017-07-13,6771.0,608.0,0.0,0.0
2017-07-14,6289.0,541.0,0.0,0.0
2017-07-15,7282.0,346.0,0.0,0.0
2017-07-17,8877.0,492.0,0.0,0.0
2017-07-18,9221.0,538.0,0.0,0.0
2017-07-19,9574.0,581.0,0.0,0.0
2017-07-20,10251.0,443.0,0.0,0.0
2017-07-21,11916.0,378.0,0.0,0.0
2017-07-22,16335.0,256.0,0.0,0.0
2017-07-24,15383.0,523.0,0.0,0.0
2017-07-25,11139.0,477.0,0.0,0.0
2017-07-26,14141.0,320.0,0.0,0.0
2017-07-27,11404.0,562.0,0.0,0.0
2017-07-28,10393.0,599.0,0.0,0.0
2017-07-29,11027.0,330.0,0.0,0.0
2017-07-31,11593.0,537.0,0.0,0.0
2017-08-01,11182.0,438.0,0.0,0.0
2017-08-02,11901.0,330.0,0.0,0.0
2017-08-03,10782.0,564.0,0.0,0.0
2017-08-04,10213.0,552.0,0.0,0.0
2017-08-07,11311.0,597.0,0.0,0.0
2017-08-08,11515.0,468.0,0.0,0.0
2017-08-09,12482.0,430.0,0.0,0.0
2017-08-10,14577.0,287.0,0.0,0.0
2017-08-11,16235.0,325.0,0.0,0.0
2017-08-12,14214.0,427.0,0.0,0.0
2017-08-14,15892.0,450.0,0.0,0.0
2017-08-15,13866.0,478.0,0.0,0.0
2017-08-16,14858.0,347.0,0.0,0.0
2017-08-17,13401.0,432.0,0.0,0.0
2017-08-18,13528.0,455.0,0.0,0.0
2017-08-19,15688.0,327.0,0.0,0.0
2017-08-21,15418.0,541.0,0.0,0.0
2017-08-22,14191.0,611.0,0.0,0.0
2017-08-23,11738.0,633.0,0.0,0.0
2017-08-24,10992.0,600.0,0.0,0.0
2017-08-25,16171.0,331.0,0.0,0.0
2017-08-26,15944.0,440.0,0.0,0.0
2017-08-28,16533.0,636.0,0.0,0.0
2017-08-29,14542.0,662.0,0.0,0.0
2017-08-30,17742.0,394.0,0.0,0.0
2017-08-31,17461.0,502.0,0.0,0.0
2017-09-01,18203.0,526.0,0.0,0.0
2017-09-02,13644.0,1007.0,0.0,0.0
2017-09-04,16577.0,896.0,0.0,0.0
2017-09-05,15659.0,857.0,0.0,0.0
2017-09-06,15947.0,804.0,0.0,0.0
2017-09-07,16124.0,645.0,0.0,0.0
2017-09-08,14401.0,841.0,0.0,0.0
2017-09-09,14347.0,525.0,0.0,0.0
2017-09-11,15631.0,813.0,0.0,0.0
2017-09-12,16855.0,466.0,0.0,0.0
2017-09-13,15147.0,863.0,0.0,0.0
2017-09-14,13742.0,896.0,0.0,0.0
2017-09-15,13623.0,827.0,0.0,0.0
2017-09-16,11643.0,792.0,0.0,0.0
2017-09-18,15569.0,746.0,0.0,0.0
2017-09-19,13607.0,954.0,0.0,0.0
2017-09-20,13644.0,1007.0,0.0,0.0
2017-09-21,12400.0,1009.0,0.0,0.0
2017-09-22,13776.0,917.0,0.0,0.0
2017-09-23,13010.0,892.0,0.0,0.0
2017-09-25,12925.0,1207.0,0.0,0.0
2017-09-26,12349.0,1048.0,0.0,0.0
2017-09-27,13207.0,927.0,0.0,0.0
2017-09-28,13299.0,665.0,0.0,0.0
2017-09-29,13598.0,884.0,0.0,0.0
2017-09-30,11432.0,1041.0,0.0,0.0
2018-07-02,5995.0,305.0,0.0,0.0
2018-07-03,5259.0,460.0,0.0,0.0
2018-07-04,4630.0,502.0,0.0,0.0
2018-07-05,3672.0,579.0,0.0,0.0
2018-07-06,4619.0,346.0,0.0,0.0
2018-07-07,6799.0,390.0,0.0,0.0
2018-07-09,6502.0,717.0,0.0,0.0
2018-07-10,6358.0,462.0,0.0,0.0
2018-07-11,8636.0,199.0,0.0,0.0
2018-07-12,7303.0,347.0,0.0,0.0
2018-07-13,5877.0,493.0,0.0,0.0
2018-07-14,8334.0,322.0,0.0,0.0
2018-07-16,7140.0,618.0,0.0,0.0
2018-07-17,7705.0,582.0,0.0,0.0
2018-07-18,8182.0,460.0,0.0,0.0
2018-07-19,7256.0,450.0,0.0,0.0
2018-07-20,11180.0,463.0,0.0,0.0
2018-07-21,10705.0,330.0,0.0,0.0
2018-07-23,8532.0,616.0,0.0,0.0
2018-07-24,8941.0,456.0,0.0,0.0
2018-07-25,12604.0,291.0,0.0,0.0
2018-07-26,11726.0,403.0,0.0,0.0
2018-07-27,12634.0,333.0,0.0,0.0
2018-07-28,11722.0,274.0,0.0,0.0
2018-07-30,11828.0,469.0,0.0,0.0
2018-07-31,12435.0,396.0,0.0,0.0
2018-08-01,11825.0,433.0,0.0,0.0
2018-08-02,10602.0,545.0,0.0,0.0
2018-08-03,8291.0,425.0,0.0,0.0
2018-08-06,10108.0,600.0,0.0,0.0
2018-08-07,10914.0,424.0,0.0,0.0
2018-08-08,11691.0,379.0,0.0,0.0
2018-08-09,12356.0,409.0,0.0,0.0
2018-08-10,10446.0,429.0,0.0,0.0
2018-08-11,11261.0,251.0,0.0,0.0
2018-08-13,13008.0,549.0,0.0,0.0
2018-08-14,15174.0,386.0,0.0,0.0
2018-08-15,16841.0,310.0,0.0,0.0
2018-08-16,17085.0,329.0,0.0,0.0
2018-08-17,18410.0,306.0,0.0,0.0
2018-08-18,20659.0,330.0,0.0,0.0
2018-08-20,17439.0,519.0,0.0,0.0
2018-08-21,19494.0,372.0,0.0,0.0
2018-08-22,20025.0,413.0,0.0,0.0
2018-08-23,22998.0,328.0,0.0,0.0
2018-08-24,22995.0,175.0,0.0,0.0
2018-08-25,20754.0,265.0,0.0,0.0
2018-08-27,15954.0,601.0,0.0,0.0
2018-08-28,16713.0,328.0,0.0,0.0
2018-08-29,13212.0,590.0,0.0,0.0
2018-08-30,10935.0,422.0,0.0,0.0
2018-08-31,12749.0,438.0,0.0,0.0
2018-09-01,11904.0,775.0,0.0,0.0
2018-09-03,9237.0,872.0,0.0,0.0
2018-09-04,12054.0,518.0,0.0,0.0
2018-09-05,11422.0,584.0,0.0,0.0
2018-09-06,9666.0,795.0,0.0,0.0
2018-09-07,10736.0,848.0,0.0,0.0
2018-09-08,9138.0,658.0,0.0,0.0
2018-09-10,11904.0,775.0,0.0,0.0
2018-09-11,10557.0,804.0,0.0,0.0
2018-09-12,10634.0,854.0,0.0,0.0
2018-09-13,11801.0,885.0,0.0,0.0
2018-09-14,9760.0,1123.0,0.0,0.0
2018-09-15,10593.0,844.0,0.0,0.0
2018-09-17,8085.0,1370.0,0.0,0.0
2018-09-18,8933.0,1283.0,0.0,0.0
2018-09-19,9346.0,1169.0,0.0,0.0
2018-09-20,8580.0,1112.0,0.0,0.0
2018-09-21,8402.0,650.0,0.0,0.0
2018-09-22,9565.0,278.0,0.0,0.0
2018-09-27,8122.0,1067.0,0.0,0.0
2018-09-28,4927.0,922.0,0.0,0.0
2018-09-29,5046.0,513.0,0.0,0.0
2019-07-01,5300.0,619.0,0.0,0.0
2019-07-02,5245.0,563.0,0.0,0.0
2019-07-03,4593.0,506.0,0.0,0.0
2019-07-04,5029.0,372.0,0.0,0.0
2019-07-05,5864.0,312.0,0.0,0.0
2019-07-06,5734.0,301.0,0.0,0.0
2019-07-08,5697.0,490.0,0.0,0.0
2019-07-09,5691.0,423.0,0.0,0.0
2019-07-10,6571.0,347.0,0.0,0.0
2019-07-11,8537.0,324.0,0.0,0.0
2019-07-12,7146.0,339.0,0.0,0.0
2019-07-13,7571.0,307.0,0.0,0.0
2019-07-15,5322.0,637.0,0.0,0.0
2019-07-16,5407.0,496.0,0.0,0.0
2019-07-17,7236.0,257.0,0.0,0.0
2019-07-18,4613.0,681.0,0.0,0.0
2019-07-19,4691.0,374.0,0.0,0.0
2019-07-20,4320.0,339.0,0.0,0.0
2019-07-22,8524.0,259.0,0.0,0.0
2019-07-23,4430.0,626.0,0.0,0.0
2019-07-24,3576.0,505.0,0.0,0.0
2019-07-25,5415.0,355.0,0.0,0.0
2019-07-26,5011.0,387.0,0.0,0.0
2019-07-27,9266.0,146.0,0.0,0.0
2019-07-29,5379.0,509.0,0.0,0.0
2019-07-31,5759.0,383.0,0.0,0.0
2019-08-01,6523.0,421.0,0.0,0.0
2019-08-02,5627.0,463.0,0.0,0.0
2019-08-05,6324.0,437.0,0.0,0.0
2019-08-06,6488.0,491.0,0.0,0.0
2019-08-07,7782.0,478.0,0.0,0.0
2019-08-08,6841.0,616.0,0.0,0.0
2019-08-09,7068.0,392.0,0.0,0.0
2019-08-10,6946.0,431.0,0.0,0.0
2019-08-12,7650.0,458.0,0.0,0.0
2019-08-13,5776.0,577.0,0.0,0.0
2019-08-14,6171.0,366.0,0.0,0.0
2019-08-15,6495.0,413.0,0.0,0.0
2019-08-16,6542.0,491.0,0.0,0.0
2019-08-17,8322.0,478.0,0.0,0.0
2019-08-19,6189.0,722.0,0.0,0.0
2019-08-20,5629.0,661.0,0.0,0.0
2019-08-21,5447.0,507.0,0.0,0.0
2019-08-22,6689.0,437.0,0.0,0.0
2019-08-23,7247.0,466.0,0.0,0.0
2019-08-24,6637.0,482.0,0.0,0.0
2019-08-26,8541.0,557.0,0.0,0.0
2019-08-27,8600.0,581.0,0.0,0.0
2019-08-28,8704.0,459.0,0.0,0.0
2019-08-29,8829.0,647.0,0.0,0.0
2019-08-30,8442.0,700.0,0.0,0.0
2019-08-31,7789.0,673.0,0.0,0.0
2019-09-02,14059.0,485.0,0.0,0.0
2019-09-03,19488.0,460.0,0.0,0.0
2019-09-04,15776.0,588.0,0.0,0.0
2019-09-05,12345.0,909.0,0.0,0.0
2019-09-06,10025.0,838.0,0.0,0.0
2019-09-07,11010.0,671.0,0.0,0.0
2019-09-09,11949.0,858.0,0.0,0.0
2019-09-10,13537.0,707.0,0.0,0.0
2019-09-11,11066.0,619.0,0.0,0.0
2019-09-12,9742.0,108.0,0.0,0.0
2019-09-16,12149.0,480.0,0.0,0.0
2019-09-17,12924.0,420.0,0.0,0.0
2019-09-18,15962.0,340.0,0.0,0.0
2019-09-19,16024.0,382.0,0.0,0.0
2019-09-20,14059.0,485.0,0.0,0.0
2019-09-21,16404.0,273.0,0.0,0.0
2019-09-23,24184.0,315.0,0.0,0.0
2019-09-24,13848.0,432.0,0.0,0.0
2019-09-25,15927.0,368.0,0.0,0.0
2019-09-26,19130.0,362.0,0.0,0.0
2019-09-27,17256.0,428.0,0.0,0.0
2019-09-28,19104.0,257.0,0.0,0.0
2019-09-30,19488.0,460.0,0.0,0.0
2020-07-01,7968.0,239.0,0.0,0.0
2020-07-02,5627.0,517.0,0.0,0.0
2020-07-03,6025.0,401.0,0.0,0.0
2020-07-04,8443.0,297.0,0.0,0.0
2020-07-06,6819.0,575.0,0.0,0.0
2020-07-07,7721.0,497.0,0.0,0.0
2020-07-08,9472.0,400.0,0.0,0.0
2020-07-09,9354.0,396.0,0.0,0.0
2020-07-10,9648.0,356.0,0.0,0.0
2020-07-11,14321.0,145.0,0.0,0.0
2020-07-13,9946.0,581.0,0.0,0.0
2020-07-14,10800.0,288.0,0.0,0.0
2020-07-15,11830.0,352.0,0.0,0.0
2020-07-16,10500.0,503.0,0.0,0.0
2020-07-17,10012.0,366.0,0.0,0.0
2020-07-18,9265.0,336.0,0.0,0.0
2020-07-20,13943.0,332.0,0.0,0.0
2020-07-21,10277.0,336.0,0.0,0.0
2020-07-22,10149.0,483.0,0.0,0.0
2020-07-23,10225.0,360.0,0.0,0.0
2020-07-24,13307.0,374.0,0.0,0.0
2020-07-25,13388.0,222.0,0.0,0.0
2020-07-27,9636.0,624.0,0.0,0.0
2020-07-28,10520.0,498.0,0.0,0.0
2020-07-29,10512.0,386.0,0.0,0.0
2020-07-30,11432.0,320.0,0.0,0.0
2020-07-31,15331.0,305.0,0.0,0.0
2020-08-03,12378.0,512.0,0.0,0.0
2020-08-04,11589.0,330.0,0.0,0.0
2020-08-05,11911.0,444.0,0.0,0.0
2020-08-06,11004.0,426.0,0.0,0.0
2020-08-07,14016.0,293.0,0.0,0.0
2020-08-08,13169.0,462.0,0.0,0.0
2020-08-10,12304.0,618.0,0.0,0.0
2020-08-11,15499.0,442.0,0.0,0.0
2020-08-12,14744.0,455.0,0.0,0.0
2020-08-13,16148.0,419.0,0.0,0.0
2020-08-14,16960.0,394.0,0.0,0.0
2020-08-15,16909.0,367.0,0.0,0.0
2020-08-17,21613.0,337.0,0.0,0.0
2020-08-18,18256.0,324.0,0.0,0.0
2020-08-19,15857.0,449.0,0.0,0.0
2020-08-20,17953.0,379.0,0.0,0.0
2020-08-21,15390.0,424.0,0.0,0.0
2020-08-22,18277.0,269.0,0.0,0.0
2020-08-24,21538.0,419.0,0.0,0.0
2020-08-25,19340.0,459.0,0.0,0.0
2020-08-26,17650.0,405.0,0.0,0.0
2020-08-27,21565.0,332.0,0.0,0.0
2020-08-28,21647.0,347.0,0.0,0.0
2020-08-29,17533.0,342.0,0.0,0.0
2020-08-31,14626.0,703.0,0.0,0.0
2020-09-01,21610.0,463.0,0.0,0.0
2020-09-02,15842.0,447.0,0.0,0.0
2020-09-03,21288.0,858.0,0.0,0.0
2020-09-04,17438.0,391.0,0.0,0.0
2020-09-05,16649.0,441.0,0.0,0.0
2020-09-07,22090.0,443.0,0.0,0.0
2020-09-08,25900.0,301.0,0.0,0.0
2020-09-09,21144.0,492.0,0.0,0.0
2020-09-10,21610.0,463.0,0.0,0.0
2020-09-11,22062.0,459.0,0.0,0.0
2020-09-12,24079.0,395.0,0.0,0.0
2020-09-14,28891.0,482.0,0.0,0.0
2020-09-15,27773.0,593.0,0.0,0.0
2020-09-16,26632.0,750.0,0.0,0.0
2020-09-17,26957.0,676.0,0.0,0.0
2020-09-18,24427.0,758.0,0.0,0.0
2020-09-19,25748.0,587.0,0.0,0.0
2020-09-21,24596.0,998.0,0.0,0.0
2020-09-22,25638.0,761.0,0.0,0.0
2020-09-23,24802.0,1022.0,0.0,0.0
2020-09-24,25277.0,859.0,0.0,0.0
2020-09-25,24978.0,828.0,0.0,0.0
2020-09-26,24574.0,772.0,0.0,0.0
2020-09-28,24537.0,1119.0,0.0,0.0
2020-09-29,24254.0,1014.0,0.0,0.0
2020-09-30,21288.0,858.0,0.0,0.0
2021-07-01,4342.0,518.0,243.9,0.0
2021-07-02,3902.0,621.0,480.65,0.0
2021-07-03,4430.0,514.0,313.75,0.0
2021-07-05,8278.0,353.0,0.0,0.0
2021-07-06,3952.0,734.0,289.65,0.0
2021-07-07,4673.0,581.0,226.35,0.0
2021-07-08,4289.0,490.0,169.97,0.0
2021-07-09,4089.0,478.0,234.72,0.0
2021-07-10,4090.0,348.0,190.64,0.0
2021-07-12,4672.0,427.0,99.22,0.0
2021-07-13,3194.0,497.0,175.7,0.0
2021-07-14,3624.0,599.0,188.23,0.0
2021-07-15,3505.0,349.0,148.58,0.0
2021-07-16,4404.0,335.0,188.27,0.0
2021-07-17,7279.0,182.0,107.43,0.0
2021-07-19,5039.0,460.0,23.0,0.0
2021-07-20,6541.0,349.0,92.02,0.0
2021-07-21,3361.0,439.0,59.75,0.0
2021-07-22,4612.0,403.0,90.48,0.0
2021-07-23,3801.0,403.0,38.99,0.0
2021-07-24,4295.0,281.0,0.0,0.0
2021-07-26,7668.0,339.0,0.0,0.0
2021-07-27,7901.0,317.0,0.0,0.0
2021-07-28,8175.0,299.0,83.2,0.0
2021-07-29,8548.0,274.0,132.81,0.0
2021-07-30,8797.0,284.0,230.73,0.0
2021-07-31,11035.0,226.0,214.69,0.0
2021-08-02,10011.0,401.0,357.0,0.0
2021-08-03,12399.0,265.0,154.0,0.0
2021-08-04,9072.0,407.0,14.0,0.0
2021-08-05,9881.0,314.0,0.0,0.0
2021-08-06,10079.0,398.0,432.74,0.0
2021-08-09,10889.0,475.0,161.0,0.0
2021-08-10,9740.0,381.0,196.0,0.0
2021-08-11,7638.0,503.0,84.0,0.0
2021-08-12,6887.0,461.0,112.0,0.0
2021-08-13,8231.0,348.0,258.8,0.0
2021-08-14,8420.0,314.0,257.75,0.0
2021-08-16,8586.0,464.0,150.01,0.0
2021-08-17,6592.0,541.0,56.7,0.0
2021-08-18,10555.0,321.0,168.81,0.0
2021-08-19,8554.0,408.0,90.96,0.0
2021-08-20,6703.0,565.0,0.0,0.0
2021-08-21,7690.0,448.0,56.0,0.0
2021-08-23,9029.0,552.0,153.95,0.0
2021-08-24,9357.0,533.0,42.0,0.0
2021-08-25,12798.0,195.0,49.08,0.0
2021-08-26,8331.0,522.0,0.0,0.0
2021-08-27,9302.0,551.0,0.0,0.0
2021-08-28,8087.0,575.0,0.0,0.0
2021-08-30,7796.0,638.0,0.0,0.0
2021-08-31,8671.0,700.0,0.0,0.0
2021-09-01,10941.0,412.0,0.0,0.0
2021-09-02,10941.0,288.0,0.0,0.0
2021-09-03,9578.0,657.0,0.0,0.0
2021-09-04,10254.0,656.0,0.0,0.0
2021-09-06,11338.0,674.0,0.0,0.0
2021-09-07,12818.0,714.0,0.0,0.0
2021-09-08,11178.0,451.0,0.0,0.0
2021-09-09,11823.0,663.0,0.0,0.0
2021-09-10,12080.0,1064.652,0.0,0.0
2021-09-11,12866.0,810.0,0.0,0.0
2021-09-13,13396.0,899.0,0.0,0.0
2021-09-14,14096.0,843.0,0.0,0.0
2021-09-15,12890.0,756.0,0.0,0.0
2021-09-16,13106.0,760.0,0.0,0.0
2021-09-17,12154.0,748.0,0.0,0.0
2021-09-18,17849.0,366.0,0.0,0.0
2021-09-24,10473.0,336.0,0.0,0.0
2021-09-25,10277.0,836.0,0.0,0.0
2021-09-27,9345.0,675.0,0.0,0.0
2021-09-28,7653.0,664.0,0.0,0.0
2021-09-29,7645.0,481.0,0.0,0.0
2021-09-30,9456.0,510.476,0.0,0.0
2022-07-01,10018.0,283.0,0.0,0.0
2022-07-02,8986.0,357.0,0.0,0.0
2022-07-04,8250.0,552.0,254.97,0.0
2022-07-05,9924.0,390.0,0.0,0.0
2022-07-06,9644.0,431.0,80.0,0.0
2022-07-07,11840.0,404.0,257.93,0.0
2022-07-08,8863.0,451.0,48.39,0.0
2022-07-09,11716.0,260.0,0.0,0.0
2022-07-11,10415.0,571.0,0.0,0.0
2022-07-12,14218.0,325.0,0.0,0.0
2022-07-13,11238.0,493.0,160.259,50.0
2022-07-14,15539.0,292.0,0.0,100.0
2022-07-15,13552.0,435.0,0.0,100.0
2022-07-16,15591.0,390.0,83.843,0.0
2022-07-18,18141.0,446.0,27.285,100.0
2022-07-19,16001.0,423.0,49.912,121.26
2022-07-20,18227.0,405.0,166.875,100.55
2022-07-21,15963.0,465.0,145.102,100.3
2022-07-22,20930.0,237.0,0.0,100.2
2022-07-23,25015.0,243.0,0.0,0.0
2022-07-25,16617.0,494.0,0.0,100.0
2022-07-26,19868.0,435.0,8.245,100.0
2022-07-27,15155.0,436.0,21.819,100.9
2022-07-28,15696.0,346.0,0.0,100.95
2022-07-29,14328.0,444.0,18.343,120.1
2022-07-30,12399.0,407.0,68.314,0.0
2022-08-01,15696.0,464.0,0.0,150.0
2022-08-02,15447.0,460.0,0.0,100.0
2022-08-03,12257.0,469.0,0.0,58.0
2022-08-04,13953.0,414.0,0.0,101.0
2022-08-05,14913.0,501.0,26.692,0.0
2022-08-08,11763.0,737.0,25.925,92.5
2022-08-09,11259.0,604.0,0.0,80.0
2022-08-10,16181.0,280.0,0.0,198.5
2022-08-11,15444.0,524.0,0.0,125.95
2022-08-12,11386.0,469.0,0.0,0.0
2022-08-13,13838.0,467.0,29.224,0.0
2022-08-15,11961.0,717.0,0.0,0.0
2022-08-16,12558.0,580.0,0.0,0.0
2022-08-17,13892.0,462.0,18.7,0.0
2022-08-18,11656.0,657.0,14.152,0.0
2022-08-19,14426.0,504.0,26.435,0.0
2022-08-20,15467.0,430.0,6.375,0.0
2022-08-22,13248.0,718.0,45.517,0.0
2022-08-23,16832.0,539.0,31.2,140.0
2022-08-24,14280.0,680.0,0.0,96.8
2022-08-25,14303.0,722.0,0.0,90.4
2022-08-26,16428.0,667.0,0.0,89.5
2022-08-27,15701.0,661.0,72.239,0.0
2022-08-29,21083.0,689.0,20.952,176.5
2022-08-30,17402.0,962.0,0.0,180.8
2022-08-31,19184.0,597.0,0.0,245.789
2022-09-01,21728.0,621.0,0.0,245.5
2022-09-02,21070.0,1065.0,0.0,137.4
2022-09-03,21018.0,912.0,0.0,0.0
2022-09-05,22853.0,897.0,0.0,182.5
2022-09-06,23337.0,803.0,0.0,412.638
2022-09-07,20587.0,761.0,0.0,311.197
2022-09-08,22326.0,828.0,0.0,50.0
2022-09-09,15294.0,199.0,0.0,0.0
2022-09-13,27438.0,478.0,0.0,100.0
2022-09-14,26905.0,530.0,0.0,50.4
2022-09-15,24383.0,547.0,0.0,50.0
2022-09-16,26042.0,556.0,0.0,0.0
2022-09-17,27100.0,423.0,0.0,0.0
2022-09-19,29988.0,486.0,0.0,170.25
2022-09-20,30337.0,721.875,0.0,100.0
2022-09-21,26170.0,703.0,0.0,167.95
2022-09-22,25602.0,540.0,0.0,180.0
2022-09-23,23635.0,554.0,0.0,90.0
2022-09-24,21941.0,552.0,0.0,0.0
2022-09-26,22773.0,551.0,0.0,220.0
2022-09-27,19630.0,646.0,0.0,80.0
2022-09-28,19068.0,503.0,0.0,120.04
2022-09-29,18705.0,535.0,0.0,40.0
2022-09-30,17335.0,839.793,0.0,80.0
2023-07-01,7671.0,263.0,0.0,0.0
2023-07-03,5392.0,519.0,395.92,39.76
2023-07-04,4769.0,431.0,292.79,59.7
2023-07-05,5934.0,388.0,10.94,0.0
2023-07-06,10165.0,230.0,0.0,0.0
2023-07-07,4403.0,493.0,361.57,0.0
2023-07-08,3233.0,353.0,147.13,0.0
2023-07-10,8496.0,365.0,0.0,39.92
2023-07-11,6291.0,402.0,0.0,26.46
2023-07-12,5201.0,451.0,0.0,17.64
2023-07-13,8213.0,254.0,0.0,26.46
2023-07-14,7078.0,254.0,0.0,35.36
2023-07-15,14811.0,133.0,0.0,0.0
2023-07-17,4326.0,636.0,0.0,0.0
2023-07-18,5099.0,428.0,0.0,0.0
2023-07-19,12456.0,245.0,0.0,0.0
2023-07-20,6202.0,390.0,0.0,17.64
2023-07-21,7095.0,491.0,0.0,8.82
2023-07-22,8239.0,329.0,0.0,0.0
2023-07-24,11711.0,375.0,0.0,0.0
2023-07-25,6471.0,417.0,0.0,0.0
2023-07-26,7311.0,420.0,0.0,0.0
2023-07-27,9667.0,310.0,0.0,0.0
2023-07-28,13992.0,243.0,0.0,0.0
2023-07-29,12175.0,239.0,0.0,0.0
2023-07-31,14246.0,374.0,0.0,44.1
2023-08-01,16695.0,296.0,0.0,52.92
2023-08-02,16504.0,272.0,0.0,114.66
2023-08-03,14797.0,420.0,0.0,172.29
2023-08-04,18615.0,368.0,0.0,0.0
2023-08-07,14354.0,576.0,0.0,255.78
2023-08-08,11678.0,565.0,0.0,191.76
2023-08-09,17640.0,353.0,0.0,202.86
2023-08-10,20633.0,400.0,0.0,282.24
2023-08-11,9878.0,396.0,0.0,308.7
2023-08-12,7559.0,544.0,0.0,0.0
2023-08-14,11586.0,526.0,0.0,220.5
2023-08-15,11186.0,478.0,0.0,238.14
2023-08-16,8851.0,525.0,0.0,202.86
2023-08-17,10283.0,491.0,0.0,176.4
2023-08-18,15234.0,389.0,0.0,149.94
2023-08-19,16731.0,349.0,0.0,0.0
2023-08-21,15189.0,554.0,0.0,167.58
2023-08-22,12647.0,552.0,0.0,176.4
2023-08-23,12984.0,537.0,0.0,167.58
2023-08-24,13714.0,472.0,0.0,153.72
2023-08-25,16660.0,297.0,0.0,147.42
2023-08-26,16343.0,366.0,0.0,0.0
2023-08-28,10405.0,733.0,0.0,44.1
2023-08-29,10229.0,450.0,0.0,0.0
2023-08-30,8953.0,488.0,0.0,0.0
2023-08-31,9083.0,410.0,0.0,0.0
2023-09-01,9967.0,488.0,0.0,0.0
2023-09-02,10492.0,551.0,0.0,0.0
2023-09-04,12580.0,573.0,0.0,0.0
2023-09-05,11150.0,536.0,0.0,0.0
2023-09-06,11613.0,643.0,30.0,0.0
2023-09-07,11540.0,644.0,30.0,0.0
2023-09-08,10114.0,684.0,30.0,0.0
2023-09-09,13722.0,501.0,30.0,0.0
2023-09-11,15174.0,614.0,10.0,0.0
2023-09-12,12827.0,662.0,60.0,0.0
2023-09-13,11576.0,730.0,80.26,0.0
2023-09-14,13372.0,602.0,0.0,0.0
2023-09-15,16326.0,481.0,0.0,0.0
2023-09-16,16966.0,465.0,0.0,0.0
2023-09-18,11759.0,912.0,0.0,0.0
2023-09-19,12318.0,934.0,0.0,0.0
2023-09-20,13589.0,927.0,39.46,0.0
2023-09-21,12556.0,655.0,0.0,0.0
2023-09-22,15747.0,594.0,0.0,0.0
2023-09-23,12755.0,945.0,70.0,0.0
2023-09-25,13016.0,1070.0,69.65,0.0
2023-09-26,14855.0,940.0,129.41,0.0
2023-09-27,15696.0,662.0,0.0,0.0
2023-09-28,14715.0,118.0,0.0,0.0
2024-07-01,10058.0,393.0,0.0,0.0
2024-07-02,9470.0,464.0,0.0,29.82
2024-07-03,8037.0,571.0,0.0,49.7
2024-07-04,9949.0,347.0,149.91,50.14
2024-07-05,7492.0,645.0,239.85,69.58
2024-07-06,8669.0,375.0,349.28,0.0
2024-07-08,8557.0,452.0,30.0,99.4
2024-07-09,10221.0,311.0,0.0,129.14
2024-07-10,8578.0,501.0,0.0,129.14
2024-07-11,12150.0,288.0,0.0,148.86
2024-07-12,10642.0,441.0,97.04,97.27
2024-07-13,9751.0,428.0,0.0,0.0
2024-07-15,9394.0,519.0,0.0,129.22
2024-07-16,8330.0,547.0,9.5,129.22
2024-07-17,11181.0,361.0,0.0,159.04
2024-07-18,10717.0,339.0,0.0,193.66
2024-07-19,13641.0,326.0,0.0,173.28
2024-07-20,12380.0,365.0,0.0,0.0
2024-07-22,11984.0,509.0,0.0,144.84
2024-07-23,11757.0,499.0,0.0,125.26
2024-07-24,12700.0,358.0,0.0,180.33
2024-07-25,9658.0,571.0,0.0,176.68
2024-07-26,10032.0,492.0,0.0,148.52
2024-07-27,13421.0,318.0,0.0,0.0
2024-07-29,11911.0,506.0,0.0,175.14
2024-07-30,10864.0,579.0,0.0,169.4
2024-07-31,11547.0,425.0,0.0,129.22
2024-08-01,12791.0,406.0,0.0,163.66
2024-08-02,14172.0,433.0,0.0,0.0
2024-08-05,12988.0,536.0,0.0,145.78
2024-08-06,12430.0,487.0,0.0,128.1
2024-08-07,16855.0,375.0,0.0,162.54
2024-08-08,17435.0,381.0,0.0,215.02
2024-08-09,17708.0,447.0,0.0,214.18
2024-08-10,17825.0,425.0,0.0,0.0
2024-08-12,16866.0,553.0,0.0,245.12
2024-08-13,16265.0,483.0,0.0,245.14
2024-08-14,19262.0,370.0,0.0,245.14
2024-08-15,17259.0,435.0,0.0,244.02
2024-08-16,18359.0,367.0,0.0,234.08
2024-08-17,18176.0,359.0,0.0,0.0
2024-08-19,15890.0,571.0,0.0,242.9
2024-08-20,15875.0,465.0,0.0,242.9
2024-08-21,16156.0,462.0,0.0,211.49
2024-08-22,17161.0,412.0,0.0,216.63
2024-08-23,18371.0,511.0,0.0,173.32
2024-08-24,19505.0,451.0,0.0,0.0
2024-08-26,17616.0,782.0,0.0,142.8
2024-08-27,15783.0,664.0,0.0,117.94
2024-08-28,19714.0,508.0,0.0,120.52
2024-08-29,18212.0,572.0,0.0,126.28
2024-08-30,20115.0,448.0,0.0,95.83
2024-08-31,21388.0,438.0,0.0,0.0
2024-09-02,20901.0,641.0,0.0,87.22
2024-09-03,20771.0,714.0,0.0,52.44
2024-09-04,25007.0,636.0,0.0,25.16
2024-09-05,25733.0,679.0,0.0,21.14
2024-09-06,22691.0,759.0,0.0,0.0
2024-09-07,20785.0,644.0,0.0,0.0
2024-09-09,20724.0,943.0,0.0,0.0
2024-09-10,21359.0,1442.03253,0.0,0.0
2024-09-11,23295.0,847.0,0.0,0.0
2024-09-12,24291.0,783.0,0.0,0.0
2024-09-13,26069.0,488.0,0.0,0.0
2024-09-14,41483.0,422.0,0.0,0.0
2024-09-16,29964.0,163.0,0.0,0.0
2024-09-20,26568.0,787.0,0.0,0.0
2024-09-21,28933.0,448.0,0.0,0.0
2024-09-23,35686.0,464.0,0.0,0.0
2024-09-24,25141.0,531.0,0.0,0.0
2024-09-25,24551.0,537.0,0.0,0.0
2024-09-26,19921.0,653.0,0.0,0.0
2024-09-27,21139.0,625.0,0.0,0.0
2024-09-28,19198.0,474.0,0.0,0.0
2024-09-30,23019.0,851.68732,0.0,0.0
2025-07-01,5410.0,545.0,306.89,0.0
2025-07-02,7076.0,335.0,104.0,0.0
2025-07-03,4749.0,541.0,312.5,9.94
2025-07-04,6850.0,373.0,333.98,0.0
2025-07-05,10022.0,219.0,262.21,0.0
2025-07-07,8503.0,447.0,116.6,9.94
2025-07-08,7736.2,562.0,10.0,9.94
2025-07-09,7984.0,324.0,0.0,29.62
2025-07-10,9130.8,328.0,50.0,29.82
2025-07-11,12396.0,292.0,71.25,80.69
2025-07-12,13291.0,337.0,0.0,0.0
2025-07-14,11967.0,558.0,0.0,91.17
2025-07-15,13021.0,405.0,0.0,130.64
2025-07-16,12046.0,448.0,0.0,128.12
2025-07-17,12939.0,461.0,0.0,150.52
2025-07-18,12610.0,394.0,0.0,132.3
2025-07-19,13394.0,387.0,0.0,0.0
2025-07-21,11319.0,537.0,0.0,218.68
2025-07-22,7801.0,695.0,0.0,151.31
2025-07-23,9099.0,564.0,0.0,161.26
2025-07-24,11502.8,585.0,0.0,129.22
2025-07-25,7944.0,454.0,0.0,109.21
2025-07-26,10566.0,396.0,0.0,0.0
2025-07-28,12236.0,443.0,0.0,89.46
2025-07-29,13021.0,421.0,0.0,49.7
2025-07-30,7989.0,352.0,0.0,137.22
2025-07-31,14881.0,604.0,0.0,142.66
2025-08-01,17461.0,451.0,0.0,0.0
2025-08-04,19074.0,484.0,0.0,125.664
2025-08-05,17471.0,375.0,0.0,192.584
2025-08-06,10448.0,470.0,0.0,212.464
2025-08-07,14970.4,459.0,0.0,212.464
2025-08-08,14594.8,482.0,0.0,187.672
2025-08-09,15849.0,405.0,0.0,0.0
2025-08-11,13611.6,568.0,0.0,189.924
2025-08-12,11321.0,627.0,0.0,142.884
2025-08-13,9697.0,502.0,0.0,132.72
2025-08-14,13178.0,377.0,0.0,151.06
2025-08-15,14732.0,398.0,0.0,142.61
2025-08-16,9449.0,352.0,0.0,0.0
2025-08-18,9449.0,588.0,0.0,134.26
2025-08-19,11728.0,543.0,0.0,115.92
2025-08-20,11660.0,443.0,0.0,98.28
2025-08-21,13349.0,475.0,0.0,101.36
2025-08-22,13234.0,417.0,0.0,131.6
2025-08-23,12676.0,428.0,0.0,0.0
2025-08-25,10222.0,488.0,0.0,126.98
2025-08-26,9700.0,505.0,0.0,131.6
2025-08-27,13376.0,392.0,0.0,105.98
2025-08-28,18735.0,307.0,0.0,148.4
2025-08-29,10989.0,509.0,0.0,143.31
2025-08-30,13435.0,478.0,0.0,0.0
2025-09-01,15589.0,493.0,0.0,154.13
2025-09-02,15359.0,500.0,0.0,154.116
2025-09-03,21181.0,351.0,0.0,169.176
2025-09-04,16068.4,491.0,0.0,154.874
2025-09-05,12500.0,625.0,0.0,163.3
2025-09-06,14081.6,506.0,0.0,0.0
2025-09-08,14705.0,537.0,48.0,182.896
2025-09-09,8833.0,788.0,16.0,210.728
2025-09-10,10522.0,1174.32483,32.0,119.216
2025-09-11,9841.0,621.0,48.0,127.36
2025-09-12,12799.0,706.0,40.0,39.76
2025-09-13,17543.0,407.0,0.0,0.0
2025-09-15,14368.0,623.0,64.0,0.0
2025-09-16,14541.0,826.0,144.0,7.888
2025-09-17,8567.0,643.0,0.0,0.0
2025-09-18,13655.6,401.0,56.0,0.0
2025-09-19,15187.0,531.0,150.496,0.0
2025-09-20,12001.0,1150.32924,40.0,0.0
2025-09-22,7424.0,667.0,159.992,0.0
2025-09-23,14711.4,561.0,153.344,0.0
2025-09-24,7828.0,768.0,128.0,23.84
2025-09-25,15317.2,743.0,8.0,39.728
2025-09-26,13189.2,731.0,80.0,39.76
2025-09-27,11619.0,1060.0,0.0,0.0
2025-09-29,7634.0,763.0,40.0,7.952
