year,month,production_1000ton
2010,1,327.0
2010,2,327.0
2010,3,327.0
2010,4,327.0
2010,5,356.0
2010,6,356.0
2010,7,137.0
2010,8,137.0
2010,9,137.0
2010,10,137.0
2010,11,1188.0
2010,12,1188.0
2011,1,398.0
2011,2,398.0
2011,3,398.0
2011,4,398.0
2011,5,573.0
2011,6,573.0
2011,7,144.0
2011,8,144.0
2011,9,144.0
2011,10,144.0
2011,11,1897.0
2011,12,1897.0
2012,1,332.0
2012,2,332.0
2012,3,332.0
2012,4,332.0
2012,5,162.0
2012,6,162.0
2012,7,203.0
2012,8,203.0
2012,9,203.0
2012,10,203.0
2012,11,1298.0
2012,12,1298.0
2013,1,339.0
2013,2,339.0
2013,3,339.0
2013,4,339.0
2013,5,212.0
2013,6,212.0
2013,7,201.0
2013,8,201.0
2013,9,201.0
2013,10,201.0
2013,11,1536.0
2013,12,1536.0
2014,1,351.0
2014,2,351.0
2014,3,351.0
2014,4,351.0
2014,5,364.0
2014,6,364.0
2014,7,183.0
2014,8,183.0
2014,9,183.0
2014,10,183.0
2014,11,1698.0
2014,12,1698.0
2015,1,293.0
2015,2,293.0
2015,3,293.0
2015,4,293.0
2015,5,287.0
2015,6,287.0
2015,7,150.0
2015,8,150.0
2015,9,150.0
2015,10,150.0
2015,11,1436.0
2015,12,1436.0
2016,1,262.0
2016,2,262.0
2016,3,262.0
2016,4,262.0
2016,5,266.0
2016,6,266.0
2016,7,141.0
2016,8,141.0
2016,9,141.0
2016,10,141.0
2016,11,1128.0
2016,12,1128.0
2017,1,258.0
2017,2,258.0
2017,3,258.0
2017,4,258.0
2017,5,429.0
2017,6,429.0
2017,7,255.0
2017,8,255.0
2017,9,255.0
2017,10,255.0
2017,11,1363.0
2017,12,1363.0
2018,1,349.0
2018,2,349.0
2018,3,349.0
2018,4,349.0
2018,5,351.0
2018,6,351.0
2018,7,278.0
2018,8,278.0
2018,9,278.0
2018,10,278.0
2018,11,1404.0
2018,12,1404.0
2019,1,359.0
2019,2,359.0
2019,3,359.0
2019,4,359.0
2019,5,339.0
2019,6,339.0
2019,7,234.0
2019,8,234.0
2019,9,234.0
2019,10,234.0
2019,11,1060.0
2019,12,1060.0
2020,1,227.0
2020,2,227.0
2020,3,227.0
2020,4,227.0
2020,5,401.0
2020,6,401.0
2020,7,222.0
2020,8,222.0
2020,9,222.0
2020,10,222.0
2020,11,1340.0
2020,12,1340.0
2021,1,280.0
2021,2,280.0
2021,3,280.0
2021,4,280.0
2021,5,398.0
2021,6,398.0
2021,7,245.0
2021,8,245.0
2021,9,245.0
2021,10,245.0
2021,11,1147.0
2021,12,1147.0
2022,1,227.0
2022,2,227.0
2022,3,227.0
2022,4,227.0
2022,5,338.0
2022,6,338.0
2022,7,214.0
2022,8,214.0
2022,9,214.0
2022,10,214.0
2022,11,1352.0
2022,12,1352.0
2023,1,317.0
2023,2,317.0
2023,3,317.0
2023,4,317.0
2023,5,395.0
2023,6,395.0
2023,7,221.0
2023,8,221.0
2023,9,221.0
2023,10,221.0
2023,11,1242.0
2023,12,1242.0
2024,1,240.0
2024,2,240.0
2024,3,240.0
2024,4,240.0
2024,5,431.0
2024,6,431.0
2024,7,194.0
2024,8,194.0
2024,9,194.0
2024,10,194.0
2024,11,1164.0
2024,12,1164.0
2025,1,218.0
2025,2,218.0
2025,3,218.0
2025,4,218.0
2025,5,455.0
2025,6,455.0
2025,7,210.0
2025,8,210.0
2025,9,210.0
2025,10,210.0
